tenure,monthly_charges,usage_hours,support_calls,late_payments,contract_score,engagement_score,service_count,churn
67.0,51.157152470159176,36.96242093644243,8.0,3.0,56.27,51.02497226026989,2.0,1
53.0,117.03829061629426,34.47684846159456,6.0,0.0,67.5,13.175580166442177,5.0,1
26.0,86.74597848457569,17.49966416727149,1.0,0.0,30.76,38.62524836831092,3.0,0
28.0,122.97781551296006,47.979952841979866,4.0,1.0,36.3,53.474471597031254,3.0,0
30.0,93.31032151128196,32.3324488268925,2.0,0.0,47.16,46.97057064600858,2.0,0
72.0,100.74706065921106,26.401946497868263,4.0,1.0,21.41,44.076868563071656,2.0,1
3.0,79.24018962077315,5.01045916235038,3.0,0.0,46.18,29.916365924782504,4.0,0
55.0,146.28481418569174,49.43255084210162,5.0,0.0,21.49,58.11728222786025,4.0,0
31.0,88.42543821863279,41.683106246061435,1.0,1.0,45.11,18.39390775733012,3.0,0
53.0,97.2304306686062,54.19170827864846,1.0,1.0,37.12,44.81294497182033,2.0,0
58.0,141.07080677014278,14.94178046843227,2.0,1.0,65.15,35.29463647329344,3.0,1
34.0,113.90954814093848,34.31368860713281,1.0,0.0,39.29,29.18156539071665,5.0,0
72.0,86.03047828163518,82.29465598880789,2.0,1.0,10.63,26.762653502478763,3.0,0
72.0,45.279642777106275,7.299943905901724,0.0,2.0,27.89,54.899606708499384,1.0,0
46.0,116.8941409359035,50.300516041684894,0.0,2.0,40.09,47.80827739501734,4.0,0
36.0,53.209021282210074,22.436612996229904,5.0,2.0,20.57,8.228937897171761,3.0,1
60.0,93.39617598808614,42.97417792416582,0.0,0.0,27.63,21.071701272914744,3.0,0
72.0,114.93124733005654,13.575886608928418,8.0,1.0,57.43,13.338325188421571,4.0,1
72.0,108.93327272198295,66.0898719292087,4.0,0.0,5.57,11.635608113622965,4.0,0
26.0,19.482290086900626,10.919426916082326,2.0,3.0,23.67,23.735353173478988,1.0,0
23.0,96.54265205353353,53.4475041214185,3.0,2.0,37.26,39.102706549015906,3.0,0
29.0,72.63170242184339,34.71581867854969,2.0,0.0,60.11,52.404234272379476,2.0,0
45.0,109.25233144056841,40.67273747711206,4.0,2.0,47.03,6.322165627821242,5.0,0
40.0,35.458070405282626,40.65034498806804,9.0,1.0,57.02,-8.060965434522867,4.0,1
8.0,68.3957404590097,50.460856803867514,0.0,2.0,44.55,45.34612683175592,3.0,0
1.0,28.777799174143404,34.65872563469597,2.0,3.0,84.97,17.391248334031264,2.0,0
1.0,87.515791412894,12.887813749527309,6.0,1.0,26.82,10.438335945888387,4.0,0
52.0,153.9262556644358,1.4045467830657916,10.0,2.0,0.0,71.25542328639125,5.0,1
72.0,77.51986664558363,69.14207686873303,1.0,0.0,27.82,40.311772239750084,2.0,0
72.0,68.50888140060809,72.1527447346346,1.0,2.0,20.56,38.70414312907829,2.0,0
49.0,94.67062822776428,13.237230277052651,12.0,0.0,48.62,10.287029140017172,5.0,0
66.0,116.16975394167332,20.845941560060798,6.0,3.0,46.48,12.156122155317883,5.0,1
67.0,162.77299082764853,32.974525133286456,3.0,0.0,7.39,56.850700561559705,4.0,0
26.0,54.58724083995321,12.861223643294265,1.0,1.0,44.38,22.204330609684103,2.0,0
66.0,62.28484859790967,58.403432550690624,1.0,2.0,11.45,64.72951747815091,1.0,1
39.0,99.51988172052047,38.20922941681408,4.0,1.0,37.79,-10.764869929041469,6.0,0
72.0,119.99528117436124,51.01294056511343,3.0,2.0,21.13,80.33188193894699,2.0,0
1.0,30.916945561287232,40.58973351726487,4.0,1.0,9.62,2.272890105795873,4.0,0
30.0,117.86906106706297,37.80222273133719,4.0,0.0,53.44,6.19909320595119,6.0,0
58.0,133.3708077228806,29.1319759864832,5.0,0.0,95.35,33.02993418202317,5.0,1
67.0,100.47275424623734,52.899884134455704,6.0,2.0,35.66,13.128789036468874,4.0,0
49.0,163.20157844662262,17.675637733827582,4.0,2.0,41.09,29.419617627553748,6.0,0
50.0,32.45595645156389,77.56395071556162,2.0,3.0,31.06,36.60546265158165,1.0,1
13.0,106.45837486585938,26.845384242304647,1.0,2.0,35.96,36.999565109202265,3.0,0
55.0,117.77217370264549,57.02387996904671,0.0,1.0,21.55,57.227362957069786,2.0,0
36.0,47.16191130100931,55.044691994553965,5.0,2.0,24.04,20.952107231284327,3.0,1
34.0,137.72762047563373,24.121410491235885,4.0,0.0,75.45,61.180952882237094,4.0,1
67.0,106.25447739310775,62.610541878374285,1.0,1.0,26.35,30.607720539409943,3.0,0
62.0,72.09024887968951,80.48360972843713,1.0,2.0,15.24,10.888122831799715,3.0,0
18.0,29.349612187171036,27.97667300233747,3.0,0.0,46.03,16.183446512787818,2.0,0
26.0,86.9815445935137,27.496480421770634,2.0,2.0,7.9,50.61652142757748,3.0,0
40.0,32.88049541296193,37.18726247402966,2.0,1.0,34.15,31.78250775151515,1.0,0
39.0,52.66241244899538,13.598116744799789,1.0,1.0,18.59,28.653473258377552,1.0,0
14.0,86.23776078552652,28.527735614625534,2.0,0.0,16.23,35.15887205228518,4.0,0
34.0,89.45492814617025,34.37821039609415,1.0,1.0,58.18,16.36657794237012,4.0,1
20.0,55.247790943225,9.131104684544031,2.0,2.0,61.84,34.120499650671874,2.0,0
69.0,120.7676669397153,25.289288584477248,8.0,0.0,82.72,32.781568324588775,4.0,1
68.0,87.61722876153173,56.382365453554954,0.0,0.0,26.8,59.951323554854866,2.0,0
17.0,55.27147032610786,37.931545716977084,0.0,1.0,55.69,27.86228741341019,2.0,0
72.0,130.14598019465916,26.897369107447705,9.0,1.0,100.0,45.72397176646322,4.0,1
57.0,24.05089982687324,26.416951588199183,1.0,0.0,2.87,34.73619218169506,1.0,0
11.0,40.253555670303214,45.38013856858705,2.0,1.0,31.68,5.967832280541732,3.0,0
72.0,95.18886237097814,30.727492638076978,2.0,1.0,61.4,-7.712130799139514,4.0,1
43.0,137.644609875558,26.588705152877065,3.0,1.0,40.95,12.288109047127419,5.0,0
25.0,75.76970309116014,18.444983506192244,4.0,1.0,20.38,44.69507297952304,3.0,0
63.0,82.30228847625939,50.2340947193458,4.0,2.0,38.66,1.289608515520527,4.0,0
52.0,51.802552301602155,32.362124904632246,5.0,0.0,51.72,2.0309214618163747,3.0,1
1.0,71.90478268757201,17.55029978662872,2.0,1.0,49.37,17.839985684360236,4.0,0
44.0,50.788924316682724,45.77447006878327,9.0,1.0,51.06,42.88299098266843,2.0,1
72.0,30.14690060592052,76.21696464422533,2.0,3.0,18.19,5.3126101937981005,1.0,0
51.0,72.45753797393355,25.367450193820066,7.0,0.0,55.33,24.787022067328884,3.0,1
1.0,69.19728856051874,64.72742078821454,2.0,3.0,28.05,1.9136179048828517,5.0,0
72.0,47.50957845401123,74.09570098653022,6.0,0.0,24.41,29.249196978833815,2.0,0
72.0,62.227148989352585,57.375330933810986,5.0,1.0,40.09,23.84347943893652,2.0,1
64.0,58.96007262291275,48.24911993217785,7.0,2.0,49.58,71.72909504864039,1.0,1
14.0,31.495205238379587,50.801242436443516,1.0,2.0,54.58,23.10058941020685,2.0,0
72.0,104.09006062857321,58.13730602443203,5.0,2.0,5.78,25.903480800555528,4.0,0
64.0,82.98073795299003,49.61343629655495,0.0,1.0,32.23,23.421532112223368,3.0,0
50.0,70.84819056837495,21.077227584763094,0.0,1.0,48.84,17.352188947787873,2.0,1
57.0,134.0533423744948,15.895160774405317,7.0,0.0,53.78,23.191382836714215,6.0,1
54.0,126.44043579273114,39.29180184265078,6.0,0.0,80.71,30.779008748134697,5.0,1
1.0,34.77852697664891,46.330935861635865,5.0,1.0,53.76,9.42172447813919,4.0,0
1.0,69.70285682172187,43.04259536126646,4.0,2.0,32.69,20.548599396777007,4.0,0
14.0,33.655423126724145,30.244553536681867,2.0,1.0,50.76,13.386023634133707,2.0,0
62.0,131.29939117354968,5.405587110207283,7.0,1.0,24.88,67.19976038274231,3.0,1
72.0,69.5022079307978,35.25918577775039,8.0,1.0,100.0,16.81513636905851,4.0,1
11.0,53.78480068216753,25.988108486505418,2.0,2.0,52.13,32.39837299934338,3.0,0
71.0,51.939343620020686,52.6487928617923,5.0,1.0,50.31,20.012166998262387,2.0,1
45.0,144.69921279842427,17.923077475782254,10.0,2.0,42.38,29.95929390440667,6.0,1
30.0,22.006477655734543,0.0,5.0,1.0,23.86,28.34793669028564,1.0,0
1.0,118.39001665406302,47.42511161421152,0.0,2.0,31.82,40.975791772398544,5.0,0
18.0,85.97904065753886,0.0,3.0,1.0,0.0,14.772090396269277,4.0,0
22.0,62.76375980506603,9.93411556784476,2.0,1.0,24.36,45.34822460117579,2.0,0
63.0,139.40386682811246,24.55458909967454,7.0,0.0,83.11,21.556388202429336,5.0,1
2.0,32.18959170809557,25.693151984994255,5.0,1.0,25.2,16.777067111293775,4.0,0
55.0,152.22229921174736,22.179983733273975,8.0,2.0,77.99,53.85199446405686,5.0,1
55.0,82.53201600427198,13.089623733267254,3.0,3.0,24.36,61.63546009905904,1.0,0
49.0,67.89864899059569,47.380569764727476,4.0,0.0,32.92,20.74269219472358,3.0,1
51.0,113.05713183838368,18.428149287265228,0.0,1.0,35.07,27.21014433169087,4.0,1
32.0,58.892569922499234,13.891779101889673,4.0,1.0,3.85,49.54376848183536,2.0,0
54.0,84.2512676337406,26.366480128875995,0.0,1.0,16.5,66.84120246552538,1.0,0
66.0,60.637902867151155,58.84103663723382,0.0,2.0,11.45,51.951900696655585,1.0,1
52.0,62.231165929707075,58.14277947908709,4.0,2.0,19.53,43.15473281616946,2.0,1
6.0,160.3052656749575,10.598166212904378,4.0,1.0,57.57,40.254953464136406,6.0,0
72.0,48.7468857958066,73.73782537058192,3.0,2.0,26.05,0.8751966535891196,2.0,0
48.0,62.98233545898588,39.429090916357794,7.0,1.0,45.72,42.59204576077913,3.0,1
54.0,80.76862190861306,30.935812147912515,4.0,0.0,23.53,38.757745479152554,3.0,1
68.0,79.91662888633778,61.227034223846296,1.0,1.0,26.72,-12.20987198833364,3.0,0
30.0,51.311672376095096,25.266648625663134,1.0,1.0,12.55,20.60558344362766,2.0,0
1.0,47.41427270535738,25.446287115950156,4.0,2.0,37.87,-7.557039865721581,4.0,0
19.0,69.24615878195527,3.284293678441916,0.0,1.0,79.33,43.91872995346395,2.0,0
72.0,160.05254603582574,47.27920068458366,5.0,0.0,14.75,30.503598363484215,6.0,0
72.0,141.1790152983779,52.228585604723435,7.0,1.0,12.35,71.99137801468946,4.0,0
6.0,48.79564405660218,17.658925205139766,2.0,1.0,94.08,33.050008506373985,2.0,0
71.0,79.04595513967914,50.61075800851153,0.0,2.0,29.4,21.19618117481867,2.0,0
58.0,39.03783414820145,73.03859039875205,4.0,1.0,33.2,22.72041524025262,2.0,1
49.0,163.25581826264823,23.544083440488915,2.0,1.0,38.15,69.42498898214508,4.0,0
42.0,29.442206311725496,52.71469572357349,4.0,3.0,33.7,-9.676706503089203,3.0,1
13.0,85.90291774335648,65.41859555642483,4.0,2.0,0.0,87.14516899669839,2.0,1
1.0,68.1227333006212,54.70383963059515,3.0,2.0,28.14,12.711662601186259,5.0,0
39.0,111.3394092494364,14.007434197768363,1.0,0.0,7.97,48.88965803930383,2.0,0
58.0,179.25211809684504,4.335927166147485,3.0,1.0,56.32,59.756746647868795,5.0,1
11.0,30.815264986861294,31.19088216574312,3.0,0.0,58.8,9.043684873932257,2.0,0
67.0,62.634849626749826,49.691166690639925,1.0,2.0,9.67,59.80318789426754,1.0,1
49.0,107.15572516589452,4.655618662623418,6.0,2.0,30.17,46.25033032672044,4.0,1
65.0,55.79828279793915,40.45397116677568,9.0,1.0,54.82,-12.499070838448747,4.0,1
14.0,40.804148200996366,13.777640642431805,4.0,0.0,14.23,0.6816737877103947,3.0,0
19.0,49.47347351292577,18.61199717235503,3.0,1.0,12.64,17.17971794916572,3.0,0
72.0,42.44128562353201,76.55085087766956,4.0,0.0,7.4,25.111424475583604,2.0,0
28.0,125.61776720735409,35.71347284644208,3.0,2.0,42.19,49.19589521045154,4.0,0
1.0,22.885541624200656,36.420774854129064,4.0,1.0,37.86,13.093465514141325,3.0,0
60.0,154.21223071042394,33.07048765122493,0.0,0.0,17.18,55.03598757153058,4.0,0
40.0,149.02038473989447,6.515668776125276,4.0,2.0,61.6,91.27756362584076,4.0,1
31.0,85.47375271962984,36.430080877341524,3.0,1.0,11.81,34.04069954510221,4.0,1
62.0,70.3867289121698,73.8815655211455,1.0,1.0,24.55,32.37806527337017,2.0,0
28.0,71.81979748354979,25.42772304706977,3.0,1.0,7.2,33.22957431086947,3.0,0
15.0,116.19328628517593,26.178367422988785,1.0,2.0,14.1,35.26564593162878,4.0,0
4.0,67.65003610496306,25.10422475748975,4.0,0.0,34.29,20.048251382228834,4.0,0
54.0,112.45254663042618,48.54279291359434,2.0,3.0,24.76,-5.791002021830483,5.0,0
40.0,65.57969614086484,66.4790378782699,0.0,2.0,37.95,30.001052685157852,2.0,0
1.0,36.7730523830696,4.508548528278007,4.0,1.0,21.47,-4.152386399269021,4.0,0
33.0,145.35261050179201,24.637416952262054,3.0,1.0,46.64,23.258678198558133,6.0,0
70.0,96.98868509664094,30.894615156735163,3.0,2.0,0.0,33.89372360357738,3.0,1
45.0,46.44315703884485,49.34316946520629,8.0,0.0,54.88,3.362920743903093,4.0,1
24.0,66.44476246729401,25.66377256772663,6.0,1.0,56.07,-11.398095902766718,5.0,1
65.0,138.63776139872184,60.16685306902949,4.0,0.0,16.06,69.82980993352348,4.0,0
16.0,88.52717195246876,11.672907117878712,1.0,1.0,46.7,33.95691745277513,3.0,0
64.0,72.13531913871935,54.29460286661513,3.0,2.0,25.55,18.144724893235086,3.0,1
72.0,93.82122702285241,27.847264006243943,2.0,1.0,61.4,-8.502027557714856,4.0,1
39.0,83.1486571048805,43.19202868379473,2.0,0.0,46.13,0.8913096433277001,4.0,0
45.0,98.22738139779132,28.623252122764228,5.0,1.0,45.1,12.104888894357742,5.0,1
67.0,150.847793945068,39.625735601665426,3.0,2.0,10.26,26.208771055981757,6.0,0
24.0,88.44448486832789,19.840103770259393,7.0,2.0,21.84,27.42987269394032,4.0,1
55.0,53.113145953398714,47.26442728510765,5.0,2.0,44.38,35.75480568247825,2.0,1
5.0,43.02429554259082,31.685509390638252,2.0,0.0,33.49,22.73015745780891,3.0,0
38.0,96.27778545687691,0.4305771987368506,7.0,0.0,30.77,48.259961751150094,4.0,1
40.0,123.3752947029901,15.627065736283889,8.0,0.0,0.0,86.76704569496115,4.0,1
26.0,35.18860230479585,63.02311071284167,5.0,0.0,77.98,-14.54820860303453,4.0,1
6.0,127.91011890482287,35.36308356348701,4.0,2.0,34.03,40.5573581687216,5.0,0
28.0,130.8185166136385,42.418155148770694,1.0,1.0,36.3,53.93138599205531,3.0,0
36.0,94.7358302546528,42.77618828191389,7.0,1.0,0.0,47.53745842422141,4.0,1
56.0,96.2078645053864,39.006409780988264,1.0,2.0,50.75,20.128386283161532,3.0,0
30.0,146.1917035192854,17.276160454610793,0.0,3.0,30.78,59.333011490610545,3.0,0
72.0,83.67030983852823,49.59484423818145,3.0,0.0,18.76,33.125828013648686,3.0,0
51.0,158.71832782468113,24.109758529828206,9.0,1.0,77.03,27.559474045056795,6.0,1
51.0,70.70004748889669,21.822566107440775,7.0,0.0,55.33,22.836454393919425,3.0,1
1.0,25.043595261306166,11.990909421646814,10.0,1.0,14.35,-3.1229352146881872,4.0,0
7.0,55.51653085331971,22.542794063256622,2.0,2.0,77.89,40.17558224506767,2.0,0
43.0,136.1085633680616,38.240499958552775,0.0,2.0,34.65,52.245778981780475,3.0,0
62.0,107.30859077923668,70.79828424508636,4.0,2.0,31.18,17.610907455430326,4.0,0
16.0,85.11739750694176,19.24377898666092,1.0,0.0,32.73,47.300895524812056,3.0,0
59.0,108.49086656355654,60.08448640902832,8.0,1.0,32.56,3.7312148863114647,5.0,0
67.0,81.15106164111988,78.31244129061832,4.0,2.0,22.36,-2.2307943678057747,4.0,0
58.0,67.22426447289698,54.83392704218183,0.0,2.0,46.8,-12.318656569095614,4.0,0
20.0,121.75867701185089,23.423429607275118,1.0,1.0,57.94,17.13546892938072,5.0,0
45.0,75.59947828690586,30.491718039039668,4.0,0.0,1.62,59.06637536977538,2.0,1
72.0,68.67250088156533,46.64697145288488,8.0,0.0,32.42,28.3637623866697,2.0,1
19.0,68.97725568624861,44.030264858853805,2.0,2.0,40.74,26.154401829849306,3.0,0
72.0,109.97819045086243,30.657200593777034,6.0,0.0,80.63,8.803487730900393,5.0,1
72.0,113.95398717405412,51.18095297269932,5.0,1.0,21.73,25.41700221048945,4.0,0
32.0,81.3260705678935,31.934330698583114,0.0,0.0,64.85,50.051842348480605,2.0,0
14.0,58.47122405795386,38.231431110283154,2.0,1.0,32.71,32.98048787612433,3.0,0
60.0,142.9471266523443,33.65665065012605,4.0,0.0,30.17,30.382650624398217,5.0,0
51.0,98.15253753605589,21.04926149578534,1.0,1.0,26.12,68.37862518001319,1.0,0
72.0,98.66033096422382,29.009590092263497,4.0,0.0,25.1,33.30830359190014,3.0,1
1.0,59.894147888265046,16.817375687799725,2.0,1.0,34.36,6.528875021690913,4.0,0
4.0,81.16497498441181,6.675981440699718,3.0,2.0,41.72,22.63976039556484,3.0,0
43.0,105.94946421463084,55.77625394552012,2.0,1.0,26.27,-0.08250841264372788,4.0,0
53.0,108.61940861510644,45.76605342607369,1.0,0.0,26.75,-2.6453295407026225,4.0,0
72.0,97.24633396194581,64.52732982092147,3.0,1.0,9.24,22.04799679044237,3.0,0
18.0,178.06892948298668,24.509178698220726,1.0,1.0,49.02,47.07043216523496,6.0,0
14.0,23.336693336970907,33.35860154257365,2.0,1.0,50.76,4.096939345937688,2.0,0
40.0,104.74262353003456,55.78919284534894,0.0,0.0,50.57,34.532832246242755,3.0,0
26.0,68.06122076368389,7.054921730870848,0.0,2.0,36.41,25.753030904786673,2.0,0
71.0,109.10715445173255,48.49345040695519,3.0,0.0,26.16,29.794270352802386,3.0,0
7.0,50.78092049178905,14.859971598165039,3.0,0.0,30.89,9.367848123332545,3.0,0
1.0,91.62380317983788,4.926011049735514,2.0,3.0,62.64,25.298017059254885,4.0,0
62.0,68.48814453693348,56.07325411792685,0.0,1.0,24.55,32.942114511169365,2.0,0
62.0,72.01909435741527,7.031272992853158,1.0,0.0,15.73,70.06280274895029,1.0,0
1.0,12.895727998514413,12.59893317855121,5.0,0.0,89.17,7.272706752747078,2.0,0
1.0,38.65629010167234,32.34095115414381,3.0,3.0,84.97,17.924172232111843,2.0,0
61.0,34.78692163734446,72.67069661991466,0.0,0.0,58.16,42.22860599225535,1.0,1
28.0,61.82661340761076,0.0,2.0,3.0,52.12,51.558455123235944,2.0,0
24.0,148.50629799545737,16.495005407408648,4.0,0.0,54.83,45.15809314495185,4.0,0
29.0,156.13011844534503,20.78245741276157,0.0,0.0,48.17,31.408408003396726,6.0,0
1.0,56.76664333934657,21.884185340621954,6.0,2.0,11.71,6.9563114531229235,5.0,0
62.0,133.94561519748044,47.52747403344231,5.0,2.0,100.0,32.7810839489606,5.0,1
20.0,91.15826066531133,52.41601229715198,0.0,1.0,46.35,46.78024450932655,3.0,0
50.0,64.05463760594515,70.2630539401328,4.0,1.0,53.52,3.570369573495796,3.0,0
29.0,107.07784331329438,44.49500909517755,0.0,1.0,55.23,28.187056652779134,4.0,0
45.0,96.55219902821183,46.704630390439135,1.0,1.0,34.4,41.76652875606024,3.0,0
42.0,113.1437070658824,46.56629766277779,2.0,1.0,34.57,57.82102141131923,3.0,0
32.0,50.7692218842774,39.40442114148813,0.0,1.0,23.52,32.88372703732816,2.0,0
24.0,33.72522721558109,70.97877861828465,5.0,1.0,57.75,8.865290953200292,2.0,1
1.0,34.962690537872206,45.462589934219984,3.0,1.0,67.38,-5.0534949740112785,5.0,0
72.0,28.92468241685107,83.73895421996247,0.0,1.0,64.64,-3.4425046290433414,1.0,1
11.0,45.7149289526655,11.766191197116664,1.0,1.0,34.12,21.416591874205302,3.0,0
53.0,122.29602142273396,40.12105544450198,3.0,1.0,0.0,45.62121442158411,3.0,1
72.0,109.16025221749642,14.656395255568137,2.0,1.0,56.85,-5.498742233561719,4.0,1
20.0,70.56946344824404,13.646742311729868,2.0,1.0,11.41,37.691221680468686,3.0,0
65.0,106.51033136345256,42.4507457698021,2.0,3.0,100.0,12.353533259500153,4.0,1
43.0,97.82307395600255,15.759708200132453,1.0,0.0,64.31,41.62510804596496,3.0,1
62.0,81.16865596985757,56.25877444888969,3.0,0.0,99.62,5.7058220662910895,4.0,1
70.0,49.750068765193106,45.38941236202196,5.0,1.0,63.27,19.493603873827936,2.0,1
25.0,133.9519200095361,33.18570954758477,0.0,1.0,38.84,5.82853573069017,5.0,0
21.0,68.62228105953866,26.150886571160402,2.0,2.0,20.81,28.962967277688136,3.0,0
32.0,49.23732713158937,56.86830009757085,2.0,1.0,20.32,48.32318621649016,2.0,1
53.0,167.10072328322207,22.57787069752287,5.0,2.0,27.45,38.92382015389196,6.0,0
72.0,105.40308169249371,57.95381978462453,2.0,2.0,20.32,61.82207643214781,2.0,0
72.0,106.62419940226906,43.221055032042756,2.0,0.0,17.87,30.475055091764467,3.0,0
9.0,82.32574586406551,20.441512209749785,1.0,0.0,74.29,30.080125847553198,2.0,0
59.0,63.81753596397871,46.56539439109048,6.0,1.0,48.05,12.426591340215086,3.0,1
46.0,110.54526482171379,37.080638228166656,0.0,1.0,39.66,25.24399350576624,4.0,0
29.0,132.57940060384402,20.770391864492257,6.0,1.0,49.92,48.333793852244646,5.0,1
34.0,152.64856251684722,19.438608531765443,4.0,2.0,58.21,-1.3319646329272743,7.0,0
42.0,79.73020577894127,51.44751569067743,0.0,2.0,38.37,31.760723122058717,3.0,0
19.0,124.11109072576446,28.474978530901094,1.0,1.0,50.58,0.01782788575257399,6.0,0
72.0,23.00445674096076,6.246322819131971,1.0,2.0,27.89,60.07880527301181,1.0,0
25.0,93.05305383048044,0.0,0.0,1.0,18.43,35.98090394037666,3.0,0
23.0,55.04928636061928,22.68881030425596,4.0,2.0,0.0,20.8710777380979,3.0,0
14.0,53.569235927742284,5.92628210366526,0.0,2.0,73.48,39.79960911436206,2.0,0
42.0,140.8454288024459,36.760319539913375,1.0,0.0,97.01,62.8002480156358,4.0,1
72.0,133.71274745635026,17.364746597752667,9.0,2.0,75.83,29.543048330030555,5.0,1
72.0,96.44177761734719,42.3191597873658,6.0,0.0,14.18,53.579889425119234,2.0,1
30.0,51.83529722793714,34.28870367054612,1.0,1.0,12.55,17.785328512027927,2.0,0
56.0,82.94810965967378,9.356587470186453,7.0,3.0,46.69,7.817016323411313,4.0,1
29.0,68.8123428289149,18.843553098009423,2.0,1.0,0.0,30.28807826056557,3.0,0
59.0,61.22443438872341,29.7482133062602,4.0,0.0,71.76,12.834521919561285,3.0,1
42.0,177.29604791381578,22.778521142676144,4.0,1.0,19.54,59.78507782555977,5.0,0
72.0,61.1859234715144,52.76000055081737,5.0,0.0,38.19,12.473120082484913,3.0,1
72.0,58.18060366727086,62.7962000547223,2.0,0.0,41.28,38.1239269076269,1.0,1
1.0,47.73488472004047,39.611932564863196,5.0,1.0,19.27,11.125213267464348,5.0,0
62.0,47.101513535336366,29.00347693311226,2.0,1.0,26.49,58.582638328143275,1.0,0
64.0,128.6681136537358,17.74231947308756,5.0,0.0,59.53,24.534744753061872,4.0,1
72.0,68.35338963907631,38.751340187585,4.0,3.0,66.97,16.733876626592544,2.0,1
45.0,74.88032377804703,41.84165574001238,1.0,1.0,60.33,33.95896169402535,2.0,0
40.0,69.44563448177968,23.70383349456072,1.0,2.0,20.71,51.5038664611163,2.0,0
13.0,61.62300957661742,48.537313888195875,1.0,1.0,51.04,40.63083465376568,3.0,0
3.0,52.11089175107223,47.67781250097094,2.0,2.0,40.34,22.61575970764929,3.0,0
49.0,94.16758510100189,47.99485248491962,1.0,2.0,41.17,18.92701183956124,3.0,0
62.0,97.66512447234877,17.135437509762394,2.0,2.0,54.95,22.281403113074845,4.0,1
20.0,102.52930826370375,14.810520182515026,6.0,2.0,25.27,42.98205194506167,4.0,1
53.0,129.92498150086047,0.03335465158003713,4.0,1.0,40.82,40.178512453718405,4.0,1
57.0,81.49501075434435,5.9670603111737694,0.0,0.0,12.72,51.58913020107942,1.0,0
16.0,96.49140749376654,12.554226609939974,0.0,2.0,12.43,32.35808345800292,3.0,0
65.0,56.44779393764432,39.73213690423409,8.0,1.0,54.82,-8.386871248272206,4.0,1
38.0,118.41323251174997,43.36241976590393,1.0,1.0,39.0,11.891016376133638,5.0,0
47.0,100.08192563631505,20.640554098058026,7.0,1.0,49.33,15.974602711845698,4.0,1
32.0,94.75767393695543,32.15627242679362,9.0,0.0,14.09,19.58529819040804,5.0,1
40.0,80.7190851150835,41.916104185595536,3.0,1.0,58.47,23.5478828716178,3.0,0
1.0,37.83658036767657,25.01515400974829,5.0,0.0,37.85,-11.61068475340653,4.0,0
32.0,102.60056709963843,26.54444923518822,2.0,1.0,57.23,18.882238272026356,4.0,0
15.0,57.53161915202013,41.34472225308778,2.0,0.0,0.0,11.920054804901296,4.0,0
55.0,116.75399483613745,53.099646655914164,2.0,1.0,21.55,65.62087422146473,2.0,0
68.0,125.47068545202654,21.031762879545816,6.0,1.0,85.98,55.66378942293493,4.0,1
40.0,70.8998395987008,54.50065031980392,4.0,0.0,0.0,55.08747188195541,2.0,1
28.0,85.43705627723527,24.959431916317463,2.0,1.0,16.93,41.64740976635377,3.0,0
25.0,95.24006590533722,0.0,1.0,1.0,18.43,32.0618954454136,3.0,0
50.0,94.37103775827757,22.734294063919968,16.0,2.0,60.72,35.30018415188279,4.0,1
1.0,39.21357668826171,31.98926824743329,6.0,0.0,34.88,-4.857015883339297,4.0,0
61.0,114.99396961620346,50.18575699158333,0.0,1.0,33.51,51.140548355141,3.0,0
46.0,162.7594227112317,22.564622642802536,4.0,2.0,36.97,19.00377018876294,6.0,0
72.0,60.110472666184876,54.50905440295228,2.0,0.0,20.6,31.434168165570686,1.0,0
39.0,158.25770295320112,25.93062204519895,1.0,3.0,36.14,40.85121987022135,5.0,0
7.0,31.76028995554525,28.374678394257753,7.0,2.0,11.07,10.713259498489197,3.0,0
32.0,93.50718392968386,24.960167604364322,3.0,0.0,32.81,49.745882802384685,2.0,0
65.0,74.02093578696403,28.910525193819648,6.0,0.0,41.82,1.5822873546534062,4.0,1
19.0,79.17063523777371,22.653577256028615,2.0,1.0,0.0,33.995672315237876,4.0,0
1.0,48.36200261397633,57.883815658505725,6.0,1.0,0.0,7.349159517411788,5.0,0
48.0,99.49665724172019,50.87048631964637,0.0,2.0,28.35,31.904083912946355,3.0,0
1.0,26.43881144010666,25.524108273980467,2.0,0.0,80.7,7.06135240904363,2.0,0
50.0,71.91995055911019,45.54201135065342,0.0,1.0,49.5,8.261814793588462,3.0,0
38.0,88.8960021497561,38.43588977017387,1.0,1.0,0.0,51.32077248342122,3.0,0
1.0,47.938092348015175,39.20262331370116,5.0,0.0,8.55,0.3834614980120783,5.0,0
29.0,81.55795034112005,44.77385122822833,2.0,0.0,60.82,54.37677498469324,2.0,0
35.0,77.6981223463511,47.293969278927875,2.0,2.0,0.0,60.91706122990311,3.0,1
16.0,25.39958991658008,29.763675621644275,3.0,2.0,31.31,11.674193321095803,2.0,0
7.0,82.20819332745104,25.804336176460765,1.0,1.0,31.6,26.262939620261097,4.0,0
42.0,85.26728720158535,20.516926399855578,6.0,1.0,49.11,35.43714139746959,3.0,1
34.0,115.45392524523778,28.833583942810453,1.0,2.0,32.26,6.833310934548495,5.0,0
19.0,63.188838622910616,43.822113296045046,1.0,2.0,46.93,28.33249268067446,3.0,0
25.0,109.23491215967213,0.0,1.0,1.0,18.43,39.889240433187176,3.0,0
55.0,120.19479081087235,14.407878738597324,7.0,0.0,63.95,38.3918574441186,5.0,1
28.0,55.74893555722954,30.041112367189296,1.0,0.0,34.65,32.16858902864384,2.0,0
31.0,66.34785714200291,17.165474769977596,2.0,0.0,30.2,30.23547211123804,2.0,0
10.0,40.341472904019895,40.129266098625195,3.0,1.0,0.0,9.664162730693546,4.0,0
21.0,91.43009422662192,23.289887696402513,1.0,0.0,32.99,42.34296983681911,3.0,0
72.0,105.2757386948185,63.754693786904554,5.0,2.0,0.0,94.2639980956948,1.0,1
38.0,96.66791517800792,60.845467423844084,1.0,1.0,39.87,11.403120757069475,5.0,0
16.0,69.45267246599812,17.232937689569994,5.0,1.0,20.78,52.15921134387996,3.0,0
18.0,52.920780907213235,2.4187667767415784,3.0,0.0,32.29,34.23473284396499,2.0,0
39.0,101.62228294759048,9.11325701522498,3.0,0.0,28.76,76.04922733303417,2.0,0
62.0,31.637848481635622,65.37950981949892,2.0,1.0,50.98,50.328827522318804,1.0,1
54.0,111.41155968196779,22.66279893757114,2.0,1.0,54.65,8.741298812113335,4.0,1
53.0,104.02972486737727,31.493938857076227,4.0,1.0,0.0,42.8140869943061,4.0,1
49.0,63.68759070296555,50.27887603269899,10.0,3.0,36.94,52.33765426175841,3.0,1
72.0,92.77427982977855,67.62486348945589,7.0,0.0,6.6,5.703890805960555,4.0,0
9.0,44.04740187942603,26.387482770621467,6.0,0.0,0.22,0.30941567610222975,3.0,0
45.0,34.64606905362318,68.78956258952171,1.0,1.0,41.13,40.26920409673868,1.0,1
59.0,66.09316113484297,23.419083109507046,4.0,0.0,71.76,5.752336882580792,3.0,1
1.0,41.77501010194952,22.874025366822977,2.0,2.0,86.11,-13.994261451185723,4.0,0
1.0,35.74085610005896,48.176248494594674,2.0,1.0,53.7,5.893382051072994,4.0,0
28.0,57.39700054566539,14.776575174189361,2.0,2.0,23.87,53.39827375703568,2.0,0
26.0,113.92667994994913,26.141877230288802,2.0,0.0,45.48,8.538668456069809,5.0,0
39.0,120.35417229973888,12.40148933070857,6.0,2.0,2.49,24.38816947474604,5.0,1
72.0,64.44795293928448,67.04589774875545,0.0,1.0,8.22,73.8567631643393,1.0,1
47.0,106.05147494056995,55.31452193623882,1.0,2.0,13.47,17.839950580519826,5.0,0
31.0,165.20098531840583,18.001942433395268,2.0,1.0,36.79,57.43569415018854,5.0,0
26.0,54.3056083822801,13.194637443830919,1.0,1.0,44.38,30.297168241907936,2.0,0
23.0,49.08655578422939,34.33304161176206,0.0,1.0,62.73,28.670110598650393,2.0,0
36.0,141.32968807003263,22.82298180015367,9.0,1.0,60.46,26.98735229567983,6.0,1
1.0,68.59151967766755,17.643015396804405,2.0,2.0,83.56,28.448506453020244,3.0,0
48.0,115.73767715580942,41.93964953610687,0.0,3.0,36.46,28.144534658173512,4.0,0
1.0,46.66393441508756,31.891370148726125,3.0,0.0,63.66,15.023712336184076,4.0,0
54.0,117.53819564827899,31.05915287604316,4.0,1.0,54.65,4.73028413523064,4.0,1
69.0,73.90327155953773,64.36222319510317,2.0,1.0,17.75,38.319257842636375,2.0,0
32.0,72.71998098757122,33.647501443109185,2.0,2.0,20.23,48.14536394570792,2.0,0
20.0,51.17531824782149,7.148961380915347,1.0,0.0,31.5,15.727719478695178,2.0,0
1.0,45.31109149744075,37.78733080032035,1.0,0.0,83.28,-6.164078162397132,4.0,0
40.0,132.5151841546578,15.340823583679946,7.0,0.0,0.0,91.50682942493414,4.0,1
61.0,98.74505546189859,53.91691891002609,10.0,3.0,33.71,-10.89885270646295,6.0,0
7.0,63.84491583101309,24.920629625741043,3.0,1.0,0.0,26.268706500525184,4.0,0
1.0,67.16742348941207,14.976026367190675,3.0,1.0,47.21,1.0185418994512094,5.0,0
32.0,81.9464469791489,18.962934411602543,1.0,1.0,18.54,39.02839235991836,3.0,0
21.0,54.50947422052906,15.241449299155443,2.0,2.0,33.73,30.873888662889602,2.0,0
23.0,50.098367492508984,30.848339892762905,0.0,1.0,62.73,32.70640706713514,2.0,0
1.0,60.28557389264374,25.212565871024985,1.0,2.0,89.58,30.894604920945326,3.0,0
53.0,162.18039284731884,35.108292190887326,0.0,2.0,22.27,70.0328575494218,4.0,0
71.0,95.13196088097015,31.237991466471467,4.0,0.0,83.78,15.82240003721963,4.0,1
53.0,108.30685077712498,37.33073024235402,1.0,1.0,39.73,7.0602855858077245,4.0,0
72.0,35.623820115750846,74.38064829607764,1.0,0.0,34.04,14.745924854146915,2.0,0
53.0,98.83333773264881,21.058837844719555,5.0,1.0,20.08,6.227454556673262,4.0,1
30.0,101.46244705941908,17.062653601417992,4.0,1.0,38.14,53.90692034773382,3.0,1
32.0,88.18941683300075,27.576483661231755,1.0,2.0,20.71,50.828211632306136,2.0,0
72.0,103.26345434998258,61.28452047063002,3.0,1.0,18.13,19.847226204882443,4.0,0
24.0,69.88148827119915,7.682264056642221,0.0,2.0,46.59,35.92453162209441,2.0,0
19.0,74.36097898435682,49.101017590242584,1.0,1.0,16.6,30.700308890071618,3.0,0
20.0,50.65767609247286,8.237830750517412,0.0,2.0,61.84,28.423931082553487,2.0,0
25.0,35.76799733114951,23.109569712298754,4.0,3.0,11.24,11.156357943540225,2.0,0
2.0,68.35614907826172,26.932360529905573,1.0,0.0,40.7,21.278933846421786,4.0,0
62.0,120.7614804063157,24.280167603090117,5.0,2.0,13.98,65.89622129300922,3.0,1
41.0,108.95711773004653,17.793118524978524,5.0,1.0,54.18,52.20736492987944,4.0,1
35.0,120.67714699504698,25.343287518231765,3.0,1.0,50.12,9.358299987966912,4.0,1
45.0,141.2933435652495,15.577166718551817,10.0,2.0,42.38,35.713939580433546,6.0,1
22.0,55.66927844361489,9.17434855479181,1.0,1.0,59.81,40.93266707562473,2.0,0
50.0,77.22260016698075,24.79593499373059,1.0,1.0,48.84,23.965754586032542,2.0,1
52.0,60.363895782753204,59.68392489038534,2.0,3.0,39.16,-4.262468915470043,3.0,0
26.0,94.35094029300765,25.376828231073674,2.0,2.0,16.68,41.11919448580066,3.0,0
72.0,101.4653071013364,61.71130139426112,2.0,1.0,13.78,30.042230150759572,4.0,0
52.0,31.83787564239865,42.53940628427403,5.0,0.0,61.18,46.42503497314433,1.0,1
72.0,86.38238506556823,61.740428503951215,2.0,0.0,0.0,13.335146735092657,3.0,0
49.0,107.49216565936975,30.865058482367743,7.0,0.0,17.34,27.010174384013617,4.0,1
50.0,65.44320473601088,38.3311778887715,7.0,2.0,37.93,42.00338864167582,3.0,1
27.0,96.89350896157038,21.789218656495027,1.0,0.0,16.77,42.758966044290624,3.0,0
27.0,57.03150909982992,7.608678804710962,2.0,0.0,35.11,33.63970321892306,2.0,0
49.0,112.47679279532194,27.587378919994205,9.0,3.0,73.72,31.710151028048156,5.0,1
11.0,46.72958692879331,15.324386021034162,1.0,1.0,34.12,19.360451200440863,3.0,0
72.0,131.0973984310952,36.65493782306397,3.0,0.0,16.62,58.10910171639459,3.0,0
18.0,40.935981997672776,4.815177054329943,3.0,0.0,20.28,25.516262081818542,3.0,0
25.0,39.124701938529114,0.0,3.0,0.0,38.96,29.391447173414257,1.0,0
51.0,150.10795632429074,14.774124626408783,5.0,2.0,89.85,63.375829149694525,5.0,1
60.0,143.6159215660002,23.087127289120996,6.0,3.0,0.0,48.604141062382006,5.0,1
69.0,78.74025128162606,7.996597313116095,2.0,0.0,47.64,30.106440771407783,2.0,1
38.0,40.52644347380053,20.870774853858013,1.0,0.0,39.01,38.01987434568442,1.0,0
30.0,143.35863845763276,27.656099983962005,1.0,2.0,36.38,32.86544920827765,5.0,0
72.0,49.357800910104515,88.50787234150988,2.0,1.0,23.08,46.42684197504088,1.0,0
3.0,50.38787524451847,27.766149953672045,8.0,2.0,0.0,12.649372627223743,4.0,0
67.0,114.89534595033794,62.01437978609926,3.0,2.0,19.59,26.073564544041627,4.0,0
31.0,36.44926545592986,17.003468500424656,4.0,2.0,0.0,28.369666033180316,3.0,0
38.0,114.57256529358432,34.56025057420268,2.0,2.0,4.34,67.17433983673934,3.0,0
30.0,96.82563198302509,33.407781910709,1.0,0.0,1.83,52.6813122767784,3.0,0
29.0,72.26877535190641,34.21828733093401,0.0,0.0,67.45,33.67003717370382,3.0,0
72.0,40.16689965151335,64.88794713399147,0.0,1.0,64.64,-10.303245501154317,1.0,1
58.0,132.23321045323613,39.28481834620637,3.0,0.0,0.0,55.590140517639895,4.0,1
60.0,104.9658941066102,33.88417549480619,8.0,0.0,70.27,14.688578574383397,5.0,1
56.0,108.94815000013186,10.053073579452612,4.0,3.0,27.27,29.434872252881377,3.0,1
27.0,41.45109008220016,5.69381963229202,4.0,2.0,30.47,25.58046247796151,2.0,0
25.0,88.50256256777328,35.73317662877953,2.0,2.0,0.0,37.74894175528622,3.0,0
33.0,46.99542477733625,24.716636441742192,1.0,1.0,40.66,43.85879558249712,1.0,0
23.0,50.145011903759766,32.81032797706946,1.0,1.0,62.73,25.009496659332136,2.0,0
72.0,106.87306432412439,35.05656089453672,2.0,1.0,0.0,64.85930709742348,3.0,1
7.0,48.74793052858494,32.46313694895451,3.0,4.0,51.65,21.97728625237705,3.0,0
21.0,31.4860925866127,57.30561385539403,2.0,2.0,38.93,26.109931336496203,2.0,0
14.0,76.87766130478964,30.15335786909988,2.0,0.0,16.23,24.111300707432804,4.0,0
20.0,113.01291440141705,15.04495530735431,0.0,0.0,52.67,50.893943549941824,3.0,0
72.0,29.36106538347361,75.95252277637971,1.0,1.0,28.83,20.252146319063346,1.0,0
38.0,108.12751620370067,22.915559800448477,4.0,0.0,39.75,29.58627767025123,4.0,1
20.0,153.31180018961396,10.277107286759094,0.0,2.0,54.22,40.76378690103104,6.0,0
62.0,123.21926335730231,65.77519190304429,9.0,1.0,23.03,6.666285666508587,7.0,0
65.0,107.70347379194412,47.80772850453798,4.0,3.0,22.68,16.091158003760533,4.0,0
72.0,92.43798052704008,69.07057334191862,5.0,0.0,6.6,7.597134323483818,4.0,0
56.0,119.90485774635069,5.455200075971033,9.0,2.0,30.97,46.49174534765854,4.0,1
60.0,128.5254480700191,37.20071913974593,4.0,0.0,24.82,20.073725937895063,5.0,0
53.0,54.61035826129985,76.71413091924303,1.0,1.0,40.85,-1.704316151797034,3.0,0
32.0,156.1387923473715,27.969429473704487,2.0,1.0,34.35,43.39903063829912,5.0,0
72.0,58.54277140857887,62.971573807797846,2.0,2.0,27.52,3.424443155770069,2.0,0
26.0,102.13087151982788,22.716652394438903,6.0,1.0,26.01,31.42480293311094,5.0,1
72.0,107.41445952612112,54.22607969590677,5.0,0.0,5.57,12.990759769280931,4.0,0
54.0,109.89891631217259,20.842124691279235,9.0,2.0,22.69,17.232735301896895,5.0,1
38.0,109.95521600494658,6.576350199735662,8.0,0.0,30.04,29.36854361864555,5.0,1
27.0,109.78957969892735,13.46372578948314,3.0,0.0,77.29,74.28396698671882,2.0,0
24.0,32.59686751658049,56.12945871924828,4.0,2.0,23.19,44.554050035303234,2.0,1
55.0,113.30985669777228,11.029193742070861,1.0,2.0,52.3,35.837807931469044,2.0,1
11.0,23.18471532736751,31.506642276886463,2.0,0.0,60.09,3.2676442535518255,2.0,0
38.0,119.07019522131084,44.616773120283575,3.0,0.0,46.03,17.93850051212862,4.0,0
66.0,121.85224323341967,20.66303425665478,7.0,3.0,46.48,8.86364190257854,5.0,1
43.0,149.25922031743895,27.735599612459637,2.0,0.0,51.96,43.46166214149062,6.0,0
72.0,104.44143646420655,47.1397171623793,6.0,1.0,23.56,21.32946733849188,4.0,0
8.0,25.522248130487768,12.665778072172818,2.0,0.0,70.91,12.854615201419143,2.0,0
64.0,102.48173087491496,50.157623108596354,2.0,1.0,21.45,13.53788664739172,4.0,0
2.0,30.96585665616457,23.804841484699217,8.0,1.0,13.52,-12.72617378506444,3.0,0
72.0,90.89322242953318,64.53857573723593,0.0,1.0,3.61,57.929469972433324,1.0,0
66.0,129.44806263388153,21.575772224406887,6.0,3.0,46.48,23.08289675350077,5.0,1
32.0,103.13566565555286,34.55643119109865,1.0,2.0,55.49,35.91479593478014,4.0,0
59.0,102.10543822512435,24.090150714803322,1.0,3.0,71.16,13.744356900506254,4.0,1
4.0,70.12921294563469,5.442577794042082,3.0,2.0,41.72,21.150221656252977,3.0,0
37.0,93.61519196054297,18.371917096613974,3.0,2.0,0.0,62.672762608779735,3.0,0
52.0,31.961610555358412,69.94667601036217,4.0,2.0,58.24,7.693225733229632,2.0,1
40.0,137.69379656860858,38.694456394073484,0.0,2.0,36.24,40.266787767779164,4.0,0
72.0,78.35452457710491,70.27987809310113,1.0,0.0,19.38,29.985758364889328,2.0,0
38.0,49.39832488253711,23.182382383628966,2.0,0.0,39.01,32.26962191572925,1.0,0
13.0,65.49021877341686,24.611208661927414,1.0,1.0,55.97,38.03260973403434,3.0,0
21.0,47.31114605892678,14.373359677030882,3.0,2.0,33.73,24.50331792716078,2.0,0
38.0,153.08894371383954,25.123124919777975,2.0,3.0,33.22,15.267030946014975,6.0,0
72.0,100.57205901041374,64.17426300828554,3.0,3.0,4.79,29.603541129837428,2.0,0
40.0,129.66650024844347,13.363209510255693,6.0,0.0,0.0,88.00364720341719,4.0,1
7.0,30.477706181779837,34.0008841739322,2.0,4.0,51.65,8.4665528602521,3.0,0
3.0,34.239170406313335,18.00473271516347,2.0,2.0,99.54,10.99347740346294,2.0,0
54.0,121.13478175097896,3.6244670659722678,1.0,2.0,14.39,62.64097141112899,1.0,0
41.0,113.98116769114017,39.25609358613273,0.0,2.0,39.58,44.76665412298012,3.0,0
69.0,81.81555935169865,8.217515751652902,0.0,0.0,47.64,24.283534368256174,2.0,1
47.0,129.11339304137186,44.06574122572779,4.0,0.0,33.91,34.372764828240875,3.0,0
56.0,48.158749898793545,37.505924212437435,4.0,2.0,67.31,-5.634199665446227,3.0,1
21.0,184.00899738123377,34.028613025562485,1.0,2.0,39.22,69.3770862202957,5.0,0
72.0,125.03986803401844,44.568448618647004,1.0,2.0,15.33,57.17316214854133,3.0,0
72.0,113.24827999272233,66.32952847631903,6.0,1.0,12.97,37.276427014356756,3.0,0
15.0,64.87266165503141,6.7493917394450955,2.0,1.0,16.4,10.404404063556306,3.0,0
47.0,116.19031082948102,39.332476203731865,2.0,1.0,39.69,12.30941027206628,5.0,0
12.0,38.271157147922004,4.182291725397668,2.0,1.0,80.77,33.914287636715954,2.0,0
51.0,122.13677207987229,52.32548090589834,0.0,1.0,14.8,40.638527992809145,4.0,0
49.0,141.3175536626474,23.12597715234994,1.0,1.0,38.15,58.10083367883847,4.0,0
23.0,56.62080811575544,27.987924103151613,1.0,1.0,39.95,35.07772598988444,2.0,0
50.0,134.67016107630684,44.731005749513486,1.0,1.0,0.0,75.70034292775135,3.0,0
62.0,37.18314360500057,66.27022682516758,1.0,1.0,50.98,54.26969649716045,1.0,1
72.0,98.82179451338675,46.48440971254077,2.0,1.0,21.51,53.83810245435174,3.0,0
72.0,101.7018781649003,62.29835888055253,4.0,1.0,0.0,43.04947539903608,3.0,0
68.0,17.91486644024271,70.24706508339418,2.0,1.0,50.2,1.8387584631615184,2.0,1
33.0,90.69738515768071,20.88829502359437,0.0,1.0,53.69,52.90633073400552,2.0,0
57.0,25.778331107965144,76.60646241524981,7.0,2.0,45.61,0.4105329992551674,3.0,1
11.0,40.4842842403618,30.1909930251814,6.0,0.0,9.61,2.6523656581372013,3.0,0
40.0,129.8463870388317,48.520156085157545,3.0,1.0,34.4,44.37066551481602,5.0,0
1.0,65.24345228723831,45.26566776412471,2.0,2.0,32.69,18.1325971125371,4.0,0
43.0,65.30190302695578,47.77479507241945,2.0,0.0,0.0,25.739085987170277,3.0,1
17.0,32.830556689005476,31.01382903580903,7.0,2.0,38.13,27.327437201353582,2.0,0
72.0,141.8504535694435,17.03643121855986,8.0,2.0,75.83,26.207112341666075,5.0,1
59.0,71.38626989385324,68.04329857630917,6.0,1.0,0.0,43.79251476707576,3.0,0
49.0,50.2961645510619,47.81925061714652,7.0,3.0,64.63,-8.695777086755397,4.0,1
72.0,105.13646191661864,49.231124868630836,4.0,0.0,9.99,8.871981575455624,5.0,0
45.0,123.76919159711395,45.37621629240623,6.0,1.0,37.06,5.36250398884853,5.0,0
30.0,111.73373898392194,27.132651345470723,1.0,0.0,46.7,48.25434049784118,4.0,0
48.0,79.11154700986103,12.131686525258772,1.0,0.0,34.53,73.91436538793933,1.0,0
72.0,93.56719329573471,39.36324421863665,6.0,0.0,14.18,61.42906578291009,2.0,1
14.0,140.3150330078472,26.022012756715437,2.0,0.0,52.9,29.095788064106156,5.0,0
41.0,92.69212574806919,30.652948280131202,0.0,1.0,54.27,31.1551211707471,3.0,1
9.0,43.58766261737836,47.20182790152954,5.0,1.0,37.25,1.794178381415314,3.0,0
51.0,78.18894899548236,19.726612184168356,2.0,1.0,29.2,41.492678400541216,1.0,0
72.0,151.04566336530164,42.51023565499431,6.0,0.0,6.28,41.394474305965986,5.0,0
24.0,135.06529915440493,16.881191444851723,1.0,0.0,54.83,42.75639294390514,4.0,0
72.0,69.89054372340453,65.25904775086919,3.0,0.0,27.82,35.968058956702585,2.0,0
64.0,90.66412616306789,38.49211009838471,2.0,2.0,37.54,22.02490926419775,3.0,0
45.0,36.765791826833606,69.72267874298346,3.0,0.0,12.38,-4.268690816754339,3.0,1
48.0,91.65514723309016,25.24326854225928,8.0,0.0,39.24,30.948910427175527,4.0,1
58.0,124.5608577861413,18.24750082658353,1.0,1.0,65.15,42.48982211484238,3.0,1
47.0,101.95525658038191,20.682493615187926,4.0,1.0,49.33,21.481399490988085,4.0,1
72.0,103.66679660650604,63.38941660448715,3.0,1.0,27.14,26.37261650918247,4.0,0
35.0,101.19662499124092,47.22449977837772,2.0,0.0,37.21,21.024778118589353,5.0,0
39.0,124.53104453796459,26.99561653570961,10.0,2.0,60.51,47.504677553046854,5.0,1
51.0,147.56215334738945,13.475753764818569,6.0,2.0,89.85,53.15607194436872,5.0,1
72.0,122.57453174363056,36.246641401306555,8.0,0.0,99.02,21.98012259474383,5.0,1
38.0,66.98852297931683,70.67758003864931,1.0,1.0,43.74,50.137885332315165,2.0,0
57.0,91.71834275828625,73.6019897294433,1.0,3.0,37.76,52.64419676718488,2.0,0
19.0,67.81088168962441,43.968188263761895,2.0,2.0,40.74,22.80970645032097,3.0,0
71.0,81.7508124999475,69.80629378581625,2.0,0.0,27.76,31.00428055128446,2.0,0
35.0,73.90998731071818,55.732303331721404,2.0,2.0,0.0,64.21729635168504,3.0,1
64.0,101.14249894600347,52.2428386325995,2.0,1.0,21.45,16.09810510521072,4.0,0
67.0,145.2286723308772,36.90183520991879,3.0,2.0,100.0,25.65283801307485,5.0,1
49.0,123.56359690293948,31.52762843470564,3.0,3.0,50.21,30.623793044624563,4.0,0
38.0,92.44338087618038,43.41186247278568,5.0,0.0,81.21,8.55930636554799,4.0,1
72.0,123.42585999943466,56.78469262826242,5.0,2.0,12.6,38.76727747117157,4.0,0
51.0,102.88480887532148,54.98150406578946,4.0,2.0,39.23,9.454089515896035,5.0,0
54.0,118.26146935290153,44.96245878222174,5.0,2.0,31.06,12.76127555586686,5.0,0
16.0,73.39777677113153,10.768974148944748,0.0,2.0,12.43,26.034316118077783,3.0,0
1.0,99.11044866150213,36.35825385001645,0.0,0.0,39.24,16.355115712426624,5.0,0
72.0,57.834908216538736,80.22958790517998,2.0,0.0,11.26,34.16233796885088,1.0,0
55.0,115.21211618967715,37.04390407549989,4.0,1.0,25.25,67.65971524662109,3.0,1
48.0,112.75650005497614,39.00121902570932,0.0,1.0,38.34,29.293699752115018,3.0,0
31.0,158.3731245165527,19.290130464711083,2.0,1.0,40.82,-6.892195683969187,7.0,0
40.0,145.27561773508447,12.612381410706142,6.0,0.0,0.0,89.07563698678679,4.0,1
32.0,157.7144228302632,28.99130141609562,0.0,3.0,30.17,72.24224440221471,4.0,0
72.0,121.82585401912476,52.09199857333316,3.0,4.0,1.94,22.97532430855786,4.0,0
49.0,88.9802545724648,54.35703344359025,4.0,3.0,86.98,11.990271944374065,3.0,1
32.0,28.574338602036,48.60629459427032,5.0,2.0,45.91,45.29113289243941,2.0,1
1.0,42.61201928873129,45.166752452676135,3.0,0.0,26.21,-17.081586356098832,5.0,0
66.0,83.4778419978108,60.57227656901546,2.0,2.0,29.56,17.575765285922806,3.0,0
1.0,37.19928913331867,16.956505434852907,3.0,0.0,79.13,19.055705519686533,3.0,0
63.0,134.06224109806118,53.52571108198549,2.0,0.0,28.01,53.555001241479104,3.0,0
49.0,110.78248895427318,5.217779479059701,6.0,2.0,30.17,43.03268578026504,4.0,1
43.0,49.69986708463837,49.19249833513924,7.0,1.0,43.11,54.95624270625093,2.0,1
65.0,85.40547536570364,61.47520672288714,5.0,1.0,39.08,24.76672066002888,3.0,0
5.0,78.18765435640096,22.89925192102171,1.0,1.0,34.53,20.126198584900436,4.0,0
70.0,147.36197052642257,49.650851567288804,11.0,3.0,15.2,25.542159003573442,7.0,0
18.0,130.2480739780892,30.40190893307693,2.0,0.0,45.72,48.28919105222747,4.0,0
72.0,120.70601367598042,60.52604367397772,3.0,1.0,12.97,43.54663547005728,3.0,0
44.0,154.16713112910068,18.74859313679955,1.0,1.0,34.17,14.976388723760422,5.0,0
16.0,74.69719270876232,26.3424555229415,3.0,1.0,51.73,45.77693062816509,2.0,0
14.0,43.436945198425285,15.532997577401115,4.0,1.0,0.0,20.529643138988398,3.0,0
45.0,145.1128650967571,0.0,10.0,1.0,0.0,46.55630250712048,6.0,1
19.0,45.47117189319674,19.75775709195527,2.0,1.0,30.93,9.813339505337405,2.0,0
50.0,97.99015742346586,54.27433578248276,3.0,0.0,0.0,83.54712147677509,3.0,1
34.0,55.78195280788917,52.16716200192757,5.0,1.0,29.2,37.321128174266626,3.0,1
46.0,133.5271253750439,28.04081906293939,1.0,1.0,41.15,58.197338840320526,4.0,0
20.0,167.99931651309765,11.209464040204155,0.0,2.0,54.22,40.90232534999416,6.0,0
45.0,143.70536765952315,23.16153753936838,1.0,2.0,4.6,74.1172514880143,3.0,0
49.0,79.31473043103432,0.0,0.0,0.0,18.18,41.57978947462832,1.0,0
25.0,33.733212212250336,41.03055436904474,3.0,2.0,56.04,26.712447890347278,1.0,0
55.0,155.79698407825566,18.70973150439652,10.0,2.0,77.99,50.6979798716655,5.0,1
69.0,160.5692660930606,18.70427497365625,4.0,2.0,88.4,49.099834016026286,5.0,1
23.0,50.027457915225774,38.355832380946424,1.0,2.0,45.66,36.402854989357294,2.0,0
45.0,143.28604720165362,36.64134465925732,3.0,1.0,37.56,19.439496493196522,6.0,0
34.0,53.92176964739215,63.83472765800816,1.0,0.0,8.68,50.0809994855891,1.0,1
26.0,128.6633815607491,31.032678327828613,1.0,0.0,45.48,3.053992403650291,5.0,0
34.0,129.62181715168515,23.537967785226037,0.0,1.0,54.19,42.69101686162186,4.0,0
38.0,42.45653126050802,60.766155446198546,4.0,0.0,59.15,-7.105858400120912,3.0,1
4.0,132.8579654967337,23.62177293821498,2.0,3.0,71.41,61.75007271220624,3.0,0
57.0,133.62806208938997,1.2513897831032468,1.0,1.0,52.86,54.7129798347273,3.0,1
15.0,64.86834174698114,26.7113007137391,3.0,0.0,67.22,33.21992537318227,2.0,0
32.0,65.66965065736139,32.27045103521979,1.0,0.0,64.85,48.46143364060826,2.0,0
59.0,110.6543432585036,49.111353790114435,6.0,1.0,32.56,2.1491049651408396,5.0,0
55.0,94.4792816086046,62.23591584424088,0.0,2.0,39.15,19.931962811662657,3.0,0
41.0,98.75589816404512,48.71012213407421,1.0,1.0,31.46,46.05520376649682,3.0,0
52.0,95.9287572120913,39.546537275122816,1.0,1.0,46.49,50.40531824755074,2.0,0
25.0,75.92455071433564,36.43207919005107,3.0,2.0,0.0,38.77978064287213,3.0,0
50.0,108.48982572931462,27.05987135431452,1.0,0.0,16.38,51.35871533223914,2.0,0
21.0,35.29853298090114,19.906158480212397,4.0,0.0,44.85,32.644435840117474,2.0,0
34.0,46.65362235541407,50.091735033790464,6.0,1.0,29.2,32.977914664116895,3.0,1
42.0,40.651221415006916,39.711159984927555,0.0,2.0,49.93,36.98155328865957,1.0,0
30.0,74.7570688599867,46.452085589205986,7.0,2.0,20.67,29.851305822091014,4.0,1
18.0,38.47508385792089,12.52590128543542,4.0,1.0,62.5,14.528243259044391,1.0,0
69.0,81.90483527102943,25.300385644842336,7.0,2.0,35.99,37.05994601280493,3.0,1
7.0,65.59607942909948,33.95658228669242,2.0,1.0,66.95,34.56501832170867,3.0,0
19.0,138.53673531750826,32.32338631672922,2.0,1.0,54.85,25.869146415253013,5.0,0
32.0,74.18926310952457,24.002648420701096,9.0,1.0,64.67,-16.545140732948095,6.0,1
72.0,37.581354142576636,75.33276597393052,3.0,1.0,80.3,33.364293043893085,1.0,1
9.0,38.15865242741079,38.17369273608341,1.0,1.0,37.25,9.635086230903253,3.0,0
27.0,73.85126232698448,17.412038988010284,0.0,1.0,21.82,36.29124520752097,2.0,0
56.0,122.19829800939564,31.25004289484643,4.0,0.0,1.58,55.60171478033911,4.0,1
51.0,114.4411291013001,61.93984482792664,3.0,0.0,96.53,27.96583298096258,5.0,1
15.0,42.970694573143746,16.024993605847133,2.0,1.0,26.88,9.363100427454121,3.0,0
2.0,24.112398222405933,29.370338990824965,6.0,1.0,30.2,13.881783124362027,3.0,0
68.0,82.18006141662374,55.1751466992326,2.0,1.0,26.72,-2.496945000040828,3.0,0
12.0,162.2543693035238,22.723174651341296,0.0,0.0,46.68,30.64135479359333,6.0,0
65.0,104.06699982242282,30.1142216664814,3.0,0.0,90.01,-0.14414534915840704,4.0,1
72.0,47.347526384475074,62.33537552404467,2.0,1.0,27.34,21.34432805475437,2.0,0
53.0,127.96795236008259,36.465465777085946,3.0,0.0,24.77,15.649033849264843,5.0,0
43.0,103.36707448328285,19.99623545762237,3.0,0.0,64.31,36.531555016786456,3.0,1
47.0,42.59224045249324,8.425325544669631,1.0,0.0,29.58,43.87253994768772,1.0,0
55.0,139.4391296963222,14.756281690763348,7.0,0.0,60.45,37.171950275396696,5.0,1
30.0,127.29487983280416,29.114996143481285,4.0,0.0,73.46,66.17032085445284,5.0,1
22.0,125.51315025184348,31.520174133173462,6.0,0.0,9.46,60.284882865949506,4.0,0
31.0,156.53380824352055,22.10432338445416,2.0,1.0,40.82,-5.3303533850033835,7.0,0
27.0,48.064090876622636,28.541178472459208,2.0,2.0,30.14,37.7049641920528,2.0,0
11.0,61.78493965294528,34.93841460320165,2.0,1.0,37.63,11.455244946647607,3.0,0
34.0,85.93307364270404,27.89603654244753,2.0,1.0,30.65,46.36972625646515,2.0,0
1.0,52.553013264709136,22.360504702918263,6.0,2.0,11.71,5.638539740471085,5.0,0
31.0,78.83973431311006,61.03118924257721,0.0,1.0,45.11,23.27737243798874,3.0,0
25.0,24.187659361659897,31.653596291392937,0.0,2.0,56.04,26.888162750820772,1.0,0
28.0,155.00666566654724,29.560549338213875,5.0,1.0,37.63,25.147002215351037,7.0,0
72.0,191.22316382051494,19.386396147057333,4.0,0.0,18.06,38.389496372823515,6.0,0
18.0,59.879537394329425,34.509236989517916,5.0,1.0,0.0,26.427658380922324,4.0,0
46.0,124.87837090955408,23.82088011224935,5.0,2.0,90.2,54.80603346983703,4.0,1
58.0,152.50846071131707,23.666111334383295,4.0,0.0,79.1,58.624955909026355,4.0,1
61.0,96.80311507880502,12.553813093577004,7.0,1.0,40.17,20.971143262724794,4.0,1
50.0,45.557749680256386,53.533868309571865,2.0,0.0,31.57,67.17674222507699,1.0,1
35.0,90.93328500273381,40.49167888470425,9.0,1.0,67.29,10.563878517507721,5.0,1
27.0,48.22181816232759,8.593532764851505,3.0,0.0,35.11,41.636873914446596,2.0,0
64.0,95.98309840847229,48.199722500381725,4.0,2.0,37.54,26.35158651791135,3.0,0
72.0,105.76429720264483,79.21774216097386,6.0,1.0,0.0,36.636263237735605,3.0,0
39.0,102.2638341535779,15.020107383821065,1.0,0.0,7.97,49.466705093520275,2.0,0
41.0,104.63465747621437,27.00280753653241,0.0,1.0,54.27,42.567189305108165,3.0,1
56.0,103.59853964284903,54.468588853026226,2.0,2.0,20.18,46.51273818241426,2.0,0
12.0,57.474774845408575,25.31476214573783,3.0,2.0,19.64,15.38506917883786,3.0,0
19.0,27.783828095560835,61.37541637765409,9.0,2.0,79.02,6.554130533181679,3.0,1
67.0,110.79065634177893,33.1819029631338,1.0,2.0,84.76,11.680549135115363,4.0,1
1.0,40.99333754174441,25.575286964244743,4.0,1.0,61.29,19.405917959380073,3.0,0
40.0,98.2414992855669,61.2924815048805,0.0,3.0,28.5,21.01089235363422,4.0,0
10.0,32.71332725022773,22.368165779705443,3.0,1.0,22.77,10.261747534972393,3.0,0
47.0,150.1789157488288,38.29749609371222,5.0,1.0,34.64,41.08632964902014,5.0,0
10.0,59.47483031523191,23.22150728174517,5.0,0.0,22.21,27.63532662915935,3.0,0
53.0,152.0721201198962,36.199346225811624,0.0,2.0,22.27,59.12984843575725,4.0,0
56.0,96.73110692600716,9.998884568774956,3.0,3.0,27.27,25.264423409005367,3.0,1
30.0,139.4960371248802,19.499865280844862,0.0,3.0,30.78,55.8195597531072,3.0,0
49.0,100.76707873668855,31.457346330246008,6.0,0.0,17.34,38.56363912106491,4.0,1
35.0,68.8075120311292,35.50660382070135,3.0,2.0,0.0,60.695146678057796,3.0,1
59.0,104.49707224856526,44.65366434150138,0.0,2.0,24.63,6.170256232214708,4.0,0
1.0,74.04580385389579,31.19017657097033,8.0,1.0,0.0,-13.193445577581636,6.0,0
53.0,115.21193534674958,27.851984342328084,4.0,1.0,0.0,42.906278693476324,4.0,1
72.0,148.8715276871318,51.73835417023069,6.0,0.0,7.45,34.30922184787376,5.0,0
40.0,121.04977618929914,33.437192842227034,4.0,0.0,57.81,38.079330216433604,4.0,0
62.0,115.45016786324344,53.1184051325731,8.0,1.0,23.03,5.383914308143691,7.0,0
72.0,90.18762923984723,60.810137284883396,2.0,0.0,29.1,52.82836250931266,2.0,0
49.0,47.781510404189476,62.24069044065413,3.0,1.0,26.62,33.762105723384586,2.0,1
14.0,46.77229187207567,16.326722388174698,1.0,1.0,43.0,28.280501436439067,3.0,0
30.0,143.11318893515573,16.286263273815823,1.0,3.0,30.78,64.15699408819746,3.0,0
8.0,59.433826297743494,49.41371217282992,4.0,1.0,0.0,24.102044342208792,4.0,0
72.0,86.66657876635182,66.24344291151756,3.0,2.0,0.0,87.3920375616848,1.0,1
19.0,147.5439246986072,27.616887792628116,1.0,1.0,54.85,27.669198632626944,5.0,0
28.0,67.96402671121163,21.087821186380214,6.0,1.0,29.8,27.312885635300773,4.0,1
50.0,105.14433396665245,31.122586337002748,6.0,1.0,64.25,19.37235805528067,4.0,1
20.0,115.57177659023874,26.114290513310443,2.0,1.0,57.94,15.762867854482465,5.0,0
50.0,123.3124973265257,29.416666310924935,6.0,1.0,70.38,32.24198468514202,5.0,1
43.0,151.649695048163,30.49316289535366,2.0,2.0,33.16,51.35466107802115,4.0,0
56.0,101.20334193508126,19.986205586061043,6.0,0.0,34.36,0.8860358148214882,4.0,1
71.0,68.18157267403501,43.04641448095165,6.0,0.0,35.75,35.80013065239944,3.0,1
15.0,52.67154632975978,20.77265419038392,3.0,1.0,26.88,11.818109481429573,3.0,0
39.0,87.5816505111402,53.488138281094564,2.0,2.0,32.63,35.26711384961509,2.0,0
4.0,131.9080725297395,19.566352550290254,2.0,0.0,86.52,44.34625720287913,4.0,0
39.0,118.07178207457605,19.07469442652027,2.0,1.0,6.02,64.71368012885848,3.0,0
37.0,22.38348343630878,58.95957799866938,0.0,2.0,73.08,3.5858598147332117,1.0,0
69.0,101.88661478151946,32.554863605857705,9.0,2.0,88.71,24.136076454074722,4.0,1
48.0,109.67288664256806,27.585978141625304,7.0,1.0,74.45,28.479960491904365,5.0,1
34.0,39.25588282262612,59.77614216502457,5.0,1.0,29.2,29.245605117798238,3.0,1
1.0,53.064423594361536,74.92155020171289,2.0,0.0,59.27,6.799014840061668,4.0,0
28.0,75.9822237065564,58.42741446610342,1.0,1.0,58.25,29.28851975851382,2.0,0
72.0,76.78484985321755,41.07650995456372,5.0,0.0,26.55,61.796385228075486,2.0,1
49.0,86.52759046945417,33.09994096283282,7.0,0.0,17.34,35.13835724019679,4.0,1
1.0,37.26761865945095,24.466218527057702,4.0,1.0,65.0,10.664797715029135,3.0,0
19.0,74.02066257439373,42.95245586377791,1.0,2.0,35.0,24.703655719862272,3.0,0
72.0,125.49499482718181,58.65203332117142,5.0,0.0,7.63,38.73266273177082,4.0,0
33.0,141.61857164078845,33.38544949468218,4.0,2.0,28.78,63.1568896794525,4.0,0
65.0,149.52782120701858,33.58307129160636,6.0,2.0,27.1,35.66207376409208,5.0,0
33.0,160.60449691173324,7.42048007541746,9.0,3.0,0.0,78.55847793523769,5.0,1
46.0,114.74967428643271,49.16232454566738,1.0,1.0,39.66,23.211779709874126,4.0,0
43.0,89.70050297785781,24.904110543587073,2.0,0.0,64.31,48.075017045098335,3.0,1
26.0,27.149360388650784,2.3218410743980322,3.0,1.0,61.5,34.89508576459954,1.0,0
15.0,50.04687075079522,7.830984259813964,1.0,0.0,73.97,18.941302370708218,2.0,0
72.0,135.2645133442906,55.95318218568856,1.0,2.0,100.0,-19.093167163251007,4.0,1
72.0,50.053828423424534,58.884773619790145,0.0,1.0,43.93,18.077918970562237,1.0,1
70.0,83.58209364034207,2.555894135683774,5.0,0.0,29.73,4.0269136252903905,3.0,1
33.0,116.39620895470388,23.541165029674957,5.0,2.0,47.62,21.246659422988962,5.0,1
52.0,63.74116754087053,64.89359134731829,1.0,3.0,39.16,-3.942255926754214,3.0,0
52.0,115.98934289393418,45.40317159587773,0.0,0.0,27.78,47.97868617870695,3.0,0
63.0,109.48427203754947,51.40423132660825,2.0,0.0,100.0,11.553716028756819,4.0,1
17.0,45.43446123137122,6.478577502199461,1.0,0.0,34.28,22.443111294734464,3.0,0
44.0,106.86013422109048,13.603962217158466,4.0,1.0,55.06,43.78453219466636,3.0,1
58.0,26.724576016024347,58.633237776580486,6.0,1.0,71.27,15.456626012036104,2.0,1
39.0,77.04099878032491,79.52984249402641,1.0,2.0,32.63,39.96223451387535,2.0,0
39.0,107.3399870075001,58.62649656441198,0.0,0.0,40.38,35.81672001408158,3.0,0
38.0,72.2859374777614,30.724469776233892,1.0,3.0,45.26,9.499753213748976,3.0,1
28.0,103.56217312504957,17.001502392802834,8.0,0.0,33.78,26.85252594486036,5.0,1
72.0,45.980070171558374,79.92417526351524,2.0,0.0,7.4,23.13741839745819,2.0,0
51.0,97.22265428116427,19.00310210397309,1.0,1.0,26.12,58.05940623525001,1.0,0
33.0,148.21873977205217,29.516703455762997,2.0,2.0,45.16,56.45071909839199,4.0,0
61.0,109.49934712093275,57.683632008314596,1.0,2.0,34.15,26.882919536918337,3.0,0
59.0,109.02218023703395,42.04144152363329,7.0,1.0,32.56,12.351635582373174,5.0,0
51.0,142.18287391802895,8.372063777634768,7.0,3.0,39.51,35.918971671242545,5.0,1
72.0,144.5422672982523,21.935076657431043,10.0,2.0,75.83,30.375704613382982,5.0,1
9.0,29.57366484068819,36.51055105035755,3.0,3.0,35.36,15.312071439696512,3.0,0
6.0,41.44319169286702,16.553898531153365,4.0,1.0,52.07,8.127376190003996,2.0,0
28.0,94.79064398878774,34.3696036415487,0.0,0.0,18.25,48.67290152884096,3.0,0
38.0,109.5053108489595,26.536233313480043,6.0,0.0,62.34,39.26783294828345,4.0,1
58.0,74.49701878283234,44.656471609232476,0.0,2.0,46.8,-4.72653328939017,4.0,0
50.0,149.61260638928667,38.16038179446023,5.0,1.0,16.96,31.037251293645788,6.0,0
24.0,71.51771960556098,13.859367354183117,1.0,1.0,27.9,23.77147697296795,3.0,0
49.0,123.63467615264878,35.427258504838406,1.0,1.0,38.39,27.896976237548344,4.0,0
19.0,42.15402876608822,20.96944784235232,2.0,1.0,57.06,43.227823780695424,2.0,0
42.0,136.39844666008764,30.74658201169124,0.0,0.0,97.01,61.88740022394573,4.0,1
27.0,83.05237293245709,48.25419772344438,1.0,1.0,59.05,35.81190063342681,3.0,0
20.0,101.58366307246689,22.590949110368644,1.0,1.0,5.04,46.88650803545299,3.0,1
53.0,90.2664083444501,23.015659956285184,1.0,1.0,1.81,54.63039109474801,1.0,0
45.0,141.64320807421018,16.971940239086557,6.0,1.0,75.42,71.88898942381073,4.0,1
32.0,75.38401586887994,67.65921516336687,0.0,1.0,45.75,48.8329131516157,2.0,0
1.0,47.07757789306548,26.107172426619734,2.0,1.0,61.29,16.904180620993536,3.0,0
1.0,69.49544625554685,16.87223513294605,1.0,1.0,71.39,21.427381694156672,3.0,0
22.0,36.17842406593947,18.29254857638305,2.0,0.0,30.24,25.420389362348715,2.0,0
72.0,75.35944476589124,59.250423373903466,3.0,1.0,21.36,78.48393836133212,1.0,1
72.0,95.63570423861135,54.476443658091064,2.0,0.0,29.1,46.53153355699209,2.0,0
59.0,135.3879045006088,15.891826965744306,4.0,1.0,69.71,33.516777110650395,4.0,1
47.0,59.58606947939736,54.10849312611672,3.0,1.0,0.0,81.77854766491726,1.0,1
45.0,22.85698846406538,9.057069797687777,1.0,2.0,32.69,24.214469705290007,1.0,0
72.0,94.41232294187704,63.150452293407575,3.0,0.0,0.0,23.064251141729663,3.0,0
72.0,57.77163567218888,55.51678286550736,3.0,0.0,25.49,10.43892072307671,2.0,0
11.0,55.88532587851127,33.747852025040544,1.0,2.0,19.05,18.579467833298523,3.0,0
52.0,65.8494305265227,41.129205514540786,5.0,0.0,16.58,42.93634547163607,3.0,1
49.0,128.9933878022903,28.313466419908607,8.0,2.0,0.0,66.81981903033207,4.0,1
46.0,138.84901957169842,5.267674949218296,2.0,1.0,8.51,80.5220340579863,3.0,0
18.0,104.54220133226892,16.908845044763467,2.0,1.0,7.61,30.06841598836172,4.0,0
31.0,111.64301621320448,32.146204435517454,1.0,2.0,49.98,55.6608006615025,3.0,0
57.0,75.24492203326372,77.051629596504,3.0,3.0,37.76,56.89518473461655,2.0,0
20.0,64.27750202459828,16.39770474571462,2.0,1.0,11.41,29.13749757539054,3.0,0
17.0,38.73423222111626,43.73684476489373,3.0,1.0,8.46,32.10313713951817,3.0,0
13.0,102.52651809898853,20.78000805778887,0.0,2.0,34.83,29.83444518785349,3.0,0
57.0,13.245866326020867,34.703555773430544,2.0,1.0,17.8,42.97796125483304,1.0,0
56.0,60.79107083760374,48.154177361153685,7.0,0.0,47.37,5.396838260490265,4.0,1
1.0,99.72391209430228,33.51919590118224,2.0,1.0,37.79,30.931323330732067,4.0,0
38.0,69.64349009704533,29.125120791162207,1.0,3.0,45.26,12.896837662076939,3.0,1
72.0,66.66970344561727,73.8560589420943,2.0,0.0,11.23,30.645802003449433,1.0,0
24.0,44.02560000044658,61.74838478203373,5.0,2.0,23.19,51.861323596875465,2.0,1
71.0,91.49031030671533,36.86536902159374,3.0,3.0,16.54,27.285135980268855,3.0,1
72.0,75.74491727132065,78.57350136146843,5.0,4.0,16.48,43.00328893877469,3.0,0
72.0,91.92150072965762,65.23585674741692,0.0,1.0,11.02,39.55023504939883,2.0,0
34.0,90.7685692846245,35.99299524630874,0.0,1.0,58.18,13.94609272729334,4.0,1
43.0,95.50984880335,20.635519478573258,5.0,0.0,64.31,45.9800104529223,3.0,1
35.0,138.74335273817337,35.062667099981184,3.0,2.0,34.58,4.972937148415765,6.0,0
72.0,108.26820336049857,47.9323035304462,6.0,0.0,9.99,9.655329889813533,5.0,0
49.0,113.87892308018401,28.073484477206836,8.0,3.0,73.72,39.964369179054955,5.0,1
40.0,46.386584519595246,63.55741422726398,2.0,0.0,0.0,55.799140371556554,2.0,1
53.0,93.80160308561067,22.705832780795753,0.0,2.0,67.41,22.9190983425949,3.0,1
8.0,48.050524100749236,27.192888232642755,1.0,1.0,56.92,16.760213094034157,3.0,0
65.0,96.38433671225638,16.791089399986177,4.0,3.0,30.24,1.0822752685301094,4.0,1
38.0,134.18690588069066,22.054691405853376,2.0,0.0,65.39,71.66858066592424,4.0,1
58.0,104.72602966996419,38.90218300221701,6.0,1.0,76.13,35.02182725824934,5.0,1
66.0,123.5998944823229,18.27559177567736,7.0,3.0,46.48,27.52039139536816,5.0,1
51.0,121.00488127204909,10.67048748357123,3.0,3.0,50.54,50.63985495221182,4.0,1
1.0,56.61239206735363,38.00347124598545,4.0,0.0,8.55,-10.221625986570363,5.0,0
27.0,60.652950097715724,8.458653303341336,3.0,0.0,35.11,36.38063556491761,2.0,0
15.0,88.14750058784428,19.343967087078106,0.0,0.0,53.59,46.060101002186755,3.0,0
49.0,93.7404116973006,16.45092753023024,5.0,2.0,31.87,19.78460818541521,4.0,1
50.0,43.07103061003686,58.63424061483258,5.0,0.0,31.57,63.692692966099195,1.0,1
40.0,94.64352691488227,28.570034716954115,4.0,2.0,66.5,28.93346396743005,4.0,1
1.0,56.41624414780908,32.90428373412735,5.0,1.0,21.56,3.0430516200671143,5.0,0
4.0,63.397623244650426,6.350117931815831,3.0,2.0,41.72,26.559385323159706,3.0,0
64.0,81.29891777651335,47.35711326314021,6.0,0.0,28.64,65.53749921198643,2.0,1
51.0,104.688416834426,14.03311992259588,0.0,1.0,35.07,13.93923458513676,4.0,1
20.0,93.85063189671854,49.63427807391406,2.0,1.0,46.35,54.68017917584872,3.0,0
32.0,94.44643918806241,21.719766066505535,3.0,0.0,32.81,39.70602642353647,2.0,0
1.0,34.55246442843882,12.454341143352943,4.0,0.0,89.17,7.215037788895907,2.0,0
58.0,130.69650800375175,16.48419381470977,0.0,1.0,65.15,36.02772509758421,3.0,1
14.0,95.7733456029369,34.85606763147291,4.0,0.0,16.23,29.32199542735555,4.0,0
1.0,53.55428290445189,32.646183571709976,3.0,0.0,34.99,8.330834049146416,4.0,0
44.0,134.674705704592,39.77366152254084,0.0,1.0,44.53,51.870126718844176,3.0,0
72.0,71.8082428228895,67.72733480925804,1.0,2.0,22.96,40.31271349927186,2.0,0
72.0,84.12476774342076,51.55697210351233,6.0,2.0,17.4,26.449619746168032,3.0,0
51.0,44.56108894396348,51.078488927689044,4.0,0.0,30.94,62.506419832613645,1.0,1
67.0,83.54720494073112,65.0023382692601,6.0,2.0,22.36,-4.544389276259244,4.0,0
8.0,29.1745088022365,21.004646754063483,8.0,0.0,3.37,10.18168623797355,3.0,0
38.0,141.06407651489096,19.424511353499106,7.0,0.0,39.06,35.94962638792471,6.0,1
57.0,98.17850730153725,57.911015505842705,0.0,2.0,23.44,30.53739810203863,3.0,0
41.0,111.56035625430415,50.52634521494596,3.0,2.0,39.58,38.88072179462784,3.0,0
23.0,63.248281720883455,41.600914717398354,1.0,2.0,45.66,35.544360049516385,2.0,0
23.0,73.53306965273148,38.57182835239605,0.0,0.0,53.91,39.587339519732566,2.0,0
58.0,125.98719871009301,24.906917678928874,6.0,0.0,79.1,52.71261779984836,4.0,1
52.0,98.03072240220911,63.04347635866222,2.0,2.0,36.58,30.643923785666523,3.0,0
58.0,100.38831073532765,57.618741370304136,1.0,3.0,31.27,43.2693652248718,3.0,0
61.0,93.95417680618759,41.47589146013875,6.0,3.0,33.71,-10.207972622345686,6.0,0
7.0,104.2853621523501,14.922617059809973,0.0,1.0,12.48,35.90818010323826,4.0,0
17.0,53.553800980608415,28.010100667847677,8.0,2.0,42.32,-4.101279408395264,5.0,1
51.0,95.09265379685326,16.901381902505303,3.0,1.0,60.26,31.395519183314907,3.0,1
15.0,104.37352355963552,38.59884651460705,1.0,2.0,18.09,45.46315746651936,4.0,0
72.0,115.01794570050654,35.311493413786906,9.0,0.0,99.02,24.07388589660315,5.0,1
1.0,38.28798260426404,15.011292809772169,7.0,1.0,11.15,-12.115590908117628,5.0,0
26.0,37.07943970048811,31.59026000453353,7.0,1.0,79.5,13.39428874389494,3.0,1
10.0,51.5107416171155,27.641255526086937,0.0,1.0,24.13,13.174708686917224,3.0,0
44.0,50.00942324388224,45.021439932498815,5.0,1.0,37.78,35.31306453689346,3.0,1
72.0,144.0889592465398,56.63013078757249,5.0,1.0,16.35,46.32092458597424,5.0,0
43.0,127.84209560760446,35.8804983976386,0.0,0.0,37.93,66.38411013663814,3.0,0
59.0,151.52237242919512,36.130271148306214,2.0,0.0,100.0,41.247062534073585,4.0,1
7.0,32.51308050280422,24.17389853147551,7.0,2.0,11.07,1.8980405317366191,3.0,0
1.0,39.29681876521015,14.687462523090375,3.0,2.0,45.86,14.341738917018734,3.0,0
40.0,95.152236566711,49.88945502052265,0.0,0.0,50.57,34.03089998416045,3.0,0
72.0,51.07561580812754,84.12525037113554,3.0,0.0,7.4,25.50375320744844,2.0,0
39.0,127.03266287539851,51.50935356758355,0.0,1.0,31.08,48.815690210577756,3.0,0
71.0,90.44686597118525,32.17420572600215,3.0,3.0,16.54,12.242848563911892,3.0,1
58.0,120.98462279821159,46.64344282221922,4.0,0.0,25.2,24.955163788625754,5.0,0
48.0,108.86086043151853,43.81402970050677,0.0,3.0,36.46,25.15296183830745,4.0,0
72.0,66.29912636696406,80.64448284730123,0.0,3.0,20.66,35.648968354500035,1.0,0
33.0,131.59707890800132,22.454046278064972,3.0,2.0,46.72,38.59616339968892,5.0,0
64.0,156.75845832543624,39.650274222692104,3.0,1.0,20.03,49.803010231875106,5.0,0
31.0,35.48657285438166,0.0,4.0,1.0,50.54,21.20813911270682,1.0,0
38.0,120.58980082664186,38.314940516242565,4.0,3.0,75.17,30.74467771135639,5.0,1
41.0,112.08190100230928,25.41945250582401,3.0,1.0,74.31,40.1540140331291,4.0,1
42.0,136.0416589724646,24.28086632206966,7.0,2.0,75.89,53.35988622053404,5.0,1
28.0,52.15352811883205,42.98794374396893,2.0,1.0,46.54,33.466069821704046,2.0,0
43.0,32.01857864532127,57.59741600363159,2.0,1.0,45.67,8.795935158089883,2.0,1
40.0,113.1182380273541,51.18672524549564,1.0,2.0,37.43,36.46604992329733,4.0,0
72.0,80.61069279300688,25.949421349575065,6.0,0.0,93.8,-10.738416212243422,3.0,1
63.0,108.79748012924102,25.277420985907558,4.0,1.0,10.98,74.51497330161787,2.0,1
32.0,140.04706056063907,25.03653780145035,6.0,1.0,57.64,36.4699168843263,6.0,1
36.0,123.40392973250977,34.047665177204166,0.0,1.0,48.86,22.60357017138507,5.0,0
19.0,134.50854171370815,33.00291811866957,1.0,1.0,56.51,40.105644896088165,5.0,0
1.0,50.890902339467566,14.307343691696861,4.0,2.0,45.86,15.61625447930097,3.0,0
60.0,161.81773229423797,35.733175864393104,4.0,0.0,23.98,46.04903134397489,5.0,0
24.0,85.27027029025642,19.073624814158542,8.0,2.0,21.84,27.884477168200654,4.0,1
35.0,81.47906832421609,23.05997066502745,8.0,2.0,33.13,-0.6608439133322648,5.0,1
72.0,107.62413441781746,41.76511737012446,4.0,1.0,25.46,22.199520523742766,4.0,0
68.0,44.234952610753496,62.70136788846835,2.0,1.0,50.2,9.121858615861825,2.0,1
49.0,142.76502403860556,41.483073949953706,6.0,1.0,25.98,43.78613224078592,6.0,0
64.0,90.14944844496078,48.29631300135413,5.0,2.0,76.85,-17.578909059999766,5.0,1
50.0,68.65857266225163,62.054980156518305,0.0,1.0,53.52,10.843644033627163,3.0,0
68.0,38.92196547522248,57.76485206803522,2.0,0.0,82.73,-8.377004652422961,2.0,1
21.0,37.70717551410148,18.147310922823863,1.0,1.0,39.56,28.889524515204656,2.0,0
45.0,129.69344163673094,15.915844453470072,10.0,2.0,42.38,37.034031644282464,6.0,1
1.0,41.296388919558,6.493892692850996,7.0,1.0,39.68,-4.327387354905239,3.0,0
49.0,132.3447755946356,31.948545316994412,2.0,3.0,50.21,18.511423264924524,4.0,0
31.0,137.5103109566345,35.6663356040124,3.0,2.0,49.98,41.045666161943714,3.0,0
72.0,34.61496987135432,40.22933050369419,6.0,1.0,79.47,-3.6891708382793045,2.0,1
38.0,138.7955967236202,29.0610489619941,0.0,0.0,39.1,51.018274457343,5.0,0
67.0,73.87892742603957,55.62650133902591,7.0,2.0,22.36,-1.0201026038531076,4.0,0
72.0,87.27062311875959,30.299777500598825,4.0,1.0,21.41,51.70352201902892,2.0,1
51.0,113.00666839583343,61.45429606268397,1.0,0.0,35.03,58.090208621677284,3.0,0
36.0,168.7852573709827,27.16020158492955,6.0,0.0,72.39,64.92460680340432,6.0,1
54.0,53.062440593436676,43.19741489671438,8.0,1.0,60.33,12.38580443534452,3.0,1
61.0,94.38316495369075,56.23127095087283,8.0,3.0,33.71,-12.941006952799748,6.0,0
45.0,70.57733706485354,50.94378657635039,0.0,1.0,60.33,42.78847492599496,2.0,0
19.0,42.78987735454723,16.28883049910216,0.0,1.0,30.93,5.128137985715103,2.0,0
19.0,29.5673231960719,58.59966791447034,10.0,2.0,79.02,-2.0304428317416985,3.0,1
70.0,91.75537896481671,2.3239690818714753,4.0,0.0,29.73,-1.365884276423536,3.0,1
33.0,116.29835992461418,38.196899917011805,0.0,3.0,45.07,33.87015524263012,5.0,0
30.0,50.89512646921299,31.59859234229178,1.0,1.0,12.55,34.15253264985505,2.0,0
72.0,47.863423206304745,78.31701737492816,1.0,1.0,23.08,37.64776610025102,1.0,0
53.0,174.60681211653835,26.305688351806,4.0,2.0,27.45,29.80055904674593,6.0,0
54.0,48.24161798748148,63.56926270662893,4.0,2.0,34.96,47.12269929387593,1.0,1
40.0,27.384637357030684,39.36589003855939,0.0,1.0,34.15,36.605460288418385,1.0,0
44.0,97.41060899496368,23.297308738940206,2.0,0.0,18.75,73.89540476369571,2.0,0
67.0,139.63681583608954,51.29460250472854,5.0,1.0,2.39,13.268356822971517,5.0,0
1.0,42.155950440104434,21.27263813056109,6.0,1.0,30.44,-14.351677492065628,5.0,0
16.0,74.29210882104525,20.779635694525357,1.0,0.0,32.73,34.96783831956025,3.0,0
45.0,37.950368664914734,34.44651086947912,9.0,1.0,90.81,-10.855812982718662,4.0,1
60.0,42.481317136755514,64.14069738828931,6.0,0.0,57.69,1.6339309764094025,3.0,1
22.0,59.35057413989606,10.037304881283513,3.0,0.0,23.14,34.13322981486003,2.0,0
66.0,124.99354577692662,20.062890295066808,7.0,3.0,46.48,12.329093255150656,5.0,1
58.0,50.22769984518811,61.95836481550245,3.0,1.0,31.24,11.081917817585266,3.0,1
2.0,53.485739600394126,22.32708559471391,5.0,1.0,25.2,8.768312520401523,4.0,0
62.0,113.85144794199816,63.079054223778,1.0,0.0,21.54,39.77422543958871,3.0,0
1.0,33.01082619335124,16.635167678269276,3.0,2.0,61.79,6.722571305031929,3.0,0
44.0,109.47407327279495,40.6122906847083,1.0,1.0,44.53,52.92547041286303,3.0,0
35.0,53.943436723871145,0.0,3.0,0.0,82.85,52.35483571813391,1.0,0
20.0,77.126279697212,16.271606491808274,3.0,3.0,73.29,35.05616710982931,2.0,0
59.0,100.3971091651049,29.327650453610126,1.0,2.0,33.4,27.171524728550654,3.0,0
72.0,90.17764121167562,72.33879403856758,6.0,2.0,5.78,22.987880545901444,4.0,0
62.0,87.88548781425695,14.75435791304254,2.0,0.0,26.75,69.97127096840569,1.0,0
56.0,138.8514668831831,13.315699695279923,7.0,2.0,61.62,42.45322657813129,5.0,1
27.0,125.95283206282181,34.853854496126736,1.0,0.0,49.86,31.83770876311544,5.0,0
44.0,113.61691170165896,20.040825634708618,4.0,2.0,62.74,56.97812470364909,4.0,1
69.0,97.92490930569184,54.96340735775604,4.0,2.0,100.0,11.525746869580548,4.0,1
5.0,56.26118276297411,21.337234492619476,1.0,1.0,21.7,16.316141073258024,4.0,0
13.0,70.35763017648134,23.588726536423298,0.0,1.0,69.98,40.9749332575447,3.0,0
72.0,99.22808756519048,46.72446504372433,4.0,1.0,0.0,50.50968971091825,3.0,1
16.0,50.11952071869233,10.786107560344476,2.0,1.0,28.88,16.411091107077354,3.0,0
31.0,104.97898016445669,34.989999679189935,0.0,2.0,49.98,56.59398536833879,3.0,0
45.0,192.35959219624448,21.47200658208591,8.0,2.0,32.55,-1.577739500432859,8.0,0
3.0,41.14913043946483,21.21534649596427,7.0,2.0,11.11,8.027608302627906,3.0,0
61.0,37.20928528453037,56.58191124107758,1.0,1.0,44.07,5.17050473998464,2.0,1
51.0,83.1023151251454,22.15538303801224,6.0,0.0,55.33,35.83511253373341,3.0,1
18.0,100.48223888958394,39.46419793818415,0.0,0.0,45.56,57.402286920605526,3.0,0
40.0,65.89017109883636,58.525296882352244,2.0,0.0,0.0,59.27125387913199,2.0,1
38.0,117.1967843848617,6.451894475568091,9.0,0.0,30.04,31.427813613790995,5.0,1
72.0,59.16278645042193,66.49399441466115,2.0,3.0,42.36,2.162275049212857,3.0,0
72.0,35.370422778955344,74.29035406716213,1.0,1.0,18.52,-15.628062756847825,2.0,1
72.0,87.42492815885956,48.29971164364617,1.0,4.0,35.16,47.32616644464619,2.0,0
38.0,116.16575141708607,36.35927410561182,0.0,0.0,46.03,34.20485868989121,4.0,0
72.0,79.471189608077,25.650907081394653,4.0,0.0,93.8,-15.297873902140221,3.0,1
72.0,104.1274332573814,58.10207939670227,2.0,1.0,26.79,35.30004303648339,3.0,0
36.0,54.03156979214512,59.80350366583939,5.0,2.0,24.04,24.578454171366985,3.0,1
46.0,150.14762113068866,27.03976045258173,5.0,2.0,36.97,28.70329466331657,6.0,0
27.0,58.68969266334305,4.10740411982138,3.0,0.0,39.37,36.42277487064252,2.0,0
69.0,140.24953635726902,34.77453047770214,3.0,2.0,0.0,72.49193799316839,3.0,1
43.0,77.68006745148521,30.73824563957589,1.0,1.0,33.5,31.964121102231257,2.0,0
72.0,37.989892913471664,75.29865401279807,3.0,1.0,23.08,35.10668639408228,1.0,0
72.0,87.89469791831503,29.414043470199847,9.0,1.0,60.5,-0.6365780432255672,4.0,1
60.0,63.87964058451597,47.222085973947095,4.0,1.0,26.6,-2.0510312792876437,4.0,1
29.0,121.47331930486996,22.200026603478225,1.0,2.0,20.21,56.76212267327845,4.0,0
29.0,70.39468849311197,39.779900066905576,1.0,0.0,60.82,48.6311955329914,2.0,0
31.0,110.04335558339972,28.657998533341548,2.0,2.0,49.98,40.864958658807616,3.0,0
10.0,43.711648186814436,13.821242086939428,6.0,2.0,25.28,11.632160956624395,3.0,0
13.0,52.17128430483197,35.591300391463236,2.0,1.0,45.8,19.879446015080543,3.0,0
72.0,102.56325245120242,52.73706202804557,2.0,1.0,26.79,33.198920019755434,3.0,0
15.0,101.30948084747462,23.731099081437865,2.0,2.0,14.1,32.64975282965215,4.0,0
72.0,99.45262584514418,29.16969441462679,7.0,0.0,85.17,7.531088182347547,4.0,1
18.0,172.7840397178142,28.77023532403122,1.0,1.0,49.02,45.104942221006354,6.0,0
53.0,56.82279334048968,56.975974505326015,0.0,0.0,48.26,66.26805722652081,1.0,0
51.0,94.30596640478785,58.39048059269195,4.0,2.0,39.23,13.151201579192584,5.0,0
60.0,131.0880280606562,5.192993970752502,1.0,0.0,57.84,27.61220595663201,4.0,1
20.0,109.22416258217883,23.35797085681489,0.0,1.0,5.04,34.08252636124957,3.0,1
62.0,70.64747530736072,72.50415674415112,1.0,1.0,24.55,33.481684554550185,2.0,0
47.0,137.06345557753173,8.509329432682607,7.0,1.0,67.56,59.66009023066644,5.0,1
35.0,158.31183951282478,9.388039655390363,6.0,2.0,55.68,61.98593449770135,5.0,1
72.0,123.03892874227256,37.42718816751972,3.0,0.0,16.86,1.7386722843997422,5.0,0
21.0,126.9051206896558,24.12699135714521,8.0,1.0,50.81,69.38637257437082,5.0,1
15.0,26.235554263817,18.602438888161817,3.0,0.0,27.67,8.540800558453858,2.0,0
57.0,68.81934721132485,66.60762463631455,1.0,3.0,37.76,58.14008526843526,2.0,0
30.0,100.09492643992289,29.181155475676817,0.0,1.0,27.94,44.49617431945875,2.0,0
52.0,107.04554537435064,48.075725591012564,2.0,1.0,37.44,33.836319297198,4.0,0
36.0,119.24583706809227,10.605352272962262,1.0,2.0,16.39,57.16526864291505,2.0,0
72.0,99.05240155505047,33.860561739464146,7.0,1.0,21.41,46.79614121146679,2.0,1
55.0,132.12997030564742,10.887111095170338,2.0,3.0,27.22,78.2144236162058,1.0,0
50.0,145.8848970763503,39.33288775316985,6.0,1.0,16.96,28.62491868993754,6.0,0
62.0,132.0360332274749,4.931754067201705,9.0,1.0,24.88,77.15984002961883,3.0,1
72.0,89.30320134355034,58.16926846599026,3.0,2.0,12.87,4.578866802305809,4.0,0
72.0,33.66907402006249,65.08181347133163,1.0,1.0,43.93,9.334338813464534,1.0,1
40.0,139.85745759581297,42.60778586195006,1.0,1.0,34.4,44.00096181512819,5.0,0
50.0,45.378795032121616,44.355698607808726,4.0,0.0,31.57,53.996243365459875,1.0,1
70.0,88.73802133537615,46.8190451186912,5.0,0.0,100.0,9.326207036286606,4.0,1
53.0,105.82782305805107,40.36571699936701,1.0,1.0,39.73,13.15258363546588,4.0,0
59.0,97.0974961316107,16.85587221223641,10.0,1.0,63.66,25.342757937669848,5.0,1
9.0,29.649215483717526,5.744616475519282,7.0,1.0,42.99,9.973296869783406,2.0,0
55.0,48.0057070217806,43.14182745723503,3.0,2.0,44.38,34.766309276330695,2.0,1
72.0,163.99867674170193,32.21735658659466,3.0,2.0,29.44,60.392650280786256,4.0,0
59.0,63.70425970822588,48.51732595439943,6.0,0.0,33.54,-12.376763838815437,5.0,0
1.0,42.45638649018612,9.704684370779546,5.0,2.0,53.36,11.345549070938596,3.0,0
57.0,128.68230870684863,42.14939139279207,1.0,1.0,30.02,44.46243598821467,4.0,0
32.0,56.09717827196555,15.212764922113406,0.0,1.0,35.95,47.065345063808564,1.0,0
72.0,69.27053619685876,75.79030389631923,1.0,0.0,15.93,27.009337162854294,2.0,0
26.0,127.38654299412708,32.711706850341955,2.0,0.0,45.48,2.486275011717577,5.0,0
67.0,122.18942022803428,55.6392828873371,2.0,1.0,2.39,11.969764721084585,5.0,0
20.0,41.462211911194416,55.52827794991631,3.0,0.0,27.44,17.105488770112363,2.0,0
55.0,41.595089198334065,43.55403899198137,4.0,2.0,44.38,28.17064934794012,2.0,1
11.0,77.5089026808912,29.25964784217467,2.0,1.0,3.61,24.663326245105083,4.0,0
40.0,73.42690219882495,26.677848880686067,0.0,2.0,20.71,49.07706671704,2.0,0
5.0,55.62248319940795,32.84571883083027,5.0,0.0,0.0,5.4633917724388255,4.0,0
64.0,132.89552202069063,17.257626105524764,6.0,4.0,93.84,29.77676109060243,5.0,1
71.0,52.460732621232935,67.33344936877997,6.0,1.0,43.85,1.7566553492990744,3.0,1
48.0,46.641502213742704,35.75454988919425,6.0,1.0,68.34,5.32728041833791,4.0,1
3.0,86.49082422930488,24.556792783485722,2.0,1.0,44.74,14.809142907299195,4.0,0
23.0,53.84055747226494,35.336407255629965,1.0,3.0,46.53,38.02435288498059,2.0,0
54.0,85.33920097865791,35.30263785511049,3.0,0.0,23.53,28.054453500945947,3.0,1
59.0,109.79669198721291,48.00396006350155,2.0,2.0,24.63,14.356835534743972,4.0,0
9.0,83.65851966862789,21.86852333763149,1.0,0.0,74.29,36.69941695510997,2.0,0
1.0,43.08574309310762,12.237500995317893,7.0,0.0,52.57,-5.597209407178642,4.0,0
10.0,34.989994433101515,46.36698823264542,5.0,1.0,0.0,9.843292802844514,4.0,0
53.0,125.71816058072353,38.33533303466938,3.0,1.0,28.79,48.5031133270878,3.0,0
53.0,132.21624446631742,38.782821516932344,3.0,0.0,24.77,17.185598511426768,5.0,0
72.0,116.99580949505739,60.659537231820906,4.0,1.0,10.86,52.5953891909809,3.0,0
64.0,93.824409781349,41.98848497849528,8.0,0.0,94.4,6.272213801164755,4.0,1
51.0,80.27062357294912,46.180554841653645,6.0,0.0,7.9,33.59083038681989,4.0,1
41.0,92.87100407652017,45.2243913204064,1.0,0.0,53.48,13.005879049403697,4.0,0
1.0,83.09255567963389,32.43197596625735,3.0,1.0,43.46,21.151643590508595,5.0,0
31.0,69.98265307161819,19.811222304894926,3.0,1.0,31.95,39.96425175315574,2.0,0
26.0,35.51453289377241,56.71028764960518,3.0,0.0,77.98,-12.7071343771268,4.0,1
48.0,152.77478409606,36.17772834378245,1.0,0.0,16.62,54.27645364035192,4.0,0
8.0,43.02913280116698,33.81892737779699,2.0,1.0,59.96,24.13070707223517,2.0,0
45.0,37.50607477649499,91.83341192443353,3.0,0.0,12.38,-12.501701092428348,3.0,1
50.0,102.34383669277838,31.828968469313,5.0,1.0,75.08,42.28877813705795,4.0,1
29.0,60.51015678770613,21.959979641489777,1.0,1.0,32.15,31.81807986411428,2.0,0
34.0,117.96287269944963,18.497355446083393,3.0,0.0,54.03,51.49364228398446,3.0,1
7.0,100.31880191502422,19.19369646665491,2.0,0.0,22.71,28.695509896131007,4.0,0
15.0,149.95347625793556,19.108189131942076,0.0,0.0,52.82,16.032195083829315,6.0,0
37.0,46.909362986185286,1.7310748003120267,4.0,0.0,3.47,35.87935032864657,2.0,0
50.0,155.664177061236,13.854616817803123,1.0,3.0,76.2,53.76208614224492,4.0,1
28.0,54.12918296099994,37.441363628105805,7.0,2.0,31.35,44.215633753474066,3.0,1
32.0,163.47485372042874,27.7570551596335,0.0,1.0,34.35,53.55246489503841,5.0,0
72.0,137.60018215273112,44.1867287449477,5.0,1.0,16.35,43.579881449228864,5.0,0
45.0,119.92549420953941,47.29416622231749,1.0,0.0,43.75,51.54851226754765,3.0,0
55.0,122.50866462959317,14.764714683754809,7.0,0.0,60.45,36.87916325013251,5.0,1
33.0,58.6881096166976,17.58311240308034,0.0,0.0,0.0,20.713703390937155,2.0,1
59.0,65.37497375764951,57.025398943795764,0.0,2.0,36.77,36.99973514649879,2.0,0
19.0,39.79242586877905,21.866379818139755,0.0,1.0,30.93,14.515853936178427,2.0,0
50.0,107.67561127566324,18.772521768978326,7.0,4.0,61.91,38.81077190865359,4.0,1
47.0,192.25761597861413,34.23524564212005,7.0,2.0,14.01,38.093640272074346,6.0,0
59.0,61.444961600149014,76.91981486145163,0.0,2.0,36.77,41.37755982758328,2.0,0
40.0,51.754774372366114,63.55298099638591,1.0,0.0,0.0,52.32535223877504,2.0,1
19.0,71.76329565572964,4.22332845560398,0.0,1.0,79.33,38.81166785087905,2.0,0
52.0,115.42565763639223,6.023050061217313,0.0,0.0,38.97,68.25593213889621,1.0,0
54.0,79.51501396685771,24.834727870233394,1.0,1.0,16.5,63.72667870209922,1.0,0
28.0,43.08753530139825,0.0,2.0,1.0,63.13,35.46699827152236,1.0,0
1.0,44.62492820790729,26.11034330286677,2.0,1.0,68.26,26.52912789564268,3.0,0
65.0,144.59609159186803,65.52373626896502,2.0,0.0,16.06,63.044895159226826,4.0,0
72.0,92.81692990172758,66.15223157015267,1.0,1.0,11.02,37.64093560736139,2.0,0
21.0,53.70697551715742,13.343420292099061,2.0,2.0,33.73,31.365629762535015,2.0,0
32.0,69.49168332095475,34.59630083010681,1.0,0.0,64.85,60.08446256004661,2.0,0
23.0,60.35212788275969,20.539325594528645,4.0,0.0,0.0,14.175782983674111,3.0,0
23.0,60.11931655394014,29.48657359463679,0.0,0.0,41.76,37.24970056609709,2.0,0
34.0,167.6095271185394,29.67105987408684,2.0,2.0,26.77,48.49370987503531,5.0,0
72.0,153.23932713862771,29.963683524467015,7.0,1.0,100.0,23.928845471467515,6.0,1
62.0,130.32718582331663,42.05220009807117,5.0,2.0,100.0,22.748883737032266,5.0,1
50.0,65.43544237696688,27.322482000175995,1.0,1.0,48.84,22.728688332209387,2.0,1
24.0,86.19232437438794,11.357627998038566,1.0,1.0,16.1,43.52312802060145,3.0,0
30.0,119.45409922462764,29.814152036239957,2.0,0.0,44.1,31.60304684204939,4.0,0
72.0,70.02499106187258,64.2071054770911,5.0,1.0,13.89,11.085737574003108,4.0,0
69.0,124.9038125281501,31.47642723128334,3.0,2.0,0.0,71.327608307506,3.0,1
1.0,71.98999480048619,44.6481140410269,1.0,0.0,25.07,27.415376980205384,4.0,0
45.0,117.84412044534653,29.292355443499353,2.0,0.0,58.25,12.550277526693423,4.0,0
51.0,86.93540187902374,9.175907430449138,2.0,2.0,30.78,61.40491503005636,1.0,0
52.0,102.83732220315775,48.33725691871855,1.0,2.0,36.58,29.471993028852935,3.0,0
71.0,159.22518786255387,11.29056485890568,7.0,2.0,94.24,52.4449563897129,4.0,1
54.0,36.64727141379781,41.35667954922476,11.0,1.0,91.65,21.314479255118233,3.0,1
72.0,94.9736609905734,57.78326325859732,2.0,0.0,29.1,46.93791980935896,2.0,0
52.0,85.3192535341572,72.62753393885255,1.0,0.0,26.82,15.838842523559675,4.0,0
6.0,61.45927101056196,16.811610927837766,1.0,1.0,94.08,28.439617567350858,2.0,0
39.0,106.8200889929953,23.111407851991938,9.0,1.0,63.79,37.7719239924062,5.0,1
23.0,144.21979655256123,36.75279745171706,6.0,2.0,55.1,65.55985526691106,4.0,0
61.0,87.05644805112824,53.65270350878429,7.0,3.0,33.71,-7.839687111521878,6.0,0
41.0,108.06290333953551,33.03133115770926,3.0,1.0,74.31,30.985263577316477,4.0,1
28.0,83.95446887876699,35.26194494529286,3.0,0.0,18.25,57.81273217407285,3.0,0
16.0,57.35389091127915,13.970667475440163,2.0,1.0,28.88,14.012136320972434,3.0,0
18.0,46.78147451587588,9.064044600401578,0.0,1.0,50.27,22.899999738535953,2.0,0
42.0,78.38598938129059,65.65424636482574,3.0,0.0,45.61,13.603419002531885,3.0,0
58.0,187.61188928790094,5.288417434999659,4.0,1.0,56.32,61.761721023410885,5.0,1
48.0,114.60713466687385,54.684668498713236,11.0,0.0,91.04,33.08142622010894,5.0,1
35.0,104.14222412027382,41.84119236052876,2.0,2.0,41.76,17.60730254881969,4.0,0
60.0,140.21188078955322,32.55370813642604,3.0,0.0,24.82,28.85149452938272,5.0,0
72.0,34.37500622706476,77.50340725539135,3.0,0.0,7.4,20.782480189286375,2.0,0
7.0,50.803187019516926,17.09613352886855,5.0,0.0,0.81,17.888086449025675,3.0,0
38.0,79.4954380539663,44.35638090475078,4.0,0.0,81.21,11.165306996545274,4.0,1
24.0,34.703273856945984,63.566473622706354,5.0,1.0,57.75,16.847391960686902,2.0,1
37.0,112.69648008146528,41.60337956695175,2.0,0.0,39.79,2.699153229974389,5.0,0
23.0,49.8353929142941,25.319025483711158,1.0,1.0,39.95,37.543634251966076,2.0,0
52.0,146.28464559625093,1.1766190497774143,10.0,2.0,0.0,63.43728163419448,5.0,1
49.0,137.31657586646764,36.28955458060206,4.0,0.0,25.12,18.490117968449667,5.0,0
23.0,58.987205005861476,10.150614617763328,0.0,4.0,63.36,30.751381697978864,1.0,0
28.0,117.96320712914563,45.327473232829824,2.0,0.0,44.76,20.06447469389935,5.0,0
58.0,34.049091531431216,55.34961747444371,6.0,1.0,71.27,16.844272926841043,2.0,1
72.0,117.41248402558784,14.13276629711947,9.0,1.0,57.43,27.300077584121844,4.0,1
54.0,59.816733908935575,57.04930259974873,6.0,3.0,24.6,25.2336493866933,3.0,1
6.0,93.84965652718219,27.302788254527606,2.0,0.0,29.97,19.489123710977413,4.0,0
34.0,117.75638656380647,20.488649679812188,0.0,0.0,54.03,44.23026774676484,3.0,1
16.0,112.9350728080621,21.949523190175857,3.0,0.0,37.21,42.001433786256506,3.0,0
29.0,91.02722179774841,16.418648340231,3.0,0.0,13.77,45.506838534234966,3.0,0
30.0,114.85787334592538,41.19246173518108,0.0,0.0,44.1,21.68492706488761,4.0,0
48.0,153.9457117475339,27.22211384903427,2.0,1.0,31.82,30.325402335991274,6.0,0
5.0,133.26722629493787,18.950782921807523,0.0,2.0,60.58,15.982828974741302,6.0,0
52.0,100.57472255316203,39.65343153644214,8.0,0.0,0.0,47.84422387587676,4.0,1
45.0,83.48373869171422,54.61450619264951,0.0,0.0,50.51,37.087924431812446,3.0,0
67.0,25.082738822065544,43.69330100543475,7.0,1.0,52.52,-4.0098794164265,3.0,1
36.0,26.370490006600527,57.65280307042798,6.0,3.0,70.65,-0.2123319338874161,3.0,1
54.0,103.45572083331105,13.311148606800817,8.0,1.0,59.74,45.62648334407779,4.0,1
10.0,53.20296587452273,29.81947931877965,2.0,1.0,63.54,24.467971756056386,3.0,0
1.0,30.17233060745624,48.562082890543074,4.0,0.0,50.95,7.564132251823267,3.0,0
44.0,102.11121559119519,16.427475005657605,5.0,1.0,55.06,48.42805773343885,3.0,1
67.0,92.8471648897487,56.15052988121937,3.0,0.0,94.45,1.232696973026476,5.0,1
26.0,23.61220308013084,30.296238003965534,8.0,0.0,14.03,28.068308647348402,1.0,0
29.0,96.85476265962592,29.664855142331792,1.0,0.0,60.11,52.671168877122376,2.0,0
34.0,70.62753993694871,19.849535278670498,1.0,2.0,7.37,36.359187380746434,2.0,0
36.0,103.23198898939279,49.226128132954656,0.0,2.0,0.97,49.19168899853984,3.0,0
48.0,86.33579304413045,10.838970389985581,2.0,0.0,34.53,61.703908631360605,1.0,0
2.0,53.15138268371171,5.1841556593949,3.0,1.0,63.08,21.256131020891644,3.0,0
1.0,65.64289742018208,53.29080196949813,3.0,3.0,28.05,11.175570632778403,5.0,0
38.0,55.28056839465114,57.94956880515684,1.0,0.0,45.46,1.774088522271521,3.0,0
50.0,104.50214419170108,34.82930710852886,5.0,1.0,75.08,40.45507857396821,4.0,1
47.0,72.50444139659936,40.107551483305805,2.0,0.0,0.0,49.113191918489065,2.0,0
43.0,137.11018593767557,4.573054430413228,10.0,0.0,25.44,33.49995938450968,5.0,1
67.0,115.67959257768204,61.46538345313192,2.0,4.0,21.56,36.90239802002892,4.0,0
69.0,102.79786498766298,15.015016475986924,5.0,2.0,56.36,26.50194323548105,3.0,1
35.0,162.665567470562,8.019698190175456,4.0,2.0,55.68,66.75585540971645,5.0,1
31.0,161.1136861453191,16.543463958127656,2.0,1.0,36.79,60.841777054556665,5.0,0
45.0,129.9348540173047,49.129871271427774,3.0,0.0,24.38,-4.798349265939843,6.0,0
45.0,137.98517975007846,14.445414495522149,11.0,2.0,42.38,36.809284987873966,6.0,1
60.0,20.734882856162187,70.61357836314392,3.0,0.0,74.02,17.120314175722864,1.0,1
31.0,93.45843108932564,55.86433003910574,3.0,1.0,45.11,14.864405538066578,3.0,0
21.0,76.78395472326014,25.113400367202434,2.0,2.0,20.81,28.891189282094263,3.0,0
52.0,141.57329170116498,25.234828380854236,8.0,0.0,77.95,45.93798416115517,5.0,1
45.0,88.26772347049283,62.03103397767309,1.0,3.0,39.59,7.6642662999100395,4.0,0
47.0,109.35747649895977,62.253457363440404,0.0,2.0,13.47,29.51521263987475,5.0,0
37.0,94.2053838382131,27.528180846295506,10.0,2.0,45.31,24.89004287868962,5.0,1
69.0,62.108241979918915,42.76545304329022,6.0,1.0,83.4,-10.018835155023062,4.0,1
65.0,53.749762235362994,75.57458347557397,5.0,1.0,0.0,66.19040087552938,1.0,1
64.0,58.90717380076269,37.93360171081366,7.0,2.0,49.58,61.84470946196569,1.0,1
59.0,120.42885649449303,44.655626958427995,1.0,2.0,33.62,54.665488370054156,3.0,0
16.0,34.40587049141527,64.03888491657308,4.0,3.0,59.29,23.94141495403791,2.0,1
7.0,74.19822279314647,24.405331038133465,1.0,1.0,77.15,31.149291304549408,3.0,0
57.0,76.75842047257879,35.74316326513277,1.0,1.0,21.93,38.78994969252663,2.0,1
36.0,48.97866130404948,18.97080787739227,4.0,2.0,20.57,10.271190920970156,3.0,1
14.0,125.72377128341685,25.475004816395643,1.0,1.0,58.83,33.24508566913224,5.0,0
21.0,72.42221020265916,24.321331226765793,1.0,2.0,20.81,27.97695786514574,3.0,0
56.0,138.44096678779303,29.980728318203195,0.0,0.0,88.94,38.56116809093239,4.0,1
28.0,124.21324699901913,51.742788744816444,4.0,2.0,42.19,41.93489945474458,4.0,0
1.0,68.73776358724483,16.90737294137759,4.0,2.0,24.58,20.735768042636007,4.0,0
12.0,44.37056061868568,3.962121772043699,1.0,1.0,80.77,22.92074485472614,2.0,0
48.0,115.55649370899224,14.724598612886034,6.0,2.0,11.22,67.08421858668957,2.0,0
66.0,122.64018767811142,18.39294911448521,7.0,3.0,46.48,12.456645500225141,5.0,1
19.0,87.7810901370469,30.552480522227533,3.0,2.0,26.83,49.24629368694932,3.0,0
7.0,90.74671192693005,44.99570431631473,1.0,1.0,0.0,17.60067870730193,4.0,0
45.0,123.4223749319621,46.39057390744349,2.0,0.0,43.75,60.90528680037136,3.0,0
59.0,90.5899256422548,44.13222763283314,3.0,2.0,47.63,25.530869608375152,3.0,0
18.0,37.41546845788627,15.740951972629624,3.0,1.0,62.5,16.931607787278605,1.0,0
72.0,24.0510757530815,92.29152908481908,1.0,1.0,48.84,48.43572925987621,1.0,1
16.0,29.088080877075335,32.54389547824507,2.0,0.0,58.08,27.156469639500926,2.0,0
31.0,41.28366929625216,27.153919910675135,1.0,0.0,54.31,44.13186307741382,1.0,0
67.0,100.58886697079996,16.91496290295829,4.0,2.0,74.23,27.804777498221554,3.0,1
28.0,47.36539432758765,4.734317982111747,2.0,3.0,36.77,16.098832202874505,2.0,0
72.0,47.23201756871947,69.94869256074453,2.0,3.0,42.36,3.319672420415799,3.0,0
56.0,93.77422224333895,54.12020686727893,1.0,3.0,36.21,46.79970990702857,3.0,0
36.0,174.10152715621408,11.335295528671088,4.0,1.0,38.94,29.377276956249283,6.0,0
56.0,70.54198619849436,43.51349408359829,8.0,2.0,17.73,58.69439319482878,2.0,1
72.0,107.77878851151718,24.95278419844073,10.0,1.0,89.74,27.791681955181268,4.0,1
40.0,48.690905773931334,61.7516695761259,1.0,0.0,0.0,49.304815946574536,2.0,1
8.0,94.42499165355684,46.921526871702525,1.0,0.0,9.78,40.32540640200038,4.0,0
1.0,51.05409154266628,83.65800480178588,1.0,0.0,59.27,4.770670298606635,4.0,0
37.0,77.66563236304961,28.055731700784232,7.0,1.0,28.08,-10.117309553886987,6.0,1
1.0,76.30400713665703,37.41204527226509,3.0,1.0,38.36,21.834390964585957,4.0,0
72.0,94.31795410309854,50.34265955492807,4.0,0.0,0.0,23.739163675415373,3.0,0
72.0,80.23920458645966,73.33834328749427,5.0,1.0,0.26,7.040461322885712,3.0,0
51.0,107.32652483639407,15.393913712571814,0.0,1.0,35.07,17.441635742198365,4.0,1
40.0,90.92895635159391,54.141099814691216,1.0,3.0,28.5,27.034898038738724,4.0,0
39.0,135.04953879656688,23.167216315883522,9.0,2.0,60.51,49.86614265742617,5.0,1
24.0,73.03118756034215,29.499966063752527,1.0,2.0,49.85,43.39643252734184,2.0,0
1.0,55.85076388694755,21.031637320240307,3.0,1.0,68.26,21.71508614148434,3.0,0
32.0,42.163704026858284,28.124364790945194,3.0,0.0,25.52,44.973605710665446,1.0,0
36.0,125.05426821100463,34.751327147445025,0.0,2.0,40.04,32.42231441081916,5.0,0
27.0,30.77825630318854,15.458571241058053,6.0,0.0,30.79,33.93084455538741,1.0,0
72.0,78.98685438474382,59.35835492134522,2.0,1.0,30.63,28.96020748340181,2.0,0
11.0,84.83163062630294,47.08931243329222,2.0,3.0,15.07,25.29827806355317,4.0,0
10.0,79.19733956020298,45.89490900494887,1.0,1.0,0.0,19.27547160890685,5.0,0
60.0,41.45525230056623,60.94858977463133,2.0,0.0,74.02,11.742127299668045,1.0,1
21.0,38.68283656078226,66.61538066089778,8.0,0.0,35.88,1.5556481801770712,4.0,1
29.0,48.88646035031348,21.571902790499323,0.0,1.0,59.38,32.35857102489694,1.0,0
49.0,97.29834580420115,34.363879373018285,6.0,0.0,17.34,39.57714782011416,4.0,1
18.0,154.31624825200194,8.208409812837816,3.0,1.0,46.98,-5.538932129805188,8.0,0
1.0,98.03350984603037,28.574084658584027,0.0,2.0,21.19,15.170692974182774,5.0,0
5.0,42.82788028539632,27.143446922026097,6.0,1.0,32.37,4.7891408813501615,2.0,0
72.0,76.47299706792344,29.183451003325438,0.0,0.0,67.36,1.2222634608642693,3.0,1
71.0,36.163022936609494,72.62415790026016,5.0,1.0,43.85,-4.938117799391932,3.0,1
59.0,112.6913981689137,41.356365253972385,2.0,1.0,49.71,37.46891368194166,4.0,0
65.0,92.54137104502587,20.792414593073953,6.0,0.0,72.64,9.333403065781358,4.0,1
46.0,142.5766739374554,0.0,2.0,0.0,23.39,50.44505366947458,4.0,1
51.0,107.93883707945548,37.9341145248598,1.0,2.0,76.62,23.25966509613687,4.0,1
70.0,114.32956534436926,38.55264488255683,5.0,2.0,0.0,27.93504438118145,3.0,1
50.0,100.29878180252166,19.707565842589087,5.0,4.0,61.91,31.088436173850322,4.0,1
16.0,96.99756170898802,11.324141248207937,2.0,1.0,36.49,35.370553323750045,3.0,0
32.0,60.88716718159492,14.723137451846966,4.0,1.0,3.85,30.137114374195775,2.0,0
25.0,104.19229722149434,0.0,0.0,1.0,18.43,44.25962018670556,3.0,0
38.0,97.56733834990854,24.936906113076695,3.0,0.0,39.75,33.11249102284941,4.0,1
53.0,87.09120673367399,49.09972653416288,1.0,1.0,37.12,36.03505468743089,2.0,0
12.0,33.72652275313862,22.386167808157875,3.0,2.0,51.7,15.64591181799345,2.0,0
39.0,58.602690641472414,19.32396665536945,1.0,1.0,18.59,36.036030309090535,1.0,0
56.0,98.38524485161602,43.453689487275284,9.0,1.0,93.39,27.685984037873602,5.0,1
50.0,85.77593956177319,52.57004370252633,1.0,0.0,42.75,22.31414282239067,3.0,0
27.0,83.25682220614613,29.287251631528672,4.0,0.0,12.53,45.88261263831557,3.0,0
28.0,68.59576897802694,22.728366241188233,1.0,1.0,24.44,29.934097294279802,2.0,0
47.0,56.13304188355211,57.28110897074939,2.0,1.0,0.0,89.63235406403349,1.0,1
72.0,58.87541913824858,67.06666177787952,0.0,0.0,5.31,35.738454912468626,2.0,0
28.0,50.3405177095421,7.359440486928214,3.0,1.0,30.55,37.46039929815301,2.0,0
39.0,71.28562486955413,62.789802225918876,1.0,0.0,42.2,25.094580632144815,2.0,0
10.0,50.0812657089232,20.329962155508458,5.0,2.0,25.24,25.64493176583818,3.0,0
40.0,77.31827828186536,24.256030861493674,0.0,2.0,20.71,42.73693642178269,2.0,0
56.0,127.92405310003359,40.79915215369031,4.0,1.0,34.12,14.245737713162065,5.0,0
46.0,118.96755950383327,46.05736868631433,2.0,2.0,40.09,50.22981484183957,4.0,0
43.0,126.3126268596013,5.086257960493594,10.0,0.0,25.44,27.59121061535044,5.0,1
72.0,62.51734905329034,68.76448037493786,0.0,0.0,20.6,43.40975065601977,1.0,0
12.0,32.06180297469311,23.143400484302628,1.0,2.0,51.7,15.562701143067997,2.0,0
64.0,153.25087941562214,1.5165610329103516,8.0,1.0,38.84,43.47464990860765,5.0,1
15.0,68.98886999188215,6.394926057543814,5.0,1.0,16.4,15.378938806887488,3.0,0
50.0,59.94129129637521,34.20630419778725,5.0,2.0,37.93,32.487689328480435,3.0,1
72.0,51.609778834555385,62.93775460225988,2.0,2.0,64.39,19.843452791697963,1.0,1
37.0,51.34711848764218,16.72474327928181,0.0,2.0,4.02,35.51776745746845,2.0,0
1.0,80.2078912106285,41.91803429646235,0.0,2.0,50.37,-0.14410768639378801,5.0,0
23.0,54.64244833456249,25.713934166586707,1.0,1.0,39.95,32.63702664733907,2.0,0
72.0,39.69420960069044,67.14666154433012,2.0,0.0,0.21,28.78931934912082,2.0,0
9.0,25.020923989101657,58.185974432119146,6.0,2.0,59.16,-10.746227285522131,4.0,1
21.0,157.56254200826604,19.014985532198963,3.0,2.0,66.85,13.863625659593067,7.0,0
72.0,87.34812187442476,41.16071102350109,4.0,1.0,100.0,1.1403089379790714,3.0,1
51.0,135.45818804543813,48.82170357707025,5.0,0.0,96.53,29.088758267524703,5.0,1
67.0,44.309669729499554,42.47925494808775,6.0,1.0,52.52,-12.225204600379827,3.0,1
36.0,92.82027760188538,58.11579250940414,2.0,1.0,45.87,19.184576558057415,4.0,0
37.0,156.38328739685414,25.92162233089893,0.0,1.0,27.25,48.715328471373155,5.0,0
13.0,117.78658747124506,9.00667640292432,1.0,0.0,0.0,40.54028705938038,4.0,0
71.0,115.53476077999292,8.536406187055348,9.0,1.0,54.24,34.33643671973114,4.0,1
19.0,55.90604802369015,37.05751577965928,2.0,1.0,17.57,10.160690444843322,3.0,0
30.0,100.2034742831521,31.450651490371055,3.0,0.0,47.16,47.3167210128808,2.0,0
50.0,131.43323478914263,44.839429921948366,3.0,1.0,29.67,25.084759065536293,5.0,0
60.0,132.35904691878994,27.654997126645863,2.0,0.0,30.17,33.5140049229807,5.0,0
35.0,77.2778644398991,29.408992238996163,4.0,0.0,10.15,39.38383549128999,3.0,1
1.0,96.39436357301776,25.342946029402643,0.0,0.0,41.21,19.68597495174003,5.0,0
44.0,100.68988918065355,25.064417103466557,5.0,0.0,9.92,38.699598812220046,4.0,1
68.0,129.49346843602106,15.676562753838216,4.0,2.0,60.38,21.05140418443284,5.0,1
65.0,144.7919143468935,0.0,7.0,1.0,59.91,66.54354335568117,4.0,1
53.0,138.4502250803239,55.75218527746236,4.0,1.0,14.74,39.63424195223668,5.0,0
35.0,144.9683416941932,29.60978000133433,0.0,1.0,46.3,55.315134204800444,5.0,0
50.0,100.66440413259394,31.428560204105423,7.0,1.0,75.08,39.100437170424065,4.0,1
47.0,108.90866895830615,13.714050942132829,10.0,3.0,47.07,27.823333411761993,4.0,1
1.0,64.33325196076277,19.965455396892192,4.0,1.0,27.05,3.073538790673637,5.0,0
56.0,80.67520542506034,70.314694621727,4.0,1.0,0.0,36.843325933236855,2.0,1
72.0,101.88566420391706,34.61112839457153,6.0,0.0,85.17,12.033856631000042,4.0,1
41.0,42.07585619949049,8.427228337180225,5.0,0.0,0.0,20.180499085084353,2.0,0
15.0,54.78458804047633,28.2232706593146,1.0,1.0,16.21,22.44859030814285,3.0,0
16.0,95.04661557545168,23.122482099806998,0.0,1.0,9.23,43.191637715751284,4.0,0
58.0,124.87043488964221,30.762220096346766,2.0,0.0,95.35,33.09604440408947,5.0,1
1.0,37.858313065380266,12.920388778832438,4.0,0.0,52.57,-1.1852406077442907,4.0,0
54.0,97.86714202129825,44.655925170300016,2.0,0.0,24.73,11.081960790040629,4.0,0
3.0,50.38204606059976,30.339188509296484,1.0,0.0,58.66,16.163785125939945,3.0,0
65.0,108.11439281229381,34.56087595857561,7.0,0.0,20.86,-12.244465270273517,6.0,1
72.0,47.59283993434534,43.66131683601759,3.0,2.0,46.32,24.102181198418155,2.0,1
7.0,59.17784050573261,0.0,0.0,1.0,35.22,24.33202778272173,3.0,0
49.0,87.70257585215654,36.06954227376188,4.0,0.0,3.82,96.48961249400594,1.0,1
1.0,80.25482849840546,36.75381225487578,6.0,2.0,0.0,11.918993376503888,5.0,0
47.0,156.03472924844286,34.680483465068264,0.0,0.0,21.94,72.9129435794647,5.0,0
45.0,124.41974130934318,38.28640191891977,1.0,0.0,43.75,58.81510258509654,3.0,0
54.0,91.43881647274381,28.0414451740101,8.0,0.0,45.31,0.5304383057978512,5.0,1
38.0,67.97605923293324,59.710708948763745,1.0,1.0,43.74,42.93162916524141,2.0,0
25.0,43.937712662776796,45.95652954518221,8.0,0.0,64.35,-0.6197593091210152,3.0,1
7.0,85.32823604012624,38.15559354284823,4.0,1.0,0.0,26.51005092381155,4.0,0
24.0,94.1969907991061,34.03694877625324,1.0,2.0,60.29,26.431352820280054,3.0,0
23.0,30.364118447704463,13.969569994982757,1.0,1.0,40.69,20.787374086876312,1.0,0
23.0,36.80090147685801,33.97225832809308,0.0,2.0,45.66,41.298754877262304,2.0,0
1.0,71.83969334295567,17.67593509368122,4.0,0.0,55.14,14.673803599904401,5.0,0
22.0,81.44818402866272,48.17066631599153,1.0,1.0,16.56,42.1721835922534,3.0,0
7.0,108.79983458378683,20.6491627735997,1.0,0.0,39.08,32.479153284255595,4.0,0
32.0,56.23807332161738,39.7277775272603,2.0,2.0,0.0,44.64411180910278,3.0,0
72.0,111.96510589074452,38.64940484458156,3.0,2.0,13.88,3.4946947797340204,5.0,0
72.0,88.07598771680816,40.70453006083936,5.0,0.0,14.18,58.0348239783484,2.0,1
72.0,108.62387576868902,29.91295614393677,4.0,2.0,81.61,7.113040178737441,4.0,1
18.0,169.38017987089407,25.077529291289412,0.0,1.0,49.02,47.86290754995059,6.0,0
5.0,84.58661704287489,59.290311093685204,1.0,3.0,26.64,29.90716283001577,4.0,0
27.0,60.825388948622965,4.372114026145293,1.0,0.0,39.37,34.88843604541099,2.0,0
33.0,91.78871684627109,21.727592630299956,1.0,1.0,53.69,47.022063242536504,2.0,0
72.0,179.49121701003023,20.280874182221826,4.0,0.0,18.06,47.633005113719044,6.0,0
24.0,97.36847250073369,18.407312975639538,7.0,2.0,31.07,48.58756002106248,4.0,1
34.0,22.200390582158665,69.4406488121656,2.0,0.0,8.68,44.29478619143533,1.0,1
46.0,70.0994335756677,32.26556404545191,9.0,2.0,48.56,0.0010565146442793605,5.0,1
31.0,87.35081857557427,42.46064088042103,9.0,0.0,6.39,11.751559829474838,5.0,1
65.0,89.67215929024262,22.277682493981253,5.0,0.0,72.64,20.41400218858096,4.0,1
4.0,87.97386762601069,36.13315359306184,0.0,2.0,24.25,23.32414382068362,4.0,0
57.0,76.31141421421255,65.3866539789323,2.0,2.0,23.44,23.328552920856964,3.0,0
53.0,84.96730582604675,23.90384307228408,5.0,2.0,54.36,23.396455778930807,3.0,0
72.0,104.00986549867318,58.63573395325164,5.0,2.0,23.8,26.26677834418115,4.0,0
8.0,51.003297416552414,25.608729234799434,3.0,1.0,56.92,25.431727885139367,3.0,0
72.0,107.47179317424045,30.49447199356662,4.0,1.0,18.07,53.55417908033205,3.0,1
53.0,148.34953065148665,33.141795571962874,3.0,1.0,28.65,46.79892267289613,4.0,0
72.0,67.53893056860616,71.65516104762759,2.0,3.0,18.05,8.124701495630838,3.0,0
72.0,74.67304816077952,63.400162629095625,2.0,1.0,30.63,36.76243867697517,2.0,0
50.0,98.319599297038,46.26907532826047,0.0,0.0,35.21,25.382048558781875,3.0,0
18.0,38.163170659293385,29.191600531087595,0.0,0.0,40.44,22.76237273820569,2.0,0
57.0,59.742708045554735,18.416693784830354,4.0,2.0,41.57,62.960233787640135,1.0,0
47.0,108.5239525420085,19.405732207030923,5.0,1.0,49.33,16.34646395480162,4.0,1
55.0,91.08218290461733,19.451878559206236,2.0,2.0,15.24,53.1832983821027,1.0,0
72.0,114.09125426639835,68.07967626449151,6.0,2.0,0.0,49.31877408634899,3.0,0
60.0,157.56494997197163,35.0052844396505,2.0,0.0,23.98,41.24481186566172,5.0,0
24.0,50.539229611130466,26.983415444030804,1.0,2.0,25.62,27.49401155317119,2.0,0
17.0,34.53781444877082,15.185312644554445,4.0,3.0,18.67,18.03787382597176,2.0,0
1.0,31.872010122392567,6.862587247473907,5.0,0.0,100.0,14.8738586909396,3.0,0
55.0,141.170156979229,20.452831791345204,2.0,0.0,38.61,41.12916954813567,4.0,0
14.0,129.9592095147288,23.683175113520477,0.0,0.0,52.9,24.083914053262447,5.0,0
72.0,69.29781259280867,53.547307782387,7.0,0.0,32.42,33.99199415603604,2.0,1
72.0,88.26038696607867,49.56626608436348,5.0,0.0,6.6,5.886270036335834,4.0,0
17.0,51.27375216487913,38.59917158338124,3.0,2.0,46.52,21.920183795801982,2.0,0
59.0,122.02378131534397,17.97019148500951,0.0,0.0,70.98,56.75519788908761,3.0,1
1.0,77.25666692271125,42.822740130408754,1.0,0.0,63.76,17.312678145368384,4.0,0
24.0,75.9226414633496,29.122879239194614,6.0,2.0,30.02,48.1573292839875,3.0,1
64.0,130.53045710141836,55.317499125879806,5.0,2.0,35.79,40.877430975799435,5.0,0
57.0,38.77883946949707,27.22949316702602,1.0,0.0,2.87,43.5714022823003,1.0,0
60.0,135.7300305889749,54.430984448897114,2.0,3.0,11.58,41.316700414727194,4.0,0
72.0,88.736535371642,77.10161819465374,3.0,1.0,0.0,80.98367679739201,1.0,0
56.0,122.43475934128412,15.539661492066642,10.0,0.0,64.63,36.561204708992946,5.0,1
1.0,30.724338262772513,22.413946561718145,7.0,1.0,8.67,3.470385346552403,4.0,0
51.0,89.83761529880069,16.74528332616649,1.0,1.0,26.12,65.6383410125411,1.0,0
39.0,153.57133635253288,31.453840161918396,1.0,3.0,36.14,37.02191995780743,5.0,0
14.0,44.60544469632464,40.426792094258666,1.0,2.0,54.58,18.0107643710201,2.0,0
38.0,178.9185088420428,21.104433360463805,5.0,1.0,26.41,37.77177664150072,7.0,0
22.0,147.99974137265852,43.53255542755689,5.0,2.0,46.36,34.58681154917516,6.0,0
34.0,125.05889978534586,20.5491083398898,2.0,1.0,54.19,34.52447837764245,4.0,0
66.0,101.12441439125962,61.36632164770251,1.0,2.0,22.8,52.62379235706147,2.0,0
1.0,29.1966011103656,36.05772702819135,5.0,1.0,54.15,3.4922541868457024,3.0,0
72.0,103.64635157621997,67.28647671836693,6.0,2.0,5.78,15.688078163995826,4.0,0
20.0,169.85568364586806,11.523723855222265,1.0,2.0,54.22,39.31920133019579,6.0,0
61.0,51.235485561642164,72.0463306273578,1.0,1.0,22.69,-9.31291237913853,3.0,0
1.0,80.43302983649914,40.190415102892,0.0,1.0,20.92,24.125659698986055,5.0,0
33.0,176.29766239160125,27.40823676616714,2.0,1.0,25.67,36.67933739112324,6.0,0
55.0,110.32975870224928,48.90912718162105,3.0,0.0,30.94,31.581928912772547,3.0,0
8.0,41.538877206676204,12.479060747816286,3.0,3.0,16.81,7.396604604169154,3.0,0
45.0,142.76512902130347,20.850536150879638,0.0,2.0,4.6,65.1545866183073,3.0,0
40.0,110.2795532739954,34.98451787530099,1.0,0.0,57.81,39.35106315537289,4.0,0
72.0,141.98635717603045,55.23458988378193,5.0,0.0,7.45,40.54730766864284,5.0,0
53.0,86.13770832176534,8.007224395604137,4.0,1.0,31.43,30.939620578664353,3.0,1
43.0,64.02593666369827,42.37951006092015,6.0,1.0,25.56,36.57201089411426,3.0,1
29.0,72.14525096432001,40.55166567327717,5.0,1.0,13.01,47.45327328680192,3.0,1
45.0,87.5671108324228,52.624024164940884,1.0,3.0,39.59,10.809510041941387,4.0,0
50.0,101.28230459046972,29.38593732264108,6.0,1.0,64.25,27.629129470173794,4.0,1
72.0,87.4296139408792,47.30490828221322,1.0,1.0,46.32,65.90882454740066,1.0,0
72.0,103.98119651853969,63.899735347281556,5.0,0.0,0.0,56.104022589583366,2.0,0
72.0,27.031374404957916,83.43820861732286,0.0,0.0,16.44,53.009960214303725,1.0,0
3.0,46.004350207421005,7.071315632376107,2.0,0.0,53.55,13.732358274275072,3.0,0
8.0,35.05554387693648,21.68225559559772,5.0,0.0,11.0,4.772486981533243,3.0,0
60.0,138.9683708374475,28.13718365907485,3.0,1.0,93.82,32.3579669108188,5.0,1
27.0,61.753220339801494,4.73813198927844,2.0,1.0,59.05,40.07847304525472,1.0,0
72.0,99.84170042650047,46.455563055197786,2.0,1.0,27.14,20.073811955025356,4.0,0
54.0,35.23777285712456,70.30182833243177,3.0,2.0,43.46,26.523507029648098,1.0,1
1.0,30.27665786574081,44.01925468437854,6.0,0.0,48.63,-4.753756234308293,5.0,0
49.0,126.77119724213155,37.94617179750757,2.0,0.0,25.12,12.273797052387906,5.0,0
70.0,129.0080258527404,53.18748444743569,2.0,1.0,13.24,20.84659539288664,4.0,0
38.0,52.20612008264034,24.846064171139844,0.0,0.0,39.01,38.16353099870499,1.0,0
24.0,81.39065694051214,27.26938925531126,7.0,2.0,30.02,61.398439206965946,3.0,1
51.0,98.34665964773508,21.102605193455883,2.0,1.0,26.12,70.72864226570641,1.0,0
72.0,140.83152664055743,38.09699652320149,0.0,0.0,16.62,55.05847040966616,3.0,0
52.0,81.07602105652145,44.021612367453734,7.0,0.0,16.58,40.56808580339519,3.0,1
55.0,95.55105180312414,40.28059397605816,3.0,1.0,49.01,46.359142834163904,2.0,0
49.0,91.54772901778881,37.24104702232501,0.0,1.0,0.0,52.98121119196482,3.0,1
3.0,49.28556562608776,47.746537670460356,1.0,2.0,40.34,32.06673334213425,3.0,0
72.0,92.79274574046724,41.29579187163787,5.0,1.0,17.62,32.2653571100194,3.0,1
71.0,138.70074358974796,37.52463418639715,2.0,0.0,15.04,25.6008440422735,5.0,0
4.0,84.21585881247806,26.6494398954569,1.0,2.0,7.51,14.948516309308062,4.0,0
13.0,84.94199349320942,27.35031173585,1.0,1.0,69.98,36.46708105631055,3.0,0
29.0,107.47619842856882,18.634282700495454,3.0,0.0,13.77,34.665499008447426,3.0,0
58.0,119.01457218974974,13.450857469522033,2.0,1.0,65.15,36.32232500431898,3.0,1
10.0,118.1670140285051,14.13917435584071,0.0,2.0,3.9,34.746171788563416,4.0,0
72.0,107.09359774554574,43.10829216349531,1.0,1.0,100.0,35.50046770468204,2.0,1
72.0,50.28694973661145,81.62300222522502,1.0,3.0,20.66,35.52122438033187,1.0,0
32.0,62.575822478825714,19.38707522641219,1.0,0.0,30.89,36.153265796068375,2.0,0
56.0,51.51606434172688,51.41648569278791,7.0,0.0,47.37,5.082781712175794,4.0,1
48.0,143.04644081225496,28.94534319602673,5.0,0.0,90.69,44.12214778051748,5.0,1
60.0,104.751786940686,32.45654220457983,8.0,0.0,81.18,27.73264756967704,4.0,1
32.0,96.6696740962185,33.63791239336486,7.0,2.0,0.0,79.73916524972721,2.0,1
21.0,51.09267428050697,13.598910341136898,4.0,2.0,33.73,23.348092303827464,2.0,0
41.0,82.2682574151585,41.29413773098253,0.0,0.0,53.48,8.96867361217366,4.0,0
45.0,90.61696822277118,21.49719374204126,11.0,0.0,41.56,39.27134107138979,4.0,1
29.0,76.7668675875814,25.302739192079198,0.0,0.0,60.11,51.92292025461661,2.0,0
56.0,142.51971534307728,41.940340736356575,0.0,1.0,26.06,56.66490490879467,4.0,0
43.0,63.82572975470154,45.08309884155428,6.0,1.0,25.56,37.06044404618837,3.0,1
19.0,67.90497888069757,4.509894055236659,0.0,1.0,79.33,45.262634167495,2.0,0
49.0,91.23693379437573,40.06386252327557,2.0,0.0,3.82,90.89934031131602,1.0,1
72.0,57.10171206381334,67.66681000059931,5.0,0.0,24.22,-11.551017695216238,3.0,0
18.0,31.49699360243087,26.594926804494037,1.0,0.0,46.03,9.935032015132101,2.0,0
49.0,32.4809463304417,72.23594948354294,7.0,1.0,37.52,22.22576340897857,2.0,1
67.0,101.06925927652547,28.285287003645834,1.0,1.0,67.79,-7.665539818314193,4.0,1
50.0,115.10015948205904,26.27576127853388,5.0,1.0,64.25,27.692267236487137,4.0,1
72.0,88.34497393599203,35.463015476460264,5.0,0.0,25.1,32.73886710768308,3.0,1
15.0,51.67609488498405,32.251150247036286,1.0,0.0,67.22,33.99185045501431,2.0,0
10.0,49.58978021695495,32.44460413833707,3.0,1.0,36.17,11.206991396542655,3.0,0
36.0,66.90577264596726,56.22404373696605,6.0,1.0,5.99,55.610830000823775,3.0,1
64.0,67.85015373982648,41.84283968149866,7.0,2.0,49.58,61.729935356308275,1.0,1
48.0,119.10209749677117,0.0,9.0,2.0,26.35,47.688687129704405,5.0,1
45.0,112.11382749925222,45.44110768142488,2.0,1.0,37.06,0.3564043520648461,5.0,0
62.0,56.125273282881,91.12916463245561,1.0,2.0,15.24,7.4114580367988765,3.0,0
49.0,113.99164544600148,35.770877002451236,1.0,0.0,45.03,21.46447407382768,4.0,0
15.0,67.6575356775003,33.47993817159244,2.0,1.0,16.21,24.32926048411818,3.0,0
72.0,49.99695114325175,77.73605014309356,3.0,1.0,64.64,-5.051509238650615,1.0,1
1.0,61.8559334366355,41.31893956691294,3.0,1.0,21.31,14.879498852251356,4.0,0
26.0,108.06272775441442,56.44299883109294,3.0,1.0,32.39,35.42939067567118,4.0,0
49.0,111.45798974757696,13.226179593926283,3.0,1.0,42.73,22.29606641448593,4.0,1
19.0,90.24417226214551,32.27338437202326,0.0,2.0,26.83,47.87532204345453,3.0,0
68.0,98.57678392737958,48.11049421437412,4.0,2.0,21.78,-14.187407872667396,5.0,0
52.0,46.31305821342781,13.89489564950315,2.0,1.0,0.0,56.545203087894365,1.0,0
29.0,161.8605250111687,0.0,1.0,1.0,33.53,81.92217833416828,4.0,1
53.0,167.03190004278423,27.58716314822143,6.0,2.0,27.45,40.32150288331177,6.0,0
72.0,95.34013406778185,58.611988706275966,4.0,2.0,23.52,9.032446938398905,3.0,0
32.0,88.43897771391404,58.687102674893744,2.0,1.0,45.75,49.248006468600394,2.0,0
60.0,144.358341651536,36.305202141691716,4.0,0.0,23.98,46.70971567646101,5.0,0
1.0,50.89657787627044,14.497061444113152,2.0,0.0,52.57,-0.4035696752815223,4.0,0
1.0,63.270010504289125,25.542074036536512,3.0,1.0,42.21,10.15002139099506,4.0,0
59.0,83.8089105755137,67.18945520692938,1.0,2.0,35.16,56.84983260110758,2.0,0
15.0,62.67120173898745,31.384946579897235,0.0,1.0,16.21,20.823809738440346,3.0,0
52.0,77.79617189140295,70.53827033522181,3.0,1.0,31.45,23.90122989800374,3.0,0
53.0,118.29836915751565,38.146582973327995,2.0,0.0,26.75,-0.49954390087997425,4.0,0
28.0,81.32258610984947,14.004283124371975,2.0,2.0,23.87,46.409413142294454,2.0,0
22.0,37.04293731421674,23.921482478478893,2.0,1.0,50.3,30.791245381483595,2.0,0
66.0,138.49476079787408,47.437283809742034,6.0,2.0,27.61,48.59134222667397,5.0,0
31.0,127.9489199722347,31.313267017049945,1.0,2.0,63.69,31.2392599857264,4.0,0
32.0,57.99165146891419,50.220227579564465,4.0,1.0,20.32,50.06048603505114,2.0,1
40.0,79.86074602262863,19.867599681766368,0.0,2.0,56.02,70.34330951660762,1.0,0
58.0,119.66477438056762,27.86243515374566,6.0,1.0,76.13,37.01446308358088,5.0,1
1.0,20.029732187637343,9.234961082213976,9.0,1.0,14.35,-3.9813601047984193,4.0,0
5.0,45.94034994242106,36.4622505196609,2.0,1.0,39.2,15.725441034920532,3.0,0
4.0,32.20537089553978,35.976730854174164,3.0,1.0,84.62,20.158140606584997,2.0,0
72.0,46.407317695118444,50.95042412980461,4.0,2.0,78.22,-0.1340570263357801,1.0,1
23.0,110.16388327373181,27.77157581685398,2.0,0.0,52.09,17.88321697776186,4.0,0
67.0,81.36590385655323,50.73664297823911,0.0,1.0,23.86,22.05161605081865,3.0,0
54.0,138.19233789632602,41.847445788054145,0.0,0.0,33.09,38.42812913730554,4.0,0
34.0,89.60898692617894,49.09118478822305,2.0,1.0,44.2,26.610948219245405,3.0,0
33.0,114.66811526957045,49.54355918751611,0.0,3.0,45.07,30.10556692140394,5.0,0
34.0,68.06915449762099,46.99993171493103,0.0,1.0,44.2,22.848550411935932,3.0,0
72.0,104.90952928900205,53.05100161194984,4.0,0.0,10.84,35.104852712060506,4.0,0
67.0,115.77331522930592,40.93695275639345,3.0,0.0,17.05,14.786377145635479,4.0,0
1.0,87.00341453078826,4.28157822368218,0.0,3.0,62.64,22.267595728460844,4.0,0
72.0,81.423045066757,44.918646187297135,2.0,1.0,46.32,56.46481158463837,1.0,0
40.0,38.89642623901225,71.23041288160309,2.0,1.0,9.53,55.5174525579821,1.0,1
24.0,91.48850193807083,19.56607960216455,2.0,0.0,16.59,26.522082838302143,3.0,0
51.0,183.37681720765286,28.837297909304546,0.0,1.0,0.85,74.60492047224687,5.0,0
53.0,111.28838160000532,22.225445720669445,6.0,0.0,61.85,15.264772718380364,4.0,1
72.0,142.5926458573096,42.93513797842917,4.0,0.0,20.98,18.75403025789908,5.0,0
57.0,23.005994317516056,73.61865516716327,6.0,2.0,45.61,-3.297220507363713,3.0,1
14.0,92.67453911527379,24.909516528154356,1.0,1.0,77.15,49.090322867186416,2.0,0
46.0,93.90183924754194,17.277763494294906,0.0,2.0,18.78,47.637318365804646,2.0,0
41.0,144.03581444554644,43.321696726888355,3.0,3.0,29.7,43.6315899717436,5.0,0
72.0,132.4385160689633,6.596772811459854,7.0,3.0,60.06,33.454091707533316,5.0,1
39.0,146.62056574054083,26.376905132181754,1.0,3.0,31.3,23.79372676244136,6.0,0
27.0,29.02001869834762,21.929069752050516,2.0,0.0,22.89,19.757037947844903,2.0,0
72.0,81.06930774500175,62.881796299368375,1.0,1.0,22.68,53.08529434051985,2.0,0
50.0,77.0235688512332,42.17410418344903,7.0,2.0,37.93,37.19556510563199,3.0,1
26.0,27.836710288426076,72.2430620186267,4.0,0.0,77.98,-17.892718468532976,4.0,1
59.0,102.17450940110564,47.547693218082465,6.0,0.0,51.36,11.314734939785236,5.0,0
11.0,32.494237697406874,37.93457467193226,2.0,0.0,58.8,9.60370516133229,2.0,0
72.0,70.4192639538594,81.8009459770544,1.0,2.0,20.56,46.617689984303055,2.0,0
64.0,93.27437998221522,40.0742790155079,8.0,2.0,100.0,8.094554186132687,4.0,1
28.0,128.79511775535812,31.774906029195844,0.0,0.0,61.72,47.53962727524135,4.0,0
21.0,140.02102565530848,28.101210935136553,1.0,1.0,35.8,39.80247350577568,5.0,0
59.0,85.89442032724003,46.050668319675744,5.0,1.0,32.96,36.30159295865987,2.0,1
72.0,50.46145208793058,74.81992013256327,5.0,2.0,27.52,5.949447892753229,2.0,0
72.0,64.0039787998897,60.03621127792656,3.0,0.0,11.23,26.42570257144083,1.0,0
57.0,97.79243240197276,55.41919280243303,0.0,2.0,24.93,70.90205282854394,2.0,0
38.0,144.26002791498664,26.789297143898594,2.0,3.0,33.22,9.87389779334817,6.0,0
72.0,131.0650027974736,44.62880587229014,4.0,1.0,100.0,24.372375346543972,4.0,1
63.0,124.69541044550084,23.703437267298835,7.0,0.0,83.11,21.024570709627955,5.0,1
34.0,196.93497859986712,26.932913150518527,0.0,1.0,27.89,56.21306816529271,6.0,0
67.0,94.3056261805613,57.26844491060904,0.0,1.0,26.35,36.576954147543645,3.0,0
38.0,126.95601959368908,20.664556272627074,2.0,0.0,65.39,60.77131709029986,4.0,1
72.0,128.1775208197808,19.35745683036495,12.0,0.0,67.23,-4.495710655375934,6.0,1
31.0,49.892447055395806,18.72167549973934,4.0,1.0,42.19,45.176095825850254,2.0,0
11.0,75.08612664974018,36.23846999206253,1.0,1.0,7.36,21.90002705589368,4.0,0
72.0,47.424631532737656,65.58664077464532,1.0,2.0,31.74,46.613041511185955,1.0,1
57.0,83.8628208658167,59.952146943341205,0.0,2.0,23.44,32.72669515803926,3.0,0
29.0,153.04779707478326,18.63283942948603,2.0,0.0,52.4,59.14500969550397,4.0,0
4.0,107.67175270163229,16.460321051846837,4.0,0.0,86.52,38.57490748926841,4.0,0
49.0,110.6790344251926,42.04785873203801,2.0,1.0,26.63,3.814687448449785,5.0,0
34.0,131.19569325994058,47.94026725504986,1.0,1.0,34.13,29.312013987080647,5.0,0
58.0,86.04747093849349,75.89476556626474,0.0,0.0,19.23,27.256895422160603,3.0,0
64.0,139.44530817121023,15.345174582939496,8.0,4.0,93.84,36.304091379699145,5.0,1
40.0,77.27012318912797,48.485756993926465,1.0,1.0,61.57,5.9725954763896745,3.0,0
37.0,42.16712815870382,45.96109933530935,4.0,0.0,76.85,40.81467883091586,1.0,1
44.0,130.3829961062345,31.935683478520364,2.0,2.0,39.19,40.95265514088199,4.0,0
30.0,138.99454137179555,19.86195073398401,0.0,3.0,30.78,53.72091624756452,3.0,0
38.0,110.28710275927189,0.39769913424575654,7.0,0.0,30.77,46.17949211570989,4.0,1
72.0,38.07812000838519,50.42153169590275,3.0,0.0,63.22,23.568139462747137,1.0,1
49.0,93.27779749255595,0.0,1.0,0.0,18.18,56.84726369702415,1.0,0
28.0,79.10169724965475,27.028121102263153,1.0,1.0,0.0,28.964037672005947,3.0,0
20.0,54.20465818663469,21.94451966274546,1.0,2.0,29.73,31.044698378847553,2.0,0
34.0,87.81353193811556,40.13150970471079,0.0,1.0,44.2,19.328742761458102,3.0,0
58.0,160.00666728464975,27.541851022139042,2.0,0.0,95.35,29.478118517083324,5.0,1
52.0,126.44827587473245,15.835205999597306,11.0,2.0,76.72,40.26501152385063,5.0,1
59.0,49.344696524891795,49.95252116501013,4.0,1.0,62.98,10.117833782634058,2.0,1
53.0,64.42531732054047,22.414989777389263,4.0,2.0,54.36,20.697620240465945,3.0,0
33.0,65.49017279734736,13.624531212894968,0.0,2.0,20.84,44.021514526467755,2.0,0
1.0,43.18883467506842,24.198973249130514,7.0,1.0,0.0,-11.719987932506385,5.0,0
1.0,55.946038599526744,43.87090231647424,2.0,0.0,21.28,-9.034047357091415,4.0,0
32.0,84.96702747307567,49.25491355944838,2.0,1.0,0.0,48.70867078166411,4.0,0
31.0,80.55302680300892,45.9364062367,9.0,1.0,27.37,50.15344823904199,4.0,1
56.0,69.4712730496814,45.103862858967815,1.0,2.0,7.31,60.17308689951492,2.0,1
16.0,139.24831087625847,31.466404754111004,2.0,1.0,34.35,49.924076522662816,4.0,0
34.0,81.80337836376684,48.71233959869878,2.0,1.0,46.42,-8.889041575571973,5.0,0
43.0,81.63461701389491,28.662918560563543,2.0,1.0,33.5,37.032891360931444,2.0,0
49.0,124.25197014067106,33.108228465443986,3.0,3.0,50.21,25.353151186590598,4.0,0
40.0,128.39675059322047,43.831302734080694,5.0,2.0,35.76,13.33620749972065,5.0,0
32.0,51.81908125298031,56.580534205831,3.0,1.0,20.32,57.23285638060282,2.0,1
1.0,48.855073048852084,46.5613436662971,6.0,2.0,0.0,-13.414369384421247,6.0,0
72.0,101.46155369688074,23.878595177050837,3.0,1.0,77.44,6.818144757850455,4.0,1
29.0,157.63546390604074,16.01822855310004,0.0,0.0,52.4,60.51247495614078,4.0,0
59.0,69.9021057645371,68.47079419813485,0.0,0.0,34.59,26.398248983122595,3.0,0
17.0,49.33659006478371,14.574354709447135,5.0,3.0,18.67,17.00951982964837,2.0,0
69.0,96.93046203586765,25.039502511560897,7.0,2.0,88.71,35.87888703220011,4.0,1
72.0,101.97684075815431,56.335753902055146,2.0,0.0,3.8,38.09308312404053,3.0,0
24.0,78.18369230795234,15.558104950232888,3.0,1.0,27.9,40.92551896817291,3.0,0
53.0,131.56149869449555,36.28655890278346,2.0,0.0,39.75,25.985078815421865,5.0,0
45.0,90.79404298826304,48.708245698841694,2.0,3.0,39.59,18.374011309250854,4.0,0
72.0,85.9302507540792,44.07132162950839,6.0,0.0,14.18,62.695381730858855,2.0,1
7.0,85.30159554597006,34.7293626187584,4.0,1.0,0.0,23.803998006839226,4.0,0
26.0,97.89415704108423,34.35815442752376,1.0,2.0,65.46,51.7555154553746,2.0,0
32.0,102.58658176353447,40.02795579210606,0.0,2.0,55.49,23.331186104658908,4.0,0
72.0,131.04164802440974,36.04062516187118,2.0,1.0,15.18,16.156084504131126,5.0,0
51.0,98.04952953747042,48.90524183140592,0.0,0.0,21.11,40.92609421260194,2.0,0
49.0,81.83606840071833,47.93739463994735,1.0,3.0,86.98,8.254334990579633,3.0,1
45.0,117.79811512883555,38.74202926008944,1.0,2.0,38.96,35.25155330857236,4.0,0
10.0,66.80066717697903,34.31586901947441,1.0,1.0,36.17,11.98133310337932,3.0,0
25.0,86.04592113780103,28.272750152058546,3.0,0.0,46.0,51.244594910983885,2.0,0
47.0,116.74073895767954,59.51605672785276,2.0,2.0,13.47,28.905817156379847,5.0,0
13.0,85.50492907441463,23.284622099336065,2.0,2.0,41.32,35.50126257265785,3.0,0
21.0,65.72135918584914,15.247336438288444,4.0,1.0,39.1,32.130201226551485,2.0,0
45.0,69.0887772400344,56.10372591608952,0.0,0.0,50.51,34.338705791812295,3.0,0
10.0,82.37675736693765,24.486196685091333,1.0,2.0,28.05,32.3117465942981,3.0,0
1.0,32.00783723572604,45.580943299877354,2.0,1.0,37.86,6.120465087825286,3.0,0
45.0,86.10116186444034,62.348915312887996,1.0,3.0,39.59,12.364006506012473,4.0,0
72.0,102.95785567563898,57.19200500180058,3.0,2.0,1.61,38.266967551560924,3.0,0
13.0,73.87021882766085,52.69127978302332,3.0,2.0,0.0,79.27123132492407,2.0,1
16.0,90.57752511751147,11.434785120566515,2.0,2.0,12.43,34.68351536126657,3.0,0
5.0,51.81063285128926,12.372035507701582,3.0,0.0,28.29,9.554370773439743,3.0,0
72.0,118.1192558750721,38.882296594108276,7.0,2.0,4.7,18.72538579618881,5.0,0
72.0,95.4154108737594,23.7792886167055,5.0,1.0,61.73,2.4724837990793738,4.0,1
2.0,97.50064556435986,21.76189924931453,0.0,1.0,51.52,28.724341603962692,4.0,0
58.0,60.96132638703976,42.37198123302773,6.0,1.0,33.26,19.53200657161695,3.0,1
44.0,92.99566055161819,40.079838454315066,2.0,2.0,31.76,17.883093857856167,4.0,0
1.0,55.13048405656774,43.21571413481842,5.0,1.0,87.38,3.949536515997057,4.0,0
61.0,134.9344094103249,17.607605110337385,3.0,3.0,80.3,21.257524596994934,4.0,1
72.0,62.094757029655305,64.75839003756973,0.0,0.0,34.1,40.516705498013245,1.0,0
62.0,167.6364490966501,28.496407658863177,3.0,0.0,21.52,57.15832644753334,5.0,0
2.0,37.32927294904681,40.51920467874935,7.0,0.0,11.01,5.554319353249284,4.0,0
22.0,38.226406875891,36.26867422201214,7.0,0.0,53.49,0.9150591161215011,4.0,1
54.0,81.09166616033629,59.21780228182537,2.0,2.0,48.57,1.387343084669311,4.0,0
59.0,162.28881101739023,34.566474568300116,2.0,0.0,100.0,36.611451995247506,4.0,1
54.0,103.55391479503109,49.11889903557188,2.0,1.0,42.59,15.307901337427193,4.0,0
63.0,105.95997616692725,39.449040102367384,1.0,0.0,30.66,46.813085836673714,3.0,0
1.0,98.23708782799399,25.000736339160657,3.0,2.0,36.71,20.407173099208713,6.0,0
54.0,116.74417647568285,46.10301353378147,3.0,2.0,31.06,18.49116583573344,5.0,0
14.0,32.51663477552499,15.313117025459599,0.0,2.0,72.12,23.787401702634746,2.0,0
29.0,100.39093191019623,21.7745704263086,0.0,2.0,16.28,50.0387661809954,3.0,0
55.0,115.69030973353557,50.368114490502386,0.0,0.0,24.34,23.188507226501407,4.0,0
67.0,110.17491736648276,34.1904023568517,0.0,1.0,67.79,-4.129153391125264,4.0,1
55.0,93.73188519769688,53.46337502065855,2.0,1.0,12.41,8.72379493361409,3.0,0
44.0,92.52004573737568,22.045164944738797,9.0,0.0,43.96,30.72057516766286,4.0,1
43.0,100.69983831335438,22.282025046986977,1.0,0.0,64.31,30.24355166733347,3.0,1
1.0,43.98159091532662,29.31492396691544,5.0,0.0,22.2,4.127940375486251,4.0,0
72.0,67.64829101529118,69.8022590146865,4.0,3.0,18.05,8.478820575332193,3.0,0
69.0,72.85253439842978,62.48450877380021,1.0,1.0,17.75,32.47985674532635,2.0,0
1.0,44.779943843943585,17.75177425518598,8.0,1.0,22.26,-0.24217983839844592,5.0,0
56.0,158.3025148416379,47.579098803317976,0.0,0.0,12.25,51.387675826064815,5.0,0
11.0,33.790610417165304,35.3979552304573,1.0,0.0,58.8,18.510602789820183,2.0,0
11.0,80.52034606310475,4.0524031456218355,0.0,1.0,26.04,17.7923824008408,3.0,0
72.0,45.81842280660622,91.91905386932171,5.0,2.0,20.89,17.7461766261481,1.0,0
58.0,182.9930617101622,3.9724095616812987,3.0,1.0,56.32,54.75625975071597,5.0,1
36.0,31.713676352740368,48.39787052378267,5.0,2.0,77.13,-12.93773869598652,4.0,1
12.0,57.79491575763559,22.905787438732368,5.0,2.0,19.64,24.928720118068917,3.0,0
45.0,52.010099261202576,73.56331371540766,8.0,2.0,82.6,-13.487982673495738,2.0,1
9.0,32.3385670723123,21.76669337562512,2.0,0.0,58.89,22.60177579560714,2.0,0
30.0,58.1397951222078,37.00828440840044,1.0,1.0,12.55,18.575972302403272,2.0,0
53.0,70.82940066756015,63.478081916628426,0.0,0.0,38.07,44.73530327501628,2.0,0
1.0,55.62767187589087,40.63932524903167,4.0,0.0,34.99,15.533653799592102,4.0,0
19.0,166.95998409774933,11.630449607263282,2.0,2.0,53.94,47.87288798296664,6.0,0
26.0,39.44542979925081,2.4624709343975804,2.0,1.0,61.5,27.479509871033322,1.0,0
72.0,120.31228413160173,53.68555518788962,3.0,2.0,4.7,7.034201646909079,5.0,0
31.0,178.91433683861322,16.585738181394643,3.0,1.0,36.79,62.98111470430263,5.0,0
49.0,117.50440565378898,36.53249875440659,3.0,0.0,86.9,33.04723453050653,4.0,1
67.0,120.59717717287756,61.23684816876402,3.0,4.0,21.56,45.05051393918102,4.0,0
56.0,80.36826611517934,24.095304234138304,1.0,1.0,50.32,57.90913805913966,1.0,0
6.0,70.3676981091989,30.600281032033436,0.0,1.0,57.41,31.621728148542125,3.0,0
31.0,81.56254117095814,37.637182509477896,8.0,0.0,6.39,18.16604910304396,5.0,1
34.0,143.8356482288768,23.533585711033062,1.0,2.0,26.77,61.704448131635246,5.0,0
54.0,103.47419135940979,53.840956525642746,2.0,3.0,24.76,-1.7690311234408433,5.0,0
21.0,56.88693947651304,13.981040060388844,4.0,2.0,33.73,26.89026991605068,2.0,0
43.0,92.47510392924306,50.49011294708531,0.0,1.0,44.97,41.79552392432236,3.0,0
68.0,133.07608056526954,24.272302004016627,6.0,2.0,90.74,37.147034459228834,4.0,1
1.0,39.79955357106218,12.99420271302446,3.0,0.0,89.27,5.304375774435609,4.0,0
18.0,43.68306887979989,34.06719922564375,7.0,3.0,70.01,15.095823388026655,3.0,1
29.0,178.70262868906534,18.345414651144072,4.0,1.0,87.17,82.9720989832442,5.0,1
1.0,45.277455058276715,36.85682696652763,1.0,0.0,83.28,4.217002819571714,4.0,0
3.0,60.44075667204723,8.72053591366326,5.0,0.0,1.47,14.198978405207352,4.0,0
7.0,42.805336853496556,21.861582667620997,1.0,1.0,47.41,30.840757384285084,3.0,0
36.0,40.2565111127551,57.401060445788595,4.0,2.0,24.04,22.282341092581078,3.0,1
22.0,85.638099299877,39.23045480605171,2.0,1.0,16.56,33.60376167975852,3.0,0
1.0,50.006891023903776,16.27873105997365,4.0,0.0,52.57,5.436951576966042,4.0,0
27.0,89.2400006338328,0.0,2.0,2.0,43.9,37.22217478198286,2.0,0
45.0,126.43120458408275,32.50023668529945,1.0,2.0,38.96,40.32682950748686,4.0,0
72.0,111.90473683738124,59.1936872212529,4.0,0.0,9.99,4.894762680167691,5.0,0
44.0,131.78431374476793,31.173170520321648,1.0,2.0,39.19,34.55010475088906,4.0,0
40.0,47.58599902370081,7.168413704767685,2.0,2.0,23.52,48.51754405158388,1.0,0
5.0,66.63342807631923,42.81638412890063,4.0,0.0,36.36,23.435694713323223,3.0,0
1.0,111.50723949684809,23.203538845267758,3.0,2.0,36.71,26.720940363065544,6.0,0
25.0,64.04122526948362,32.38574069677806,2.0,2.0,0.0,40.44375823603498,3.0,0
72.0,71.3622115275568,77.91784217809308,1.0,1.0,15.74,24.74504026009678,2.0,0
64.0,82.42373377647182,61.973036897419526,0.0,1.0,32.23,25.942260463069907,3.0,0
29.0,67.85573412262224,33.589396223437454,2.0,0.0,34.98,33.9227525060445,2.0,0
72.0,87.65038214482702,55.21482515232683,4.0,3.0,4.79,36.00605136421775,2.0,0
40.0,62.4768744641608,35.63891379375864,3.0,2.0,33.18,47.64468849582029,1.0,0
11.0,78.30492919478081,33.48060141429049,3.0,0.0,8.93,22.57791299143299,4.0,0
31.0,62.30525577778131,59.0220330180848,1.0,2.0,0.0,20.64799498972107,3.0,0
27.0,108.7916334638745,48.64317060294697,0.0,0.0,50.22,54.206937754004244,3.0,0
61.0,70.93678499833183,55.80517868576323,4.0,1.0,46.05,13.41971937594625,3.0,0
72.0,95.9787413472424,60.240730993452395,1.0,1.0,4.41,57.23829001267251,1.0,0
60.0,149.34148104510444,36.40283414988102,3.0,0.0,30.17,38.14053094562338,5.0,0
37.0,74.70270094415818,30.60192356068632,7.0,1.0,28.08,-8.961707822273512,6.0,1
13.0,33.92300223934879,6.723344692817847,3.0,0.0,37.6,34.892170513083656,2.0,0
33.0,61.29321673975296,22.866409062131112,0.0,1.0,40.66,24.20376838359074,1.0,0
59.0,92.93649443653062,33.86945611482791,5.0,2.0,28.72,44.032240182591295,3.0,1
50.0,131.2105373411834,15.689624986352253,12.0,3.0,66.14,57.9079585401668,5.0,1
33.0,80.27140001811433,8.094293226852955,2.0,0.0,2.46,33.59222114254724,2.0,0
11.0,83.84996446810425,40.901953959739316,0.0,3.0,15.07,27.6687463559187,4.0,0
1.0,92.07621491660638,32.6366050459055,0.0,1.0,35.89,25.007912394551802,4.0,0
14.0,93.03915003685192,27.221861836490653,1.0,0.0,16.23,30.122357714722348,4.0,0
44.0,45.90592056218371,48.40112315800791,7.0,1.0,51.06,31.287435321919304,2.0,1
47.0,116.09218588433673,41.30763426718955,2.0,0.0,33.91,43.1220103611715,3.0,0
23.0,77.61849767192771,34.97403394154,0.0,0.0,53.91,31.03857476949741,2.0,0
40.0,138.5702075595854,30.44783630184424,3.0,1.0,45.18,40.17928292651476,5.0,0
1.0,41.26440173783308,5.382556628999754,3.0,1.0,21.47,-6.650438750142138,4.0,0
45.0,116.6531666664608,31.93777175092918,1.0,1.0,55.76,57.33685856333578,3.0,0
54.0,118.32985103922931,37.95655863811674,0.0,0.0,24.73,14.725545999703844,4.0,0
72.0,58.68179980045164,70.11179978484266,3.0,3.0,18.05,10.817556941502943,3.0,0
56.0,75.85142415192696,22.661480785678066,0.0,1.0,50.32,60.324254885585944,1.0,0
20.0,80.83217610348068,12.138031710751347,1.0,0.0,21.2,34.98597812325113,3.0,0
66.0,95.57437282520776,54.43515360496479,4.0,2.0,23.23,33.66659525107744,4.0,0
1.0,40.034271050850066,50.73194828218834,4.0,1.0,19.27,2.47738826783754,5.0,0
42.0,80.55210936063378,42.94211148829872,6.0,2.0,17.39,57.62333824991763,3.0,1
38.0,76.94621169258988,16.01227701917259,2.0,0.0,36.76,50.22114568594712,2.0,0
9.0,71.58618715711562,42.680509785640936,0.0,1.0,31.06,20.64956179072609,3.0,0
16.0,91.95463666136078,33.70099734790599,0.0,0.0,0.0,26.408337196995184,4.0,0
36.0,67.00131214934805,57.920129653762245,3.0,0.0,58.04,-14.256086849633764,4.0,0
15.0,60.637781748123665,39.5092059171179,3.0,0.0,0.0,6.822139020052802,4.0,0
29.0,107.54392981044957,13.878969131223203,0.0,0.0,37.52,43.63700477394508,3.0,0
43.0,127.34115105889728,38.44959421459943,1.0,0.0,37.93,62.80493425683869,3.0,0
72.0,122.34661080782521,34.48541871249674,4.0,1.0,24.9,20.890776868069143,4.0,0
53.0,112.65439273419274,12.90006326680553,8.0,2.0,25.02,56.573953998861846,4.0,1
55.0,109.57790932435609,11.35400720837665,2.0,2.0,52.3,42.90608913846778,2.0,1
60.0,157.29871673887706,37.73019833788421,4.0,0.0,30.17,30.7260659608915,5.0,0
11.0,54.750926710564706,38.86668506520512,1.0,2.0,19.05,25.85798756302708,3.0,0
50.0,145.5870478157352,40.00195123629316,1.0,2.0,27.59,54.76984063656515,4.0,0
7.0,55.610419361666985,7.288399731461538,1.0,2.0,41.57,21.014308003748894,3.0,0
53.0,100.21454261767094,43.682837387205396,2.0,0.0,39.53,12.434035037853894,4.0,0
9.0,43.2294524688865,20.95051270738684,1.0,3.0,58.69,20.15896349083004,2.0,0
39.0,117.68619268382416,35.136651283539706,0.0,2.0,40.34,11.672413283773441,5.0,0
61.0,111.63021890076512,11.672549491734076,5.0,1.0,40.17,26.483567927368394,4.0,1
29.0,92.48996410684941,18.628498948110696,0.0,0.0,13.77,33.84393734784602,3.0,0
25.0,107.02528769849383,27.366514205397024,7.0,0.0,27.49,29.83349373556066,5.0,1
45.0,82.80853110065914,26.525747428486113,4.0,2.0,87.75,51.499833208548026,2.0,1
32.0,84.44361196204564,19.268582283564662,1.0,1.0,18.54,45.63336830299245,3.0,0
63.0,89.53877743841257,67.73725221835207,2.0,2.0,27.44,26.694495897679317,4.0,0
28.0,143.40396016202,38.98260113694451,6.0,1.0,37.63,24.367888193369417,7.0,0
35.0,110.61017445280456,38.814926165382154,1.0,1.0,42.56,68.78430417737125,2.0,0
6.0,160.03800538357197,12.692717834592063,0.0,1.0,57.57,43.848797839188855,6.0,0
69.0,101.17478575652831,56.206230459668994,3.0,1.0,32.69,29.20163766714514,3.0,0
50.0,141.31100748025642,10.479776271001349,8.0,2.0,33.57,54.59024626585425,5.0,1
27.0,81.09243406392937,25.900982305052207,1.0,2.0,31.8,51.13588804908429,2.0,0
3.0,47.689054986077515,44.37121324939434,0.0,0.0,58.66,12.642272381265977,3.0,0
72.0,45.4260349080308,79.15625939703929,1.0,1.0,28.83,33.60824027906078,1.0,0
72.0,71.25324046569793,73.00603415385014,0.0,2.0,20.56,36.43645775965986,2.0,0
52.0,117.62309308377212,36.93776793474938,1.0,0.0,38.93,33.833160194698785,3.0,0
51.0,113.42967275273169,44.685727078098886,3.0,0.0,96.53,35.60348672050346,5.0,1
41.0,56.869653873622,45.56030524940387,5.0,1.0,39.7,1.1734163983796186,4.0,1
72.0,130.9603285470134,26.35158566650336,4.0,1.0,95.49,17.3962080174975,4.0,1
57.0,172.45359813408237,27.029517599441682,3.0,2.0,22.65,50.25356127224453,5.0,0
15.0,50.89025065117448,19.476313864223123,4.0,0.0,39.51,27.336141263221307,3.0,0
10.0,45.451857857939544,39.61202653181744,4.0,1.0,0.0,17.792957141959967,4.0,0
72.0,44.62486835145078,55.101980990543936,1.0,1.0,43.93,21.72551083157666,1.0,1
47.0,60.77667599867419,49.87255432496136,2.0,1.0,0.0,81.67648253751801,1.0,1
66.0,119.74671795974385,38.886055830056996,2.0,2.0,35.94,61.82427436931998,2.0,0
52.0,127.80397444551068,25.110284709892305,5.0,0.0,79.53,47.683229487715,4.0,1
1.0,33.60903569731964,27.954487065273014,6.0,1.0,54.15,-4.364714432793004,3.0,0
33.0,146.99331978738635,15.759019398022664,4.0,1.0,56.07,55.67262033584399,5.0,1
1.0,55.256481469764935,36.2169576875643,6.0,1.0,23.14,12.159091661652138,5.0,0
44.0,71.58368982994338,19.000230651408767,0.0,0.0,18.75,76.35794596956518,2.0,0
45.0,46.070436976531646,42.12618758314942,10.0,1.0,90.81,-9.299385944605854,4.0,1
1.0,29.996042913699206,15.220531694220625,3.0,2.0,74.17,9.020046534932728,2.0,0
1.0,154.9869904978361,9.957454791304398,4.0,1.0,67.0,25.801848611634004,6.0,0
72.0,105.37658912181922,57.60890212213832,5.0,0.0,0.0,24.20858066849211,3.0,0
7.0,57.27942595652057,7.652863473217073,2.0,2.0,41.57,20.640783837045866,3.0,0
24.0,136.54269577115662,17.549178861753166,2.0,0.0,54.83,48.826435947606704,4.0,0
12.0,45.51491432740453,24.47087870671428,1.0,2.0,51.7,22.441240392735438,2.0,0
35.0,87.40777164110563,44.63758464443451,1.0,1.0,0.0,79.83786694329554,1.0,1
18.0,57.66123050105246,4.804066494245252,3.0,0.0,20.28,26.569006060720284,3.0,0
36.0,95.6790984215365,49.74325093037022,2.0,1.0,45.87,23.97744332906776,4.0,0
61.0,30.805657601131053,83.06081460177612,3.0,0.0,58.16,38.90513084358045,1.0,1
11.0,104.77137363221814,26.878485577236543,2.0,0.0,63.64,38.777205139596134,3.0,0
12.0,38.158231437223705,30.841290614279433,0.0,1.0,53.75,34.81634069520837,2.0,0
38.0,78.12917379591565,30.912634549429548,1.0,3.0,45.26,12.92330233996567,3.0,1
20.0,112.703146197645,24.666305715469264,1.0,1.0,57.94,18.781072148928793,5.0,0
49.0,110.46371170052038,38.56771750679894,1.0,1.0,31.56,3.824602703674845,5.0,0
35.0,100.92573288998223,47.354405732311456,2.0,2.0,41.76,22.460740053718283,4.0,0
25.0,17.123991522765852,36.4178546501417,0.0,2.0,56.04,29.667630189119983,1.0,0
14.0,102.25933635244655,31.429419701214353,1.0,3.0,18.89,25.41851052320741,4.0,0
17.0,31.604998614033967,20.55886437486714,3.0,3.0,0.0,21.53152904655288,3.0,0
31.0,98.4600720597471,35.86679984922146,3.0,2.0,40.37,62.95476289465266,2.0,0
29.0,173.47355340016674,16.465799506745466,3.0,2.0,44.07,39.420344754345216,7.0,0
15.0,43.24312143462217,19.773826971802297,1.0,1.0,26.88,15.213892465199322,3.0,0
25.0,87.37079780679764,0.0,0.0,1.0,18.43,40.1192339373081,3.0,0
72.0,53.70588116579912,47.40458940188066,2.0,0.0,41.28,42.49505527308751,1.0,1
58.0,95.88445649904233,51.01000733027358,1.0,0.0,19.23,32.50917556541613,3.0,0
22.0,41.78245484424055,26.522246651456648,2.0,1.0,37.53,26.392391760783827,2.0,0
10.0,36.11101492451214,13.005398686847428,5.0,2.0,25.28,6.119922584663213,3.0,0
49.0,117.77715153491775,22.383528521061535,8.0,3.0,73.72,40.28853556437033,5.0,1
24.0,153.30501642706096,20.20377660020508,2.0,1.0,39.93,9.96167137728407,7.0,0
24.0,48.441760748342574,21.129265212724338,4.0,0.0,42.79,24.449945109585634,2.0,0
47.0,145.24388511310173,8.318767669727785,7.0,1.0,67.56,63.80689686728427,5.0,1
56.0,104.69450679485159,25.550548388576587,4.0,0.0,1.58,56.43069485511662,4.0,1
44.0,90.90392822558522,0.3678737744415934,4.0,2.0,40.58,54.32677175581798,1.0,0
7.0,68.98350640474857,32.39875996495786,1.0,4.0,17.55,25.24362402089551,4.0,0
1.0,40.873780732570665,32.50780508329543,4.0,3.0,84.97,12.52445507812882,2.0,0
69.0,111.37262897393428,20.843479043189628,4.0,0.0,82.72,33.968311997888286,4.0,1
70.0,115.16390288174145,43.100162175204005,3.0,0.0,35.53,10.229323489831145,4.0,1
72.0,94.2009856061106,48.362070877423996,2.0,0.0,9.51,19.08830441020826,3.0,1
52.0,107.02523873757156,45.28954464821656,3.0,1.0,37.44,29.209067637339754,4.0,0
28.0,126.89680599100299,28.35819755677344,1.0,0.0,34.92,64.92524690067557,3.0,0
58.0,55.193605375625935,47.01301372199452,4.0,1.0,33.26,29.738210801188306,3.0,1
11.0,50.718571928337006,37.83251518020836,0.0,2.0,19.05,24.90394920265808,3.0,0
72.0,70.05135068385565,62.077237164256026,10.0,0.0,32.42,22.746709635652746,2.0,1
36.0,128.96504551185956,34.268059467090794,0.0,2.0,35.96,54.795904056481746,4.0,0
52.0,131.45815270042863,20.30778736672195,8.0,2.0,76.72,38.22045028960768,5.0,1
65.0,104.85850668402794,57.88684430585903,1.0,0.0,22.47,76.29459259659909,2.0,0
28.0,148.7065892941709,33.815553372048974,0.0,2.0,24.55,26.496387095321616,5.0,0
38.0,74.69640428704338,16.875579992567467,1.0,0.0,36.76,53.714824935316074,2.0,0
54.0,122.79069298274891,40.60946169639388,0.0,0.0,33.09,41.06594578747282,4.0,0
1.0,48.855743126954806,39.18947274713092,4.0,1.0,0.0,-5.057505451279631,5.0,0
40.0,32.46927215704493,48.03333085647983,7.0,1.0,57.02,-15.751805595480516,4.0,1
62.0,103.00230889474523,21.020397628386156,5.0,1.0,43.85,11.85073913493712,4.0,1
52.0,84.89324247100818,51.36530424687616,3.0,0.0,26.82,20.202689023550036,4.0,0
72.0,100.60976390539564,26.863072789661917,3.0,2.0,81.61,8.794596342016302,4.0,1
57.0,92.31094219172165,11.59613622877308,6.0,2.0,43.67,24.72922082017771,4.0,1
55.0,136.0709936729143,62.48582963634151,1.0,2.0,10.15,59.75602767869578,4.0,0
11.0,88.19573857024301,39.50785640926517,2.0,3.0,15.07,27.387061034518474,4.0,0
33.0,134.71697560479208,29.168373849099346,1.0,2.0,28.78,55.382038596279784,4.0,0
27.0,126.65315287355807,8.573246175041863,0.0,2.0,0.0,51.94186653332511,4.0,0
49.0,99.86685888069512,11.52309527030494,2.0,2.0,1.49,64.7487753578053,2.0,0
53.0,65.23982018390997,59.24654386005848,0.0,0.0,48.26,73.39437330977748,1.0,0
54.0,86.54965267422796,50.43403914788242,3.0,0.0,29.39,18.234080472769712,3.0,0
29.0,112.13708874496784,31.05906410736147,1.0,0.0,63.13,89.8899787201588,2.0,0
62.0,42.230628628537765,49.39448190825663,1.0,1.0,50.98,50.297846922820234,1.0,1
30.0,130.45563107358765,33.38295480932378,2.0,0.0,46.7,51.39712584782137,4.0,0
36.0,95.01846212847319,55.559934955940484,0.0,1.0,45.87,19.226540419805296,4.0,0
20.0,84.74815951963285,10.041422452195668,1.0,1.0,16.49,39.37051718067152,3.0,0
72.0,69.65411831134672,53.297265410505624,1.0,1.0,30.63,38.73807265829028,2.0,0
72.0,95.3387013786273,51.797753300951705,3.0,2.0,13.88,7.6746257798596105,5.0,0
53.0,110.77690568767636,32.59733402547613,4.0,1.0,0.0,40.05363563657906,4.0,1
22.0,92.57555241790864,52.125239264541065,1.0,1.0,16.56,36.14049818030866,3.0,0
13.0,73.90173474713285,29.627212187047018,0.0,2.0,39.73,22.189104990080633,3.0,0
45.0,79.89489321996203,9.935042441661924,9.0,2.0,15.7,21.24168269603937,4.0,1
52.0,71.36631797731083,43.14170220728241,6.0,0.0,16.58,43.1946045841904,3.0,1
33.0,92.09152290421932,16.885991688346895,7.0,3.0,36.87,53.66420300580867,4.0,1
1.0,39.92871941108579,13.531305790606082,2.0,1.0,87.16,6.638957246946438,3.0,0
49.0,31.766802360043627,57.99032176697202,4.0,1.0,26.62,30.506277538310137,2.0,1
48.0,104.58163913823688,20.108033625979015,4.0,2.0,11.22,66.11223050463185,2.0,0
18.0,43.86240448108866,15.305604598950822,5.0,1.0,62.5,28.31503040130945,1.0,0
24.0,45.9455385166341,46.291288203526435,4.0,1.0,0.0,23.820996428059544,3.0,0
34.0,39.28137184866469,14.382564016087331,1.0,0.0,35.45,28.664679430741664,1.0,0
1.0,55.9851145394236,25.671039706995735,7.0,0.0,40.34,-5.877404278957744,6.0,0
49.0,62.28969622509328,44.125779420597986,6.0,1.0,32.49,22.644340083778662,3.0,1
15.0,54.8354653493473,20.64198992955692,2.0,0.0,39.51,23.475065376336318,3.0,0
27.0,34.829433058385845,18.429752136682588,7.0,0.0,30.79,38.02797401275154,1.0,0
50.0,68.5267945149485,16.639697520947742,1.0,2.0,38.83,51.646425464397666,1.0,0
28.0,108.13955625466184,43.634315736144025,1.0,2.0,11.61,47.93542261235213,3.0,0
72.0,79.81684260321545,44.81821072733399,2.0,1.0,100.0,-0.19671480708943534,3.0,1
34.0,123.55533816684661,17.522819780345024,2.0,0.0,54.03,52.05213794217546,3.0,1
49.0,29.831729950309153,65.47406717249386,2.0,0.0,39.94,13.239639554976257,2.0,1
45.0,87.01095262918469,15.941591851909404,1.0,0.0,27.88,21.073303483460368,4.0,1
67.0,97.09685521483455,19.724432403332223,2.0,2.0,74.23,26.04032330279218,3.0,1
16.0,29.233045875079824,29.782461054555483,0.0,0.0,58.08,24.135890418640543,2.0,0
28.0,119.77278040866146,33.371541810988695,2.0,0.0,34.92,60.61239803091946,3.0,0
5.0,87.03044207282127,20.255000648104808,2.0,1.0,34.53,21.56712361789193,4.0,0
10.0,109.74870296708364,14.12897593845268,0.0,2.0,3.9,39.24980576973692,4.0,0
1.0,44.51917417937729,49.300493110435156,5.0,0.0,50.95,0.596137488917666,3.0,0
72.0,112.15550007842532,0.327055238796602,8.0,0.0,63.38,21.728510793343403,4.0,1
44.0,65.8110054502831,45.041027312151755,6.0,1.0,45.7,25.491798778951186,3.0,1
27.0,142.54805643632395,25.72125032662595,1.0,0.0,39.64,48.230037951978204,5.0,0
60.0,131.58802333718836,64.81826123281259,5.0,1.0,33.43,38.16752696748802,4.0,0
49.0,70.47097749748232,48.16599807294162,7.0,3.0,36.94,54.78221438368559,3.0,1
10.0,67.98377878808478,54.81313008707095,1.0,1.0,15.76,31.123067332165732,4.0,0
58.0,102.43680598201601,58.388489485049604,0.0,3.0,31.27,42.3904204800247,3.0,0
54.0,113.8182265116586,44.9702537515767,1.0,1.0,21.52,42.57233427141996,3.0,0
1.0,36.108775425886634,13.819484212518883,3.0,0.0,89.27,10.002265873762465,4.0,0
8.0,89.81486797230255,24.005723925595724,2.0,2.0,35.64,43.99675644601811,3.0,0
46.0,150.56650552679784,26.381600615484434,2.0,0.0,26.78,33.71034111403631,5.0,0
36.0,74.83672351273634,53.38404191535426,1.0,0.0,20.86,42.59637240301297,2.0,0
28.0,141.8757077212017,27.951370786315355,3.0,1.0,42.75,55.015664960168465,5.0,0
7.0,41.443004723319525,22.01327508988495,2.0,0.0,50.09,19.430368139548666,3.0,0
23.0,124.22685219051236,38.25554416496373,3.0,1.0,74.14,45.600740550376344,4.0,1
62.0,56.36437079017059,25.877991371486214,1.0,1.0,26.49,64.32095158717851,1.0,0
60.0,158.3283094157685,21.639406605173026,6.0,2.0,27.89,13.310206961313298,6.0,0
61.0,77.35524199104374,57.536629097884244,5.0,1.0,33.17,-7.332600312107238,5.0,0
62.0,115.31117031695712,35.689771900742514,5.0,1.0,43.77,13.330874657794096,5.0,0
32.0,52.39265437331286,35.9565013484584,2.0,1.0,23.52,23.806711993898865,2.0,0
69.0,95.6932779407039,52.819986069384505,4.0,2.0,100.0,22.869806004176255,4.0,1
69.0,88.23279675606975,58.48159799870012,3.0,1.0,32.69,21.871642660170572,3.0,0
25.0,42.08446034916937,16.442503040986658,2.0,1.0,13.43,22.130114310446046,2.0,0
41.0,107.31165349670556,37.163931502888666,1.0,2.0,39.58,48.67361281266495,3.0,0
59.0,91.9933293620886,51.702531169760455,2.0,2.0,35.16,49.02372103831359,2.0,0
50.0,110.73854626035032,44.95630219640838,1.0,0.0,35.21,23.35387586118169,3.0,0
13.0,64.17374955593255,38.66783076435931,2.0,0.0,19.41,31.438680289026763,3.0,0
63.0,106.27611379519487,37.727377261659704,1.0,0.0,30.66,60.577684601201824,3.0,0
6.0,69.87756860849137,27.076200560876877,1.0,2.0,17.92,8.817673493571252,4.0,0
25.0,39.32434592684453,36.74114039354218,2.0,2.0,56.04,31.770831819474836,1.0,0
23.0,116.91711524769502,27.93773352293501,3.0,0.0,52.09,16.774255353131387,4.0,0
3.0,45.14739217138321,26.303270458763112,1.0,0.0,58.66,10.924075324194977,3.0,0
50.0,62.56744825689505,6.54509142441855,2.0,2.0,8.51,39.64885609619664,1.0,0
65.0,67.36031010788453,64.76988600006737,2.0,0.0,34.0,13.494196442784881,2.0,0
63.0,151.74626582448755,40.25724192604337,4.0,1.0,13.77,61.69315917394037,5.0,0
41.0,151.32024221445522,16.87348572991369,0.0,1.0,47.42,49.20652314532183,4.0,1
72.0,57.72901064824114,66.60910582564695,7.0,1.0,27.34,24.84466100806842,2.0,0
56.0,34.5268457579366,48.815865986521935,4.0,1.0,50.12,23.506407924785613,2.0,1
53.0,135.02663420203314,46.54177871441704,4.0,1.0,14.74,38.36041849496529,5.0,0
32.0,112.43883183577407,38.234494098165236,1.0,1.0,40.46,17.50043209369504,4.0,0
59.0,167.1757248808574,31.47478128427361,1.0,1.0,8.39,44.886626101871386,5.0,0
58.0,140.53004642948852,36.63063052676691,4.0,1.0,26.32,57.58684638985357,5.0,0
1.0,44.41790967357615,10.396150937467535,3.0,1.0,71.67,12.719709313712592,3.0,0
72.0,130.15871364032208,64.57112420524784,3.0,0.0,16.02,35.49072451000514,4.0,0
59.0,104.41188277378032,45.6671006067725,0.0,2.0,24.63,14.07607198312571,4.0,0
72.0,115.64063451810826,42.19307672114219,5.0,0.0,19.25,10.465460313061378,5.0,0
50.0,139.36566222971112,19.17261789438089,9.0,3.0,66.14,49.08233006115209,5.0,1
42.0,180.84557657647866,12.133165585871145,3.0,2.0,42.26,31.933378645928997,7.0,0
5.0,62.61643817063073,40.220944336987394,1.0,0.0,36.36,29.21908057841436,3.0,0
1.0,48.75400650534725,63.5871456922483,2.0,0.0,59.27,13.07958158453445,4.0,0
1.0,68.94135656693626,42.23446770344618,0.0,2.0,20.64,28.89657042082223,4.0,0
45.0,31.097883330449008,76.56847616923433,3.0,0.0,12.38,-0.9047625779188282,3.0,1
56.0,99.8029767726557,0.3126496237392226,2.0,3.0,32.6,25.91215155584106,3.0,1
52.0,138.46937633930492,29.7704695163588,7.0,0.0,77.95,44.7440287472321,5.0,1
44.0,80.39543341380858,18.027663205583075,0.0,2.0,15.79,48.41189163977811,2.0,0
72.0,70.85194120456107,84.51015206938274,3.0,0.0,0.21,20.260844559922976,2.0,0
8.0,95.40686571091067,47.75982500583128,1.0,0.0,9.78,48.74203372411561,4.0,0
54.0,83.17536263125032,23.157073329240863,9.0,0.0,45.31,6.075555730733292,5.0,1
41.0,123.69856265486106,21.18089884913301,6.0,1.0,54.18,45.233762719738884,4.0,1
72.0,99.24821097099253,57.04220609799025,2.0,1.0,13.78,24.0448072990169,4.0,0
42.0,75.8264861462032,57.052312675472876,2.0,0.0,45.61,14.082227546033776,3.0,0
20.0,145.67433310316858,14.048334155118534,0.0,1.0,49.9,14.098237033243272,6.0,0
5.0,45.8035884424221,27.95299385229422,6.0,0.0,51.68,15.691705704361052,3.0,0
22.0,40.78740119922034,37.03294458537075,8.0,0.0,53.49,3.3705793939889794,4.0,1
23.0,66.73395976525586,21.950961571413753,6.0,0.0,0.0,20.465363796223873,3.0,0
35.0,127.49267985691051,31.825261376379054,2.0,2.0,34.58,-2.8387350344632694,6.0,0
71.0,110.4718089013147,27.09627385893578,4.0,0.0,83.78,11.07561577674679,4.0,1
38.0,112.48424042440082,5.9570262935335485,7.0,0.0,30.04,27.691206506137227,5.0,1
10.0,88.6726263387649,53.378783715216755,3.0,1.0,15.76,36.27349150050051,4.0,0
72.0,131.0793504674922,56.1943067747676,4.0,0.0,10.84,26.584172888102973,4.0,0
69.0,128.9823264089338,5.126993232991596,6.0,1.0,38.51,21.350841892107862,4.0,1
71.0,91.31403990323666,34.58639066705781,2.0,3.0,16.54,29.54311717987555,3.0,1
19.0,62.27558867429531,42.39272396820276,0.0,2.0,40.74,31.566772516799187,3.0,0
13.0,79.17248647564581,29.73536547276741,1.0,1.0,69.98,38.992146848989535,3.0,0
52.0,123.45010936255765,35.70785210539134,0.0,1.0,25.18,60.26826795209299,2.0,0
55.0,103.67129867995608,39.34514061551756,2.0,1.0,77.71,9.05181969017648,4.0,1
66.0,106.3138841912445,45.39359537893961,2.0,0.0,21.43,26.116448157967234,4.0,0
40.0,176.16286311528114,16.354618671137718,1.0,0.0,34.02,39.745787954231595,5.0,0
37.0,34.28730611030774,52.30068734336075,1.0,2.0,73.08,-2.4486172412011724,1.0,0
45.0,94.09559527085516,32.12335660620308,7.0,1.0,72.69,32.35930915676238,4.0,1
56.0,51.722975411974616,53.47204287066472,4.0,1.0,38.45,20.806814459800123,3.0,1
63.0,120.0642976570113,48.74326726542294,1.0,0.0,100.0,2.0289391669306838,4.0,1
45.0,99.37481943646833,24.33816724836684,5.0,1.0,45.1,15.197653031105025,5.0,1
50.0,98.1705916611107,47.92698410466348,0.0,0.0,35.21,13.615288146012219,3.0,0
49.0,109.1129736137634,53.304353395914795,0.0,1.0,27.42,61.76810082929337,2.0,0
72.0,139.9319197160449,35.24595643858926,5.0,0.0,20.98,38.418232218207315,5.0,0
36.0,145.52392287692325,28.92108021210874,0.0,1.0,37.05,50.2883432856187,4.0,0
13.0,62.157349087047635,42.31015032481487,2.0,0.0,19.41,26.415624756801186,3.0,0
43.0,139.50796693871126,45.484917619231005,0.0,1.0,24.38,24.716738807888994,4.0,0
66.0,102.54633170297657,52.56097594548652,1.0,2.0,23.23,35.25732576141919,4.0,0
31.0,113.199018652466,23.338859106894862,2.0,2.0,63.69,27.873999908892724,4.0,0
25.0,84.66765804274212,18.113768614468892,4.0,3.0,0.0,25.982389494569645,3.0,0
72.0,112.65374637390862,18.726905052127034,12.0,0.0,67.23,7.331063668818574,6.0,1
23.0,89.86857556813236,12.43250133856446,2.0,2.0,0.0,28.611878038423256,4.0,0
17.0,26.971316903812536,28.64598813382575,4.0,2.0,38.13,18.538429544231096,2.0,0
49.0,46.44838154802665,49.51364847031199,8.0,0.0,41.19,46.006519773160605,2.0,1
58.0,122.05801337552344,21.73537402817491,6.0,0.0,79.1,47.26479308072848,4.0,1
62.0,115.49042271325283,28.254811709924237,1.0,0.0,25.35,77.63721371712215,1.0,0
13.0,63.86724169283721,34.66456179925262,2.0,2.0,39.73,33.30248678819494,3.0,0
2.0,92.02458193394376,22.225230434638306,4.0,2.0,12.44,20.24473273514761,5.0,0
49.0,41.069492455559924,39.01063827909,6.0,3.0,64.63,-6.980413575744443,4.0,1
72.0,87.09141234908336,51.020625887262,1.0,1.0,11.55,53.35840402538522,1.0,0
72.0,101.35642712104409,62.2036425324067,3.0,1.0,18.13,21.231037042680125,4.0,0
72.0,122.89659077259158,65.36805015133456,6.0,2.0,0.0,47.147572175649486,3.0,0
29.0,75.30966007386229,22.453858589303426,2.0,1.0,0.0,31.474423375394966,3.0,0
72.0,71.12148584354105,79.11849794812998,0.0,0.0,5.31,38.930080369695645,2.0,0
37.0,34.36749606971854,42.245582369788266,9.0,1.0,61.46,3.4339584563085808,4.0,1
66.0,110.31889452794482,43.379921191778834,3.0,1.0,32.46,49.44741287954318,2.0,0
28.0,101.16938718032435,27.06124415398426,2.0,1.0,16.93,39.14651616960208,3.0,0
1.0,55.004353536083535,12.131953152438225,5.0,1.0,33.14,9.326265768548563,3.0,0
19.0,120.02761809488686,29.333643147076167,2.0,1.0,50.58,4.38866192407149,6.0,0
72.0,100.85702392002203,59.94841473527373,4.0,2.0,21.64,21.79368368563761,4.0,0
49.0,140.16175019277324,23.56842084162228,8.0,2.0,100.0,52.722271396707285,5.0,1
25.0,54.01090301406499,31.021875917038837,2.0,0.0,19.62,32.62311875412303,2.0,0
15.0,103.6124824360337,28.011838828700043,1.0,2.0,14.1,26.461754640472854,4.0,0
29.0,73.60343161219443,37.77802156134455,4.0,1.0,13.01,45.807902766613715,3.0,1
21.0,52.90962524684588,20.284088998615672,3.0,2.0,39.84,23.009172006427296,3.0,0
16.0,35.19763908276113,24.429754918919542,3.0,0.0,71.97,13.785851064107984,1.0,0
26.0,126.19092804164757,3.411526947737122,8.0,0.0,34.74,64.42472660720779,4.0,1
31.0,88.42970172488626,20.065534818281282,0.0,2.0,11.08,44.34442727878566,2.0,0
11.0,37.436907147438525,45.232683202460485,1.0,1.0,31.68,3.7824904570667677,3.0,0
72.0,108.17552726757397,52.54840497267114,4.0,1.0,17.67,7.7089006324636,5.0,0
50.0,116.91772602877847,44.80183140159442,1.0,1.0,29.67,24.881423026848893,5.0,0
72.0,42.31447412820579,70.32473094419998,4.0,1.0,43.93,19.90748929449009,1.0,1
72.0,127.38434838926115,47.397432755173824,1.0,2.0,3.98,86.5743306786965,2.0,0
21.0,112.2400829197367,42.057068674886466,1.0,1.0,53.96,35.02179224992614,4.0,0
52.0,120.96001728434376,45.01854472644923,3.0,1.0,37.44,32.60878494690297,4.0,0
14.0,98.53260854143065,33.466172118699525,0.0,3.0,18.89,26.897284519835154,4.0,0
38.0,82.00342378634656,46.01256854101244,4.0,0.0,81.21,10.299293375936134,4.0,1
50.0,93.81586055888636,30.962581476024138,0.0,0.0,16.38,54.5721674460174,2.0,0
24.0,157.04309235165766,7.148136314189695,6.0,0.0,46.69,69.11205667294288,5.0,1
39.0,112.86205355390014,0.0,3.0,2.0,9.33,48.54382508263768,4.0,1
72.0,148.47364262484803,29.082660846782833,7.0,1.0,100.0,22.2601932462808,6.0,1
12.0,48.34617300514425,28.958602929171256,5.0,2.0,0.0,7.0624444791183585,4.0,0
29.0,36.21313919120314,47.24689011610615,2.0,0.0,79.83,-1.6163539117028591,2.0,1
56.0,117.86925738268752,33.98198585461786,4.0,0.0,30.39,65.52744084796407,3.0,0
1.0,38.1410430991765,44.14785429688647,4.0,3.0,44.85,4.276105567119554,4.0,0
11.0,80.57426586048187,44.62187259469315,2.0,3.0,15.07,22.063156521976055,4.0,0
26.0,163.02389662017455,3.6271994895128685,2.0,1.0,60.94,16.011900940771845,6.0,0
56.0,93.62914617004047,61.83365753930977,4.0,3.0,36.21,44.938395666903794,3.0,0
1.0,60.56655702279452,37.041613987553276,2.0,0.0,63.66,13.450575533984708,4.0,0
15.0,42.56193185117262,16.2447301304084,1.0,1.0,48.99,15.989374006017673,2.0,0
65.0,99.3058660754284,40.077244999855026,0.0,0.0,90.01,-2.9204480660428196,4.0,1
37.0,142.00262492459902,16.51145819480539,8.0,1.0,70.87,68.79132292853951,5.0,1
8.0,61.885306672815375,47.42557282131666,0.0,2.0,44.55,34.62281531324714,3.0,0
49.0,97.01544121676886,16.530683524904273,5.0,2.0,31.87,20.015024822439663,4.0,1
13.0,77.37227145245271,0.0,2.0,0.0,26.39,42.494141035114275,3.0,0
72.0,69.28740470347246,50.082583414300636,5.0,1.0,40.09,35.23512637453126,2.0,1
72.0,29.228522115639112,65.3124297474302,1.0,4.0,40.82,16.69896599228308,1.0,1
14.0,74.02252491565356,1.787088729472715,2.0,1.0,30.86,29.997290863723215,3.0,0
21.0,151.53389018342125,15.897209148305164,2.0,2.0,66.85,11.33911045358972,7.0,0
10.0,56.199590712952876,22.11162707077892,6.0,1.0,28.12,27.810224581636692,3.0,0
42.0,32.843056697010454,21.309534269135845,0.0,1.0,40.62,42.7336401773007,1.0,0
32.0,153.05297789090187,29.407027998912206,2.0,1.0,34.35,44.708392674272915,5.0,0
72.0,61.870429186895166,65.07793070191828,1.0,2.0,20.56,40.60604957929016,2.0,0
42.0,121.55009765966226,41.49262448472728,1.0,1.0,34.57,47.93026710895842,3.0,0
45.0,144.37174310601705,19.66415222015568,0.0,2.0,4.6,71.21541138786333,3.0,0
59.0,120.76359262042278,34.01081701747129,4.0,1.0,49.71,29.829142244143974,4.0,0
72.0,91.44867284857268,55.045260694604146,1.0,0.0,22.2,31.0633300306721,3.0,0
42.0,136.97522142681353,35.93631158135079,1.0,0.0,97.01,59.255339745357574,4.0,1
49.0,47.01207558518411,42.834013242336454,8.0,3.0,64.63,-8.239290774263269,4.0,1
41.0,138.88968017298208,37.86226218386719,1.0,3.0,29.7,46.17060169840566,5.0,0
61.0,109.51845866428201,11.725193317219844,6.0,1.0,40.17,21.70694482008794,4.0,1
29.0,96.09861454512827,19.038068694654417,3.0,2.0,16.28,42.33278536791427,3.0,0
65.0,88.51473022003319,32.18976326153601,3.0,1.0,13.36,81.49483894418894,2.0,1
72.0,109.30272759396347,63.382622849003845,5.0,2.0,16.54,20.8706851584204,3.0,0
1.0,81.02999175167554,32.402579929994275,1.0,0.0,37.34,26.035528182135536,4.0,0
33.0,44.70119192922721,52.03841387495509,7.0,2.0,34.3,48.38777020247095,3.0,1
71.0,112.60800441227354,5.425113646718907,9.0,1.0,33.54,29.305980186160994,4.0,1
20.0,68.275763668674,24.774610696594113,1.0,0.0,58.26,34.71430312621912,2.0,0
39.0,55.689112848261985,14.200224176960393,2.0,1.0,18.59,39.395090790860515,1.0,0
22.0,34.552494207651144,24.63792468934545,0.0,1.0,50.3,41.51120531538701,2.0,0
23.0,45.885384775961754,27.944758642929205,0.0,1.0,39.95,38.527267032159784,2.0,0
1.0,95.5706955769251,27.566247743324453,4.0,2.0,36.71,16.178130857637214,6.0,0
72.0,85.6079308090369,70.51874542212491,8.0,1.0,13.89,10.020826157942325,4.0,0
64.0,153.1760347561828,41.73563587412789,0.0,2.0,1.38,57.00334979741608,4.0,0
7.0,58.956026395672694,30.69606956436516,3.0,0.0,13.54,29.11173039906443,4.0,0
65.0,66.52918606096576,58.32632642241562,1.0,1.0,31.79,21.4817771185975,2.0,0
55.0,147.67686488694403,10.433892279031282,8.0,0.0,91.89,54.7145920444191,4.0,1
57.0,112.03972995818677,54.553536908227365,3.0,0.0,0.0,1.7864126949190364,5.0,0
66.0,108.6715764515554,30.73211890726138,4.0,2.0,48.83,12.702671146532143,5.0,1
35.0,85.21873352650562,49.85903777655399,2.0,2.0,0.0,63.64323479161923,3.0,1
51.0,111.70765422157949,40.332552321509624,2.0,2.0,76.62,33.54555003215563,4.0,1
71.0,124.31519853145728,7.503746701647162,7.0,1.0,54.24,40.28333041672475,4.0,1
72.0,78.61862033393854,86.4472882325642,4.0,1.0,0.26,22.371045816647268,3.0,0
72.0,116.27094053404788,48.22460547076928,1.0,0.0,21.78,14.835872544822191,4.0,0
33.0,47.39130269920878,58.21759620626834,7.0,2.0,34.3,39.86004719171197,3.0,1
56.0,108.9136195758403,42.35622530765336,10.0,1.0,93.39,24.287682050098837,5.0,1
46.0,68.86613532528762,58.97386798983671,2.0,2.0,36.14,41.52567146955873,2.0,0
57.0,85.68641328483784,76.10986410352294,1.0,3.0,37.76,51.974714536672515,2.0,0
15.0,83.72288764889542,14.84800745913883,2.0,2.0,31.47,29.434922926214327,3.0,0
57.0,115.09780247396557,11.547517326972935,11.0,1.0,51.06,25.83136887535054,5.0,1
33.0,95.38659837923984,8.770299082995491,3.0,1.0,0.0,46.421532739066066,3.0,0
39.0,81.42098368744081,60.49247660356569,2.0,0.0,46.13,-1.1349689928311069,4.0,0
54.0,74.32419999769418,57.47894830564312,1.0,2.0,30.03,4.819848176436196,3.0,0
1.0,37.30451098697782,30.688031748396618,4.0,0.0,46.48,-2.583291234501841,5.0,0
9.0,39.524303774910294,51.48735768023254,5.0,2.0,59.16,-13.682002374123412,4.0,1
30.0,46.06993886519061,31.17102219211875,1.0,1.0,12.55,27.20265067461368,2.0,0
34.0,119.53812393464571,42.42240351947061,2.0,0.0,39.29,21.149174744560927,5.0,0
36.0,49.56164411084618,10.470309265812311,1.0,2.0,41.86,38.87881961787579,1.0,0
58.0,121.66251698931336,37.533007868177485,5.0,0.0,25.2,33.63098619500409,5.0,0
10.0,24.82390094100133,34.22798918367896,4.0,1.0,20.99,-0.8767567318736091,3.0,0
70.0,79.9794759871337,50.62691915476912,4.0,2.0,35.86,5.415101548234118,4.0,0
17.0,25.464781251336408,0.514466789857,5.0,3.0,30.4,14.35172302572192,2.0,0
46.0,96.23156603928004,14.403174802020077,0.0,2.0,18.78,46.839885753767824,2.0,0
35.0,35.40804701560571,19.33755062216327,1.0,0.0,63.86,36.920007569637875,1.0,0
1.0,57.091306479205954,21.65593145000859,3.0,1.0,42.21,7.09126149302309,4.0,0
1.0,44.27712219182514,4.039032026325538,4.0,3.0,26.76,11.9307427345525,3.0,0
66.0,116.01463293080721,25.378123679610063,8.0,3.0,46.48,8.747360543734052,5.0,1
56.0,99.27514954606721,40.314660999554356,5.0,1.0,39.88,-10.560875635813353,6.0,0
70.0,55.92543137644934,77.51384198043526,1.0,1.0,11.99,59.25183087054481,1.0,1
36.0,109.20591003296656,18.637192720816255,5.0,1.0,2.12,51.577580236312485,4.0,1
72.0,135.37852465989027,20.500403016885816,8.0,2.0,75.83,40.721248807183976,5.0,1
72.0,86.61595648277148,60.362871109269676,4.0,2.0,16.54,35.96518711938745,3.0,0
31.0,85.85925553172771,23.18138509205699,0.0,2.0,11.08,52.89565996499721,2.0,0
28.0,109.54958476393512,36.15029338442719,2.0,0.0,18.25,51.51681577157681,3.0,0
25.0,78.49704353354363,26.060788133734125,2.0,1.0,20.38,54.07305799977115,3.0,0
49.0,125.69433705337408,41.80732638319043,3.0,1.0,26.63,6.769918120900794,5.0,0
1.0,33.93852034083852,38.18931660524426,2.0,1.0,25.6,0.9161080114142202,4.0,0
46.0,83.90096124259095,31.979611743201612,1.0,1.0,15.14,51.108882548358096,2.0,0
72.0,69.4189862943094,31.102672134477054,3.0,0.0,93.8,-10.012003731263828,3.0,1
63.0,146.9122728755558,24.606640612857777,7.0,0.0,83.11,27.453685681313583,5.0,1
27.0,37.55401164988638,24.15225852921739,2.0,0.0,22.89,24.385176493111214,2.0,0
63.0,148.65992932857617,35.23160288699913,2.0,1.0,28.47,40.89653226988792,5.0,0
21.0,65.88296769865586,3.6821696927896035,6.0,1.0,17.11,44.051906507951024,2.0,0
43.0,143.62474005449292,0.5015544600093508,9.0,1.0,6.93,34.08267406470172,5.0,1
66.0,137.06868149692204,45.36167092586058,6.0,2.0,27.61,38.15033896673231,5.0,0
72.0,87.76788209134023,67.40038167426643,2.0,1.0,10.63,29.090191546988883,3.0,0
24.0,20.42658428549538,77.14594430022768,5.0,2.0,23.19,46.15673876391522,2.0,1
54.0,108.90780502559136,47.951438016179345,2.0,0.0,24.73,6.457079036174619,4.0,0
54.0,53.207014137226594,52.77355973195195,10.0,1.0,60.33,14.47138987178375,3.0,1
23.0,96.93164970889706,5.610371084411845,1.0,1.0,40.78,51.61947357897037,3.0,0
10.0,54.7989902460502,21.012646162713576,2.0,0.0,29.09,16.911692686704626,3.0,0
34.0,120.46951268574013,30.48742222556158,1.0,1.0,34.13,34.454341828398974,5.0,0
21.0,78.09671288991065,24.719162782394413,0.0,2.0,20.81,34.80345735818399,3.0,0
31.0,66.51149866723594,34.9404275032579,10.0,1.0,27.37,48.22501577330529,4.0,1
72.0,119.73799023139796,55.12379201915971,1.0,1.0,15.16,45.60110360513243,3.0,0
31.0,86.34663737563638,44.05721205047878,1.0,2.0,40.37,61.773617993518016,2.0,0
32.0,71.23669633843997,33.34954962407819,1.0,2.0,0.0,39.458938318470075,3.0,0
1.0,33.99029061515266,14.532305295749513,6.0,1.0,34.8,-8.754089094441195,3.0,0
14.0,79.4959078485293,12.944753284561003,2.0,1.0,43.0,39.15681388959307,3.0,0
43.0,65.54224560165014,47.24320840204874,5.0,1.0,25.56,28.516957543188084,3.0,1
44.0,112.21385627469591,22.95230111813842,5.0,0.0,74.45,40.92280028297161,5.0,1
40.0,82.56471222112343,26.62976975428742,1.0,2.0,20.71,52.48803965661897,2.0,0
50.0,143.90879448205965,10.035696357306751,8.0,2.0,33.57,54.595823202942256,5.0,1
46.0,73.17054797569594,63.64028054967451,0.0,1.0,43.87,36.02198860724521,2.0,0
34.0,85.35943736583637,25.810462043493988,1.0,1.0,30.65,48.67331507821439,2.0,0
52.0,122.75126173865787,40.16988581506633,3.0,0.0,27.78,47.61398771984291,3.0,0
36.0,92.135470970906,47.56683240651767,2.0,1.0,45.87,20.975472887178185,4.0,0
17.0,34.18078703672968,0.6234839202053476,7.0,3.0,30.4,24.35918145322721,2.0,0
15.0,86.47013660387768,23.792200462981462,4.0,1.0,58.6,44.903055832811766,3.0,0
10.0,58.352444126425624,43.70482937828942,4.0,1.0,0.0,22.979781386694466,4.0,0
29.0,51.75003573144652,39.4493829669906,3.0,0.0,79.83,4.31967879910362,2.0,1
17.0,63.855355349356955,26.775783563170336,11.0,2.0,42.32,3.5739136517680734,5.0,1
40.0,126.11253455366443,41.520890419370666,3.0,1.0,34.4,38.22559932723844,5.0,0
72.0,31.271696463140614,81.28876472771799,1.0,0.0,22.65,43.3838572777497,1.0,0
27.0,102.68338072941185,51.86807873476537,4.0,1.0,28.85,1.522896251804573,6.0,0
58.0,145.84374233390386,26.561246462855298,1.0,1.0,28.56,39.41879988883413,4.0,0
23.0,105.76907455070817,34.732183918293934,1.0,2.0,43.68,29.457628137290627,4.0,0
15.0,63.794055800025724,11.416920332660894,3.0,1.0,1.59,20.65874306563802,3.0,0
64.0,107.20712626667489,49.16838143057416,2.0,1.0,21.45,13.025721315695696,4.0,0
3.0,49.941598280987286,8.60175485036323,3.0,0.0,60.61,13.320238741662184,3.0,0
69.0,99.7914223171302,16.680229779292862,11.0,2.0,56.36,15.94505681172545,3.0,1
59.0,104.64991734746263,41.76606950574282,0.0,2.0,33.4,22.394449084875802,3.0,0
72.0,83.91933456887634,64.72531318344016,0.0,2.0,5.16,36.36332494842573,2.0,0
10.0,102.90518339701127,14.85177695897797,1.0,2.0,3.9,29.748787129929703,4.0,0
69.0,74.044647286876,70.39796742518207,1.0,1.0,17.75,37.822714779495,2.0,0
27.0,96.59084803770685,0.0,2.0,2.0,43.9,43.513302823332516,2.0,0
67.0,68.06873696211105,63.7041877139181,2.0,1.0,31.34,14.917759651516022,2.0,0
4.0,124.15353102516272,22.42292648524426,3.0,3.0,71.41,66.85288069286364,3.0,0
72.0,121.94629574274933,47.021785934812726,0.0,0.0,95.51,-15.700325546352444,5.0,1
43.0,68.61130892050322,17.38125046145573,2.0,2.0,20.55,43.214362966445584,1.0,0
72.0,137.19814741109224,30.987242237855686,4.0,1.0,15.18,14.49089368581458,5.0,0
27.0,52.734892525995654,23.083353653339014,1.0,0.0,22.89,33.91824378110055,2.0,0
53.0,99.86357200222973,39.65872185615309,1.0,1.0,37.12,32.847510704183186,2.0,0
1.0,24.589580465754224,50.72172994818093,3.0,0.0,50.95,-2.5149161987209787,3.0,0
72.0,58.316095691264685,82.84554068361717,1.0,0.0,11.26,36.173346559347124,1.0,0
16.0,92.07130774748357,11.85922549773044,3.0,1.0,36.49,49.47785915236877,3.0,0
6.0,61.91878646055578,25.737797222165078,4.0,1.0,16.02,11.869405020563658,4.0,0
47.0,76.00349049187449,45.64019668470529,3.0,0.0,0.0,34.69599103448757,2.0,0
56.0,108.07701477013046,41.55137215929896,6.0,1.0,39.88,-10.030299359122566,6.0,0
51.0,183.34267487028694,32.891580788232496,0.0,1.0,0.85,64.29320977268151,5.0,0
1.0,66.82313479314605,21.760158586843534,5.0,2.0,11.71,5.8901808570604945,5.0,0
18.0,122.09338554453537,53.73655299079043,0.0,2.0,4.84,41.49542590863846,4.0,0
1.0,29.81373265255884,27.458578022976635,8.0,0.0,5.32,2.9095030703979274,4.0,0
47.0,174.8240279417052,18.830337373149753,0.0,2.0,20.61,52.88714334156044,6.0,0
21.0,60.62196562420309,12.028122588665914,4.0,2.0,33.73,27.312413277031922,2.0,0
62.0,96.23636495370295,55.320248911271726,3.0,0.0,21.54,37.01459234770435,3.0,0
41.0,96.73337420311661,41.73347534097694,0.0,1.0,30.16,81.67520996758013,2.0,0
19.0,95.70190008759093,27.003215577866467,2.0,1.0,33.35,37.6446036458594,3.0,0
71.0,127.29089754095764,0.0,8.0,1.0,49.06,32.00211113917606,5.0,1
63.0,137.5164898853991,38.42550077061949,5.0,1.0,28.92,38.26891676161961,5.0,0
55.0,88.82120516248028,11.970312994165656,2.0,3.0,24.36,67.04220483461728,1.0,0
72.0,86.55915956403258,72.29280646396997,0.0,1.0,4.41,54.55811705279541,1.0,0
43.0,132.87135999388667,34.45379184657209,2.0,0.0,37.93,68.34466274038355,3.0,0
72.0,69.93428435276763,69.1396411556791,5.0,1.0,0.26,6.921639236056578,3.0,0
72.0,76.57781338096055,32.910797993910045,10.0,1.0,60.5,-6.021472028191662,4.0,1
72.0,116.59953550931712,51.84640573805348,4.0,1.0,21.73,28.214402295895365,4.0,0
17.0,52.188381439717965,30.158245631598206,9.0,2.0,42.32,-2.9694955345501057,5.0,1
7.0,50.87916565787276,27.557782482988458,3.0,0.0,34.63,20.5319262344083,3.0,0
48.0,107.19232458028489,21.190983023095384,10.0,2.0,49.79,5.718475509807427,6.0,1
1.0,40.15460459371453,36.1525946657729,2.0,1.0,67.38,-9.796219646642193,5.0,0
49.0,61.285492577731404,38.13896883269064,7.0,1.0,32.49,23.336289161640316,3.0,1
56.0,154.78209316378698,38.22152822822094,3.0,0.0,25.11,55.48472186915772,4.0,0
41.0,81.49815732148326,39.02214331958399,0.0,1.0,32.7,45.27804457610104,2.0,0
34.0,83.21122153358661,43.181839387764846,3.0,1.0,44.2,32.75655021499451,3.0,0
19.0,73.62350712133774,3.5210648846611967,1.0,1.0,79.33,42.453622894982,2.0,0
52.0,74.6935879253248,44.312382580679085,5.0,0.0,16.58,37.74626858346572,3.0,1
48.0,98.08007992589744,54.94123868040545,2.0,1.0,17.28,8.891133149637152,5.0,0
49.0,133.8305457367516,33.70944385879763,1.0,2.0,38.09,36.61842159598397,5.0,0
45.0,133.09935056026012,41.22655367979626,1.0,0.0,43.75,61.90000757132911,3.0,0
54.0,84.47908338667746,29.855827788275207,8.0,0.0,45.31,-2.1840630497627753,5.0,1
44.0,84.95920999847236,25.29861850361926,10.0,2.0,43.45,12.676075058755933,5.0,1
21.0,85.29436576954221,31.465158599890078,2.0,2.0,0.0,35.70327615955887,4.0,0
15.0,145.81152085677195,31.26417777827968,1.0,2.0,40.48,49.71310474360881,5.0,0
72.0,93.90047346686697,73.88336923787895,4.0,1.0,28.6,41.781775985654164,2.0,0
28.0,133.60732298229888,41.29076138888187,1.0,2.0,42.19,45.104145242197276,4.0,0
37.0,42.59744342175492,56.1258028707912,10.0,1.0,61.46,7.433788893826259,4.0,1
42.0,127.24468438884783,43.59702283677913,0.0,1.0,39.54,45.46302699502356,4.0,0
22.0,56.482132189834495,9.21956506876774,1.0,1.0,59.81,39.213364309343234,2.0,0
15.0,59.65071648259549,13.689875591328706,2.0,1.0,48.99,30.500047093936832,2.0,0
72.0,42.548753455069516,80.12176903681487,1.0,0.0,23.65,29.170943190643126,1.0,0
72.0,142.06205695175032,58.536182000204136,6.0,0.0,7.45,39.4333455580073,5.0,0
1.0,25.86387789278691,14.714444620009905,5.0,2.0,36.91,-4.5054325416960985,4.0,0
40.0,84.23812376840061,37.28955036088864,2.0,1.0,58.47,9.672084805418514,3.0,0
26.0,100.6200776946031,7.406224485426365,3.0,2.0,36.41,45.28474605560385,2.0,0
52.0,97.03718252587558,46.17738728686514,0.0,1.0,46.49,51.076356367017524,2.0,0
10.0,44.041294577705735,15.114533978455073,7.0,2.0,25.28,3.4408936818222067,3.0,0
72.0,107.12969768241737,75.29747125406813,5.0,1.0,0.0,35.7924661496114,3.0,0
54.0,48.176235973227264,80.63281122878841,0.0,1.0,41.05,21.05515751304248,1.0,0
59.0,66.41533961386106,69.7846261958276,6.0,0.0,33.54,-9.101506883497425,5.0,0
59.0,147.7502801818752,39.127557103238274,5.0,0.0,100.0,49.05293150595999,4.0,1
23.0,140.46466781540127,33.62503377264203,2.0,2.0,55.1,71.64254831873197,4.0,0
3.0,68.70823728095925,18.221334058337824,1.0,1.0,44.74,17.88743196803589,4.0,0
50.0,60.52574984303155,15.227581261802667,2.0,2.0,38.83,50.62513254172971,1.0,0
63.0,114.99167123558952,40.39352231801186,2.0,0.0,100.0,7.175078667792977,4.0,1
42.0,102.88392441254221,49.00489891851034,7.0,1.0,47.67,16.63808639859501,4.0,0
39.0,114.9069729081896,19.684423213083235,2.0,1.0,48.35,37.95238162396699,4.0,1
71.0,42.49700827533745,65.39316675589836,3.0,3.0,32.07,24.329712371441502,1.0,1
27.0,56.13303302907382,28.950338415138823,1.0,1.0,17.88,38.139330463514725,2.0,0
27.0,39.46738604226648,32.52503440888873,4.0,2.0,0.0,33.64246471205062,2.0,0
21.0,92.07765209621607,15.223481108836145,0.0,1.0,38.05,45.92103485354796,3.0,0
14.0,34.647737847616,61.919379794215935,0.0,1.0,14.13,31.931559212661973,2.0,1
7.0,47.75528928767824,7.457283176205474,5.0,1.0,48.02,15.604478882536029,3.0,0
1.0,30.881528001532395,26.17533687145004,9.0,1.0,0.0,-4.857992727699132,5.0,0
1.0,82.61974738076864,18.953619101437734,2.0,0.0,26.52,9.456277353881728,5.0,0
25.0,88.4218686479946,31.584868217286996,1.0,0.0,46.0,40.459488388147776,2.0,0
53.0,86.89449120926568,43.65760950732103,2.0,1.0,39.06,30.29467770137273,3.0,0
6.0,53.852626422772445,13.632190294168076,0.0,1.0,94.08,29.45102421806586,2.0,0
4.0,33.69163765939834,29.461946977644452,2.0,1.0,84.62,25.666223780554468,2.0,0
56.0,143.6531257974969,45.60754230186375,0.0,0.0,12.25,36.63006821328761,5.0,0
67.0,65.87736456031436,52.13684068290019,7.0,0.0,22.98,32.484160233687604,3.0,1
45.0,26.50574663537225,60.203550454065926,4.0,1.0,41.13,40.94122230625577,1.0,1
38.0,64.2775147475537,32.749434476800154,1.0,3.0,45.26,11.2165899115723,3.0,1
18.0,56.40898094518673,2.4207255096296056,1.0,0.0,32.29,34.223009394930145,2.0,0
31.0,77.62370511795777,15.05955897053836,1.0,4.0,23.09,47.06825575081644,2.0,0
41.0,107.10087671783707,38.316532225514784,0.0,2.0,39.58,29.38974123023659,3.0,0
1.0,40.13738045299586,19.395885237456387,4.0,1.0,39.53,-10.074723017915503,4.0,0
27.0,36.53436588826984,28.587382456909822,1.0,0.0,22.89,28.299206559100448,2.0,0
43.0,96.89093861752664,45.98358185988661,2.0,1.0,44.97,39.078671899813635,3.0,0
23.0,172.68381521546274,18.895822068473734,1.0,1.0,42.41,25.92902465699839,7.0,0
31.0,52.34220194405613,14.532176830922827,2.0,0.0,30.2,52.872750499684635,2.0,0
20.0,88.49880130170908,18.849026171661396,2.0,1.0,5.04,46.361260192238106,3.0,1
3.0,25.287908634857093,26.043913047316742,6.0,2.0,11.11,-0.576315857109325,3.0,0
57.0,106.14182303050941,28.01845853379391,4.0,1.0,12.41,64.10706785225894,1.0,0
64.0,163.4685990983443,1.3023205050268425,7.0,1.0,38.84,36.64627205661844,5.0,1
72.0,23.91442020694263,76.2876735599559,1.0,2.0,87.22,27.466636276766216,1.0,1
58.0,126.90108417145372,36.67018890508566,2.0,1.0,27.49,13.078125433462631,5.0,0
38.0,97.2164267841053,38.31719826134902,1.0,1.0,61.03,32.16228452117164,3.0,1
32.0,103.3825708058077,45.65036659398635,4.0,2.0,55.49,23.842037437102928,4.0,0
53.0,125.68372809392378,12.747875857039624,7.0,2.0,25.02,50.888974755148574,4.0,1
52.0,53.93567147713762,12.391642233890073,5.0,1.0,0.0,46.705271194793916,1.0,0
28.0,74.25335448872002,32.18072247313346,2.0,1.0,0.0,36.055033096087335,3.0,0
62.0,104.11132272890192,33.09703921904571,3.0,2.0,37.06,11.041079458253101,4.0,0
21.0,97.80335045936226,31.216441510322664,4.0,2.0,0.0,30.727154787393218,4.0,0
13.0,38.41748007917144,13.307507494587808,2.0,3.0,57.15,18.533795916608263,2.0,0
41.0,102.19514124110975,52.79539194399659,2.0,2.0,36.31,82.11476021823297,2.0,0
72.0,135.23409371511102,52.570264247062745,3.0,2.0,8.89,43.88243509125366,3.0,0
1.0,70.67298761684694,52.39261090925546,2.0,2.0,28.14,9.257970823750412,5.0,0
28.0,59.45865489717693,44.81024853175662,6.0,2.0,31.35,39.12123036241867,3.0,1
1.0,40.65654333041491,9.707661123782234,6.0,1.0,14.35,0.546470726245861,4.0,0
71.0,131.89317978218904,7.977677686554939,9.0,1.0,54.24,29.68116123266043,4.0,1
22.0,125.61491745142038,28.113661145601405,1.0,0.0,9.46,49.71725064703601,4.0,0
55.0,43.89255225670705,39.841955672820305,4.0,2.0,44.38,28.868258980191936,2.0,1
66.0,87.78182948033039,53.09857720887576,3.0,1.0,43.04,1.0341050025816383,4.0,0
16.0,39.0980293334644,44.19717713713492,1.0,0.0,49.49,20.39241022835999,2.0,0
1.0,38.37430620060705,48.319171191339656,4.0,0.0,50.95,-4.785452204119785,3.0,0
72.0,82.62095251376898,42.44074833855942,2.0,1.0,100.0,19.718561537156695,3.0,1
13.0,48.39331506942656,26.499097204627898,2.0,1.0,23.79,25.521934455284978,3.0,0
51.0,125.6278880628217,54.60764400678453,1.0,1.0,14.8,33.46355971359266,4.0,0
27.0,41.93559199491506,8.651258134189385,0.0,1.0,65.35,21.69647457900259,1.0,0
43.0,118.34714091282575,41.63742577870673,1.0,1.0,24.38,35.799194421490384,4.0,0
38.0,113.64082333700641,5.842818456948451,10.0,0.0,30.04,26.464230559013238,5.0,1
1.0,38.01239372413704,21.46068488497133,6.0,0.0,28.33,-2.265850896130484,3.0,0
37.0,133.69363192162712,26.85535358735254,1.0,0.0,41.49,24.342286050846827,5.0,0
16.0,31.248614307848705,30.053710825941003,4.0,2.0,36.37,21.7044896270687,2.0,0
44.0,93.57715225028875,0.3469225327974369,2.0,2.0,40.58,57.27940147262191,1.0,0
22.0,58.06752095940602,20.290792513065448,5.0,1.0,1.49,24.70797772056701,3.0,0
61.0,102.79797658422837,23.79778485852446,6.0,1.0,82.16,34.14543889802486,4.0,1
20.0,63.22842142162193,14.21203058523313,0.0,0.0,34.25,32.9771363085691,2.0,0
53.0,109.90858128879576,56.4142467617488,3.0,1.0,29.32,25.65060066929663,4.0,0
49.0,120.7966820638236,3.647155771345683,5.0,2.0,30.17,37.90581692195517,4.0,1
8.0,42.922308904356896,24.472218694648255,2.0,0.0,53.46,29.12333076111514,2.0,0
1.0,49.35432385719974,22.895890036290716,3.0,1.0,42.21,14.30500897955414,4.0,0
15.0,115.72198038285401,27.53935191925875,1.0,1.0,15.25,61.17034631193043,4.0,0
41.0,89.83619166713335,38.58930610877339,0.0,0.0,53.48,5.663533938107122,4.0,0
1.0,70.07476235594221,23.98637533941798,2.0,1.0,35.18,18.912802015648186,4.0,0
44.0,58.01436441991213,52.268063005476684,10.0,1.0,51.06,46.06933029317461,2.0,1
1.0,60.05019514464734,19.64428828357214,3.0,1.0,27.05,-1.2603807755300735,5.0,0
61.0,101.43619147351886,24.892343073003186,7.0,3.0,88.13,20.43144581285929,3.0,1
37.0,44.19987163366992,17.574519616277875,2.0,2.0,4.02,31.73581273016715,2.0,0
16.0,80.58998521734514,0.0,2.0,0.0,79.15,38.757623049670414,2.0,0
8.0,65.6255294021285,23.572254809829808,1.0,2.0,35.64,35.21330810482599,3.0,0
53.0,78.16443640434454,28.131546413526756,4.0,1.0,43.39,60.039430693637144,1.0,0
60.0,143.70090733348846,28.088447697026517,5.0,1.0,93.82,40.45018197837145,5.0,1
30.0,93.86643694608954,30.70120878381627,0.0,1.0,27.94,50.84826103317513,2.0,0
20.0,18.747900695013932,52.37679550754691,1.0,0.0,27.44,8.830690904643252,2.0,0
51.0,137.19300444341135,8.719591134139705,6.0,3.0,39.51,60.04089745901181,5.0,1
18.0,115.0819984669708,34.54893227090088,0.0,1.0,45.48,24.887947997906448,4.0,0
61.0,46.573039971021714,24.427804021714664,9.0,2.0,93.68,12.265779199570959,3.0,1
26.0,161.10505600585736,18.962989568172883,1.0,3.0,35.52,41.915309690036764,5.0,0
51.0,65.69918845741209,21.22229745794587,0.0,1.0,29.2,49.78059946567976,1.0,0
23.0,73.58040400946769,29.50972458653116,0.0,0.0,41.76,32.19744834545713,2.0,0
72.0,99.28492899909568,39.845126374759985,3.0,0.0,22.84,19.44471607736421,3.0,0
32.0,96.40297624462167,34.12972039670922,10.0,0.0,14.09,22.1516082190846,5.0,1
72.0,50.345176873712575,44.1504044077751,3.0,1.0,54.36,9.273079867338552,2.0,1
15.0,83.36804059070357,27.96199196320867,0.0,1.0,58.6,43.016883100694756,3.0,0
1.0,66.04074339793752,18.797798477547484,0.0,2.0,89.58,33.898217809272055,3.0,0
26.0,115.8607475571532,64.27704888629154,1.0,1.0,32.39,38.35642148970799,4.0,0
51.0,116.98203716100156,47.96753180920011,0.0,1.0,14.8,37.87136048013996,4.0,0
64.0,139.29861160176694,28.668403864968376,8.0,0.0,30.53,-17.688374187833496,7.0,0
68.0,104.59715333226964,61.901181051976785,0.0,0.0,22.53,44.96499543650087,3.0,0
38.0,143.58533317075705,16.33695269180986,0.0,0.0,0.0,57.203655497706954,3.0,0
50.0,159.9841183355994,15.83466069637127,2.0,3.0,76.2,61.605052961207704,4.0,1
52.0,75.45789824888539,45.55940893879639,5.0,0.0,16.58,41.539926293709684,3.0,1
25.0,129.49647789486949,0.0,6.0,1.0,31.12,57.73436092575166,4.0,1
12.0,42.782532949484974,26.277074512567467,1.0,1.0,47.08,24.290399728222305,2.0,0
53.0,65.70031348541005,18.465410914552447,3.0,1.0,55.99,28.552124930723174,3.0,1
10.0,60.755401766528266,23.519235887895068,3.0,0.0,0.09,10.417147310703108,4.0,0
37.0,78.18947113914501,44.55609584395342,1.0,1.0,44.93,19.108079562187534,4.0,0
72.0,62.2000817972109,65.61146831009756,5.0,0.0,24.22,-19.913049055134618,3.0,0
14.0,139.8339793127232,25.416869951513593,3.0,0.0,52.9,19.534772994128442,5.0,0
67.0,65.44357400178595,48.120526188380914,4.0,0.0,22.98,44.66200350361084,3.0,1
62.0,77.71309653800147,57.19943623313364,2.0,2.0,32.13,29.852124990310507,3.0,0
6.0,162.43976915984857,12.295861656048917,0.0,1.0,57.57,40.06051780804093,6.0,0
44.0,148.82313351807682,25.085463600891813,0.0,2.0,23.49,16.57047119649559,5.0,0
39.0,117.1128289012781,38.501365741278484,2.0,1.0,31.08,52.415164942821455,3.0,0
16.0,81.31636473229904,19.00135805800223,3.0,1.0,20.78,37.69108305304377,3.0,0
52.0,42.80200564920808,11.941804765298857,1.0,1.0,0.0,54.84057776629313,1.0,0
19.0,115.0757137547487,33.84826362285071,1.0,1.0,54.64,35.53170383685992,4.0,0
16.0,80.57918097285932,15.172786800185287,1.0,0.0,62.95,41.01300782372184,2.0,0
43.0,73.42327585915473,19.29880668242229,2.0,1.0,45.81,56.66811980912581,1.0,0
12.0,28.115285104701314,32.201049875099066,0.0,1.0,60.74,25.619875462318745,2.0,0
72.0,112.482995805007,55.019692044784335,5.0,1.0,0.0,26.095648842249417,3.0,0
36.0,24.26410486276964,63.869014003202174,8.0,2.0,54.29,13.1575684086303,3.0,1
39.0,157.2322858394017,25.46790399577413,4.0,2.0,28.07,31.146231324527484,6.0,0
25.0,35.78045549416759,26.65498656965083,2.0,3.0,11.24,19.392983083757656,2.0,0
9.0,65.09596595440078,22.583192181810084,2.0,3.0,42.11,31.208685497762765,3.0,0
15.0,75.47818914462933,18.319033831136924,1.0,2.0,31.47,38.73546690302629,3.0,0
72.0,127.35972919221248,16.957531000444703,11.0,0.0,67.23,4.259233070939569,6.0,1
71.0,148.86568855181235,27.27047011620462,1.0,1.0,92.03,27.8837843303314,4.0,1
60.0,142.24863594053963,25.611836587939173,2.0,1.0,93.82,35.42089243975669,5.0,1
56.0,93.84027165069512,3.9789913310076392,9.0,2.0,30.97,30.317849480084888,4.0,1
45.0,92.60647229601578,25.6299791965916,1.0,2.0,87.75,44.417086868115106,2.0,1
1.0,49.0672734471802,41.936048322784785,3.0,1.0,39.9,14.047136652369709,4.0,0
52.0,116.28055521960147,4.98777179202875,0.0,0.0,38.97,81.11224577837233,1.0,0
64.0,111.67053198759747,44.13808144182097,1.0,1.0,21.45,15.597837778545271,4.0,0
8.0,74.49017979778675,56.14103816221031,6.0,1.0,0.0,28.089422732503866,4.0,0
46.0,161.30950682889278,21.46135835997887,3.0,2.0,36.97,19.46273276793772,6.0,0
16.0,84.4072305103519,9.205773420093509,1.0,1.0,46.7,30.449869524979576,3.0,0
20.0,93.67243301365104,17.78391270245776,7.0,2.0,25.27,41.9199150785787,4.0,1
23.0,89.40881781110548,48.88408483733615,4.0,0.0,0.0,41.78917690380132,3.0,0
34.0,60.68367512904833,59.70835294227832,3.0,1.0,29.2,36.678899179905834,3.0,1
6.0,157.9212018824064,11.35493875520239,1.0,1.0,57.57,47.36433685150436,6.0,0
47.0,32.13224385379225,47.990967574339514,8.0,1.0,80.04,-2.0493059375361575,3.0,1
72.0,38.02768153388793,6.942417685203763,1.0,2.0,27.89,57.42488378292735,1.0,0
64.0,56.696586305119645,39.520579550856304,8.0,0.0,59.48,-3.6517348989996448,4.0,1
5.0,77.10405568891656,55.582586180054754,4.0,3.0,26.64,36.89375094114805,4.0,0
68.0,121.35298727820036,17.57891691147268,5.0,2.0,60.38,23.713259420987583,5.0,1
56.0,107.6758235759808,9.574767269792494,5.0,3.0,27.27,16.279833160300292,3.0,1
61.0,104.80005673862952,39.2562420258763,5.0,1.0,0.0,49.27867141074161,3.0,1
54.0,32.117995624949174,86.54953175660481,0.0,0.0,44.61,34.044962524800304,1.0,1
55.0,60.53777588200744,16.206974986485786,2.0,2.0,11.35,47.65141862509498,1.0,0
72.0,79.71462909264882,37.40179391445882,7.0,0.0,14.18,57.80173167278262,2.0,1
61.0,107.77083262961855,13.343305630574335,7.0,1.0,40.17,19.331152764094437,4.0,1
41.0,111.47886097037886,37.671226487740654,2.0,1.0,30.16,79.15980057676455,2.0,0
9.0,26.589744714681938,25.42257632215863,2.0,1.0,55.73,11.659686895947505,2.0,0
53.0,86.57100785121769,63.48750589959946,1.0,0.0,30.45,21.505464020237618,3.0,0
23.0,53.30161296957496,44.94892598871631,2.0,2.0,23.11,35.63888386466964,3.0,0
42.0,120.81419147910559,36.07202276922491,3.0,1.0,31.59,22.47381119146492,5.0,0
61.0,79.57252863350637,28.389780622363105,5.0,0.0,81.96,29.050412849980543,3.0,1
18.0,134.4487602504854,28.555166186050226,1.0,0.0,14.39,55.92783525341851,4.0,0
72.0,114.91132339328831,20.253447957600244,10.0,1.0,89.74,20.41317414104016,4.0,1
46.0,106.07100475564764,39.83290160520883,1.0,2.0,30.64,15.286417868578493,4.0,0
72.0,49.094980336740505,58.367652742924044,8.0,2.0,62.9,-1.3607216828396176,3.0,1
72.0,118.66614953095694,58.691450859998874,6.0,1.0,18.91,19.452442668529077,4.0,0
60.0,94.06365179908815,30.778200209140575,12.0,0.0,81.18,23.257029672660032,4.0,1
36.0,130.08491238895476,36.05509565485865,0.0,2.0,40.04,32.991584895824936,5.0,0
40.0,64.66589217293281,38.81483222902235,9.0,1.0,42.5,2.988278498829688,5.0,1
9.0,74.10657414254712,37.47404196007385,1.0,1.0,50.63,21.531839615744158,3.0,0
51.0,85.45442081536575,66.21835341698534,1.0,1.0,28.87,49.74615454458492,2.0,0
43.0,69.03111544383236,50.78763260363504,6.0,0.0,0.0,24.461106610830896,3.0,1
24.0,72.74181405372894,9.344173198446878,3.0,1.0,12.4,31.417304339376226,3.0,0
45.0,41.818351878607444,43.5626381522308,7.0,0.0,54.88,-2.401268614505348,4.0,1
38.0,46.65931314220993,22.927826847167882,0.0,0.0,39.01,33.70843744333274,1.0,0
52.0,98.78897385609409,41.1894556177528,2.0,1.0,46.49,48.93491156905738,2.0,0
60.0,96.51757804195427,62.57664950828489,2.0,1.0,30.7,77.05770440380944,2.0,0
56.0,57.1627509008774,63.59873026634017,4.0,2.0,7.31,52.5911202549569,2.0,1
72.0,64.82261010025923,68.77495597480461,1.0,0.0,11.26,41.21512338275195,1.0,0
67.0,134.5224109986963,49.56211617875017,4.0,0.0,22.57,56.352340108151594,4.0,0
39.0,66.09108349699498,59.24596128638931,1.0,0.0,42.2,22.110210447618737,2.0,0
1.0,47.03806758318258,30.06332356162535,5.0,0.0,22.2,19.66783718532777,4.0,0
1.0,41.31873468306317,3.6309292630072956,3.0,1.0,21.47,2.697037069503125,4.0,0
57.0,36.840417046838866,58.33774342742422,6.0,0.0,27.39,21.233893947682397,3.0,1
24.0,78.87348693548883,20.88346702425392,8.0,2.0,31.07,47.39160983444705,4.0,1
59.0,54.979055020411266,42.0608079925475,6.0,1.0,32.96,44.55917759596558,2.0,1
72.0,41.15468616850984,86.88577080228767,2.0,1.0,18.52,-13.615484083223151,2.0,1
54.0,33.74358267078277,64.31040868043904,5.0,2.0,34.96,47.9369072629474,1.0,1
42.0,76.92796612157,34.0901173226338,7.0,2.0,32.14,55.07175772454633,3.0,1
7.0,88.35478664127959,0.0,2.0,0.0,48.61,29.43042880152367,3.0,0
65.0,155.1489737941793,40.85369601371421,5.0,2.0,27.1,38.731153598119306,5.0,0
38.0,68.23338849911417,34.27216300259651,8.0,1.0,48.25,40.75934638064638,4.0,1
72.0,104.41184445786824,0.41790502547841907,7.0,0.0,63.38,25.100941128641026,4.0,1
36.0,124.86637681488078,37.63068953117593,2.0,2.0,40.04,35.18261048101253,5.0,0
15.0,59.92138075540424,40.122904086016845,1.0,0.0,0.0,2.3030383610035248,4.0,0
23.0,49.492791457261895,18.466618681575607,4.0,2.0,0.0,15.65615953320038,3.0,0
31.0,99.14864742422674,30.00330915403294,0.0,2.0,40.37,61.074863464956934,2.0,0
30.0,133.86087148489574,30.728616955788947,2.0,2.0,36.38,28.141177324753812,5.0,0
11.0,32.48726070012148,19.991081762155382,5.0,1.0,21.98,17.482623923739315,3.0,0
69.0,153.23093555362362,32.01350356498868,6.0,1.0,12.82,15.783125610510416,6.0,0
36.0,59.617084272211194,13.163734919890327,1.0,2.0,41.86,43.68110558328884,1.0,0
21.0,25.27372838289027,58.327006698544466,0.0,2.0,38.93,22.22374731365676,2.0,0
72.0,26.400491403431563,46.788492750087435,3.0,0.0,63.22,28.9191215541774,1.0,1
41.0,113.93733366644344,26.996565190913504,4.0,1.0,74.31,34.65937385979275,4.0,1
67.0,67.91427005788628,40.1525921372057,6.0,3.0,56.27,52.2943473987841,2.0,1
21.0,152.86103187700346,18.77057779450096,2.0,2.0,66.85,16.374802582569686,7.0,0
2.0,96.4209431172595,17.97120057178546,3.0,2.0,12.44,18.03600433824605,5.0,0
18.0,45.819811333066795,32.82634525473291,8.0,3.0,70.01,18.970846864761306,3.0,1
72.0,85.61556892124909,65.98100803765008,3.0,1.0,10.63,30.080533582753773,3.0,0
46.0,138.22985949627864,5.2432526519416385,1.0,1.0,8.51,79.50344795397235,3.0,0
32.0,78.89799708071978,32.51985518534976,8.0,0.0,14.09,14.589589943372845,5.0,1
3.0,49.55813418919635,6.79591358813517,3.0,0.0,53.55,10.026993947786941,3.0,0
54.0,96.17922850228695,69.68593271021281,6.0,1.0,27.72,18.499757139273825,5.0,0
6.0,39.347031601825364,16.844389105153635,4.0,1.0,52.07,14.768001733437732,2.0,0
67.0,112.12992360299063,61.999971943992456,2.0,1.0,12.33,70.57268998089212,3.0,0
64.0,87.88409243745153,25.29036143785882,6.0,0.0,54.51,35.149987739593804,3.0,1
72.0,47.7687717774287,56.3355943182943,5.0,0.0,46.48,26.01152615507518,2.0,1
40.0,89.09918152707638,35.887144000175624,3.0,1.0,58.47,22.35284079928402,3.0,0
3.0,51.33104472893513,36.16283951017447,3.0,0.0,51.31,25.4307909021069,3.0,0
18.0,26.163262838483302,34.51685041021808,3.0,2.0,34.28,15.467777292810393,2.0,0
26.0,31.03507300329782,2.465458104541448,4.0,1.0,61.5,29.85682570475354,1.0,0
53.0,135.02119856830623,34.786213271409046,3.0,0.0,39.75,10.349207245207673,5.0,0
60.0,130.2064290144198,20.373380241916873,7.0,3.0,0.0,45.810281100889796,5.0,1
11.0,96.88998568096892,25.820736166729663,7.0,0.0,6.71,29.850450401204437,5.0,1
4.0,56.27143198283535,27.0433329365362,4.0,1.0,28.74,10.78493598084123,3.0,0
72.0,54.45496027163795,52.70859830098592,6.0,0.0,45.01,17.1964655194876,3.0,1
28.0,101.40856338165364,42.33888685308175,1.0,0.0,44.76,21.72914270677155,5.0,0
59.0,65.15239225832626,61.42005961421052,4.0,0.0,33.54,-12.293785020151429,5.0,0
14.0,34.75321384835003,16.5084178463726,1.0,2.0,72.12,26.799488341889564,2.0,0
57.0,72.16111278362901,70.13798483000117,1.0,3.0,37.76,58.737246140379085,2.0,0
70.0,116.43033313526445,47.514953318905086,3.0,0.0,35.53,-1.5595906588631294,4.0,1
2.0,35.05348098483229,39.50143082994758,7.0,0.0,11.01,18.213787616144707,4.0,0
38.0,76.9729119330552,24.320496095589153,2.0,2.0,9.43,45.175471996398514,2.0,1
52.0,91.50802253987754,54.294930726056606,3.0,2.0,36.58,38.301663206354846,3.0,0
13.0,110.92000609597456,45.30806003733965,1.0,0.0,47.43,51.48321627575545,4.0,0
39.0,54.45190236280364,49.165954758974586,1.0,3.0,30.34,41.98102260777068,2.0,0
68.0,133.24799985695526,27.272868686516308,6.0,2.0,90.74,35.98951674394708,4.0,1
72.0,66.90717695361606,71.06705984766253,1.0,2.0,22.96,41.8984127743653,2.0,0
45.0,94.4309243927183,57.332316706750916,3.0,3.0,39.59,17.921542771480233,4.0,0
11.0,79.55934747506967,17.97331120419568,3.0,2.0,5.21,29.6714303036924,4.0,0
72.0,83.20356166251293,51.53586448580959,5.0,1.0,31.16,8.028319702200141,3.0,0
48.0,125.50646680843504,34.358375293749276,0.0,0.0,28.59,39.741747674473345,4.0,0
17.0,75.72518591342704,24.298652009911773,2.0,2.0,42.85,35.861084301112584,3.0,0
71.0,34.317158214934075,64.01563868426122,3.0,3.0,32.07,27.447993343002224,1.0,1
45.0,128.75608515238386,45.76521158389208,3.0,0.0,35.27,42.80091507044289,4.0,0
1.0,27.64264961503089,18.350261002087738,4.0,1.0,50.51,-15.076843605013948,4.0,0
21.0,80.00584834076753,28.045334785480865,5.0,2.0,0.0,27.764723874976255,4.0,0
24.0,81.27380691711379,32.136369078576095,2.0,0.0,51.45,52.177401345485464,2.0,0
72.0,45.07403791699516,72.46607933963783,3.0,2.0,26.05,-0.9700042786675418,2.0,0
72.0,104.90483858970236,42.79557194554836,3.0,0.0,21.78,11.893304222574166,4.0,0
1.0,25.194809743155705,20.21793447019963,3.0,1.0,61.54,-13.536962495999383,3.0,0
1.0,55.76811982579771,13.62696471003289,4.0,1.0,59.65,16.994223432340853,3.0,0
39.0,118.40618646050054,12.069460286829479,7.0,2.0,2.49,22.899080630818844,5.0,1
27.0,150.88066773555747,30.316744585398396,0.0,0.0,39.64,41.10309545224595,5.0,0
33.0,141.21064896313504,18.332115664956984,4.0,1.0,56.07,53.940240881193745,5.0,1
36.0,100.44016850833859,40.46056501961662,6.0,1.0,0.0,50.28057136285602,4.0,1
54.0,98.68230636807175,46.95643580455271,5.0,3.0,24.76,4.939162601190754,5.0,0
47.0,98.06065469927334,28.138504773376287,2.0,1.0,5.21,56.20074040087075,3.0,1
11.0,43.555168190592454,34.38649417785395,2.0,1.0,37.63,30.568361683191903,3.0,0
28.0,116.2661249147326,43.76639198163154,0.0,0.0,44.76,18.523196859605974,5.0,0
23.0,54.33406237082829,42.77957930959647,2.0,2.0,23.11,29.861740395102082,3.0,0
46.0,139.0846083255998,29.173908079871513,5.0,2.0,90.2,50.39217809745844,4.0,1
5.0,41.62350054768019,26.566307752103157,3.0,0.0,33.49,12.073299520150549,3.0,0
50.0,105.56208255563753,28.37148021172344,6.0,1.0,64.25,20.096887819033128,4.0,1
14.0,27.902984461551444,66.5284300864807,1.0,1.0,14.13,30.665712178964313,2.0,1
53.0,90.27982666105186,18.738062315146156,9.0,0.0,64.3,38.51674110402568,4.0,1
8.0,36.97685000309986,13.668822195706618,1.0,0.0,70.91,10.88065516464492,2.0,0
66.0,107.82251722677766,44.97309660945885,2.0,0.0,21.43,21.18188232899871,4.0,0
69.0,108.52954293061372,23.294570334679058,5.0,0.0,82.72,23.184037044756035,4.0,1
72.0,121.72142843719493,18.026931389721614,11.0,0.0,67.23,2.469841544560282,6.0,1
59.0,95.48507234094136,49.21817687541272,2.0,2.0,33.4,3.6197606412025287,3.0,0
48.0,83.4046127925671,22.6949037855293,1.0,1.0,42.5,62.54561046197619,1.0,0
38.0,26.354334708823323,59.56433933476744,4.0,1.0,22.75,17.593560889361115,2.0,1
72.0,97.25771206765664,44.99594690500135,1.0,0.0,3.14,47.244985654012034,2.0,1
9.0,68.32332235577282,17.82019782537748,2.0,3.0,42.11,36.50598284066435,3.0,0
72.0,40.79560109331684,61.031267929274456,3.0,1.0,43.93,16.44931971973433,1.0,1
56.0,57.66058941125818,46.565045745961214,3.0,1.0,22.96,54.39953274619775,2.0,1
72.0,33.373511572012,81.46619548621851,1.0,0.0,16.44,34.34839193923231,1.0,0
25.0,31.871055359690683,18.2525507110819,2.0,1.0,13.43,27.51156356133494,2.0,0
40.0,89.47913072938238,45.956264251001635,1.0,1.0,58.47,19.29549577208519,3.0,0
7.0,27.481588206873585,23.54304479200865,5.0,2.0,11.07,9.58620530405787,3.0,0
72.0,86.76170054661779,63.79148047289719,2.0,1.0,0.0,79.09264309340033,1.0,0
67.0,172.95490854037888,33.50663812443531,2.0,0.0,7.39,55.33345553711591,4.0,0
14.0,47.44500395447373,13.323959466780353,4.0,0.0,14.23,8.481655365164489,3.0,0
30.0,101.96146909507951,9.00475980016898,1.0,2.0,85.99,51.28617738346382,1.0,0
23.0,59.71643310412655,19.2303205539791,4.0,0.0,20.13,32.79468550441797,2.0,0
72.0,101.36777188425306,57.76724411013998,6.0,2.0,16.54,33.92377875418792,3.0,0
19.0,174.96791861043098,27.829664123074117,0.0,2.0,45.23,33.572357452402755,6.0,0
49.0,133.0715994347037,31.23035048496002,9.0,2.0,100.0,54.08975312235838,5.0,1
43.0,86.07379109327849,49.064261988113,1.0,1.0,26.27,-4.25265176124895,4.0,0
16.0,34.86484180829363,45.601353442781296,2.0,0.0,49.49,25.583931550272247,2.0,0
13.0,79.24213994455515,54.75218352735745,2.0,1.0,51.04,43.63135348906819,3.0,0
46.0,87.69529847104045,53.81409397063952,1.0,0.0,39.65,3.487761311579945,4.0,0
42.0,104.99494376644458,54.90942507930674,0.0,1.0,33.88,22.119586920887816,4.0,0
42.0,42.13402899093785,29.32250466829614,3.0,0.0,9.86,35.648028672891456,1.0,0
66.0,115.16448413767448,41.94970100567753,1.0,2.0,84.25,0.20344821333341656,4.0,1
65.0,98.08421227215895,61.63486885729103,2.0,0.0,22.47,68.03441678361102,2.0,0
66.0,111.17771907443911,29.756773374015257,4.0,2.0,48.83,-4.645689831820425,5.0,1
32.0,105.53850719322016,42.88265318092181,0.0,2.0,55.49,22.68444839808066,4.0,0
72.0,128.5006188555077,6.0914278844658325,3.0,1.0,72.9,20.76994459741399,4.0,1
40.0,130.40118782654307,45.66239678817926,2.0,2.0,36.24,37.74071189216529,4.0,0
1.0,33.887949110360694,6.433141898419622,5.0,0.0,100.0,19.888436860851655,3.0,0
45.0,126.09662952162155,41.030562440191034,1.0,0.0,35.27,48.40838860707235,4.0,0
16.0,112.60660359778471,23.05314744773388,1.0,0.0,56.06,26.919178824958813,4.0,0
72.0,138.43488137938422,46.412788264735305,5.0,0.0,0.28,41.83596320211423,4.0,0
70.0,40.48978858710322,54.130111721023894,5.0,2.0,45.98,17.517716626997615,2.0,1
32.0,69.84636476129023,17.0238216928839,0.0,1.0,33.73,48.386774424718155,2.0,0
72.0,61.39194166199816,63.79991463931486,0.0,2.0,31.74,38.74169291436885,1.0,1
56.0,114.49145536255429,25.403103148554084,12.0,1.0,52.42,26.547382396460403,5.0,1
22.0,131.47883467415653,27.141364780532907,1.0,1.0,64.67,8.40691513205183,6.0,0
61.0,130.3417011307099,17.516608282060357,3.0,3.0,80.3,29.412242832861992,4.0,1
17.0,72.82123095056326,12.408945410341552,0.0,0.0,35.56,31.756157374155748,3.0,0
72.0,117.05166746072462,49.61281524474591,4.0,2.0,21.64,19.372435721440475,4.0,0
23.0,59.77248893370168,17.3586349489965,5.0,0.0,0.0,21.05543727961915,3.0,0
72.0,127.42352420056403,51.031070226013426,3.0,2.0,8.89,37.78199294445419,3.0,0
72.0,104.21414847153815,32.86268428713512,3.0,2.0,22.88,71.14253937176474,1.0,1
25.0,32.36995552238371,40.50602878650944,3.0,1.0,67.0,32.633762111660154,1.0,0
72.0,124.724877843938,40.36573998585731,3.0,0.0,0.28,40.40947833995187,4.0,0
23.0,67.63080112683406,4.795273955340568,1.0,1.0,37.58,24.06672634463828,2.0,0
18.0,43.66727177499388,10.027621588768246,1.0,1.0,50.27,25.1548785092814,2.0,0
9.0,55.998726059824904,36.4433123215823,2.0,1.0,40.92,17.126175949645763,3.0,0
68.0,123.15932632480848,44.01477438242531,3.0,1.0,33.57,23.33929697204168,4.0,0
9.0,33.808049061575716,31.547580125521232,3.0,1.0,55.73,15.873823284078917,2.0,0
40.0,97.39036223919089,44.59030082935546,0.0,0.0,29.47,19.376916000959866,4.0,0
50.0,89.26916716726325,43.10277541530172,1.0,0.0,42.75,9.524539189040226,3.0,0
49.0,130.85340994341243,5.116516385402582,7.0,1.0,17.74,29.01131210485894,5.0,1
53.0,166.2810565022228,29.083920043891425,3.0,2.0,27.45,32.653161194411915,6.0,0
41.0,146.45316334635638,19.411817430889425,3.0,1.0,47.42,34.836084497190114,4.0,1
41.0,100.56940947891107,8.713881054783258,6.0,0.0,27.85,43.25363055782577,4.0,1
57.0,158.3897058238374,16.884482160065957,8.0,0.0,90.93,58.069259326707694,5.0,1
57.0,98.23580977831617,47.382875293078776,1.0,2.0,24.93,66.77854469657737,2.0,0
51.0,101.33813316653018,30.13192390142669,3.0,1.0,47.4,13.123828958439733,5.0,1
1.0,35.85216608034288,1.7545153711995758,8.0,2.0,47.79,-6.032041158626121,4.0,0
36.0,89.95560137332207,30.85481199159909,1.0,1.0,46.15,11.806522588145667,4.0,1
32.0,102.91448339253893,38.42772799083992,2.0,1.0,40.46,21.261621917838692,4.0,0
55.0,86.81533068404897,56.350759956685444,1.0,2.0,34.81,23.297307296215656,3.0,0
1.0,68.4582498281235,25.861085877459907,2.0,1.0,49.37,16.272816950824414,4.0,0
1.0,79.82247037004035,32.23503322877923,1.0,2.0,67.19,28.885897427163727,4.0,0
67.0,128.04464596336905,46.256314717334675,3.0,1.0,15.91,30.505783862949468,4.0,0
46.0,142.59730424244668,31.424484132191413,1.0,1.0,41.15,65.50373971325342,4.0,0
45.0,139.61327318125,35.41054857836092,4.0,1.0,37.56,24.234881162839883,6.0,0
49.0,126.37279291673082,27.423706103707534,7.0,2.0,0.0,68.17698312891584,4.0,1
42.0,102.4375177678873,52.73081283339725,0.0,2.0,38.37,41.29483152332846,3.0,0
1.0,41.682259337850894,4.215704936419937,4.0,3.0,26.76,1.2710102631386953,3.0,0
34.0,139.55356724608194,17.938088913141133,0.0,1.0,24.23,50.36137561019605,3.0,0
57.0,162.2779452234658,29.238626698288435,2.0,2.0,22.65,49.27889213669174,5.0,0
37.0,67.32137090073142,28.796481008941818,2.0,0.0,57.95,45.120903901222164,1.0,0
1.0,94.71707546969716,5.47524904595375,2.0,3.0,62.64,26.54385239001207,4.0,0
58.0,101.15114478702635,33.76706735666151,5.0,2.0,95.32,30.808881424040777,4.0,1
55.0,133.7565777973744,51.50519481602668,1.0,2.0,24.11,62.98671383729265,3.0,0
2.0,21.50776525990137,25.357217276727262,5.0,1.0,13.52,1.701571840632428,3.0,0
24.0,82.96364346556493,30.183399059849958,7.0,2.0,30.02,55.17689049709912,3.0,1
66.0,125.13301477476824,18.521580231436243,9.0,3.0,46.48,9.16522598599034,5.0,1
19.0,86.59165199240668,30.56959245719899,1.0,2.0,19.42,24.191313008731154,3.0,0
31.0,88.40278497305543,57.52012691051785,1.0,1.0,42.84,-2.6637163680790277,5.0,0
52.0,58.358576063198385,53.395259566892946,4.0,2.0,19.53,42.231066555197174,2.0,1
2.0,50.03500271278561,5.085478833130088,3.0,1.0,63.08,17.582845260065405,3.0,0
1.0,41.03166119048473,16.474891902836017,4.0,1.0,61.54,-3.6437598819615467,3.0,0
72.0,28.862669031673327,74.3191978244905,4.0,2.0,54.57,11.237388438006725,1.0,1
72.0,119.02496383324329,48.417776654146074,5.0,2.0,4.7,9.508445725121476,5.0,0
28.0,64.23458200361534,4.653390435000106,4.0,0.0,81.54,41.26343916126004,1.0,0
72.0,120.5065139454635,0.3369198033334508,6.0,0.0,63.38,31.754556310151884,4.0,1
72.0,101.92372690909308,27.544680459311515,4.0,1.0,77.44,10.134878248383528,4.0,1
7.0,40.773750260624894,8.610538993757453,6.0,1.0,48.02,15.422415040008136,3.0,0
29.0,78.31512132551856,25.70025548358082,2.0,0.0,7.68,51.84934269342968,3.0,0
72.0,75.2168558404841,56.055663918802594,0.0,1.0,4.41,54.96979079209363,1.0,0
37.0,88.03481184859156,10.290084647344536,1.0,1.0,0.0,49.81128378835465,2.0,0
47.0,163.95095176399695,39.75763703162939,0.0,0.0,21.94,58.052804882789005,5.0,0
33.0,101.47177506074136,18.952142629897637,8.0,3.0,36.87,34.748576705969136,4.0,1
55.0,94.20879818086931,24.286232175650987,1.0,2.0,15.24,56.82471502914273,1.0,0
44.0,110.0632954831664,15.392670964229225,6.0,0.0,43.96,22.943828991354046,4.0,1
64.0,76.38459976378017,56.007690161047464,3.0,2.0,25.55,21.525039390238426,3.0,1
52.0,104.53960860853148,32.788253812160455,8.0,0.0,0.0,40.55830693289984,4.0,1
56.0,104.14955659916279,24.9757332078248,10.0,1.0,52.42,25.92417933928982,5.0,1
45.0,88.95574744551901,16.329565183920376,3.0,0.0,27.88,14.53305698712817,4.0,1
19.0,36.43886718549717,15.242688814440552,1.0,1.0,30.93,-1.6642211637276851,2.0,0
57.0,103.01679662511631,55.84403711803086,1.0,2.0,24.93,67.4883336658742,2.0,0
69.0,37.67605062375192,74.09802879957812,7.0,2.0,56.9,4.069091095641955,2.0,1
1.0,46.43511019502259,25.165354483952026,2.0,2.0,18.37,5.876649583098873,4.0,0
12.0,30.44654028901192,29.925561168949937,3.0,2.0,16.76,12.125378950862105,3.0,0
1.0,59.606496694593304,16.26986268499823,6.0,0.0,40.34,-16.68418022312759,6.0,0
29.0,130.28350215246385,31.488136292019846,0.0,1.0,0.0,45.918557067880485,4.0,0
58.0,146.96421334892275,30.36105426251079,3.0,0.0,95.35,39.00840472489994,5.0,1
9.0,48.73285006724731,26.723277865916565,4.0,0.0,0.22,6.573977760178721,3.0,0
11.0,51.209791985386296,31.022049454474132,1.0,2.0,4.2,13.922422169981516,3.0,0
1.0,64.2732749785132,40.78893698473474,1.0,0.0,63.66,19.345486991252578,4.0,0
66.0,106.43207452851274,51.12732606877927,1.0,2.0,40.37,48.30713808049076,3.0,0
17.0,36.619548245780656,26.30062118723725,2.0,2.0,46.52,18.488999390316707,2.0,0
69.0,41.02803062286109,70.23865631605939,9.0,2.0,56.9,8.232417573775319,2.0,1
45.0,18.42893777299536,7.9829701974504506,0.0,2.0,32.69,28.82471596584665,1.0,0
4.0,137.07675774515366,19.58946545028937,0.0,1.0,61.77,46.69431045954951,5.0,0
72.0,45.827212951627736,51.185646690514524,4.0,0.0,38.19,16.43233625762683,3.0,1
44.0,56.1706113281121,50.88087341243899,7.0,2.0,37.07,47.716259885659454,2.0,1
39.0,98.47785622133966,16.34481733146162,1.0,0.0,7.97,43.76102253926952,2.0,0
52.0,153.96530482105655,19.875529294121385,9.0,2.0,76.72,41.61383904746128,5.0,1
65.0,91.94128449143084,53.844475860880394,2.0,0.0,21.99,32.35376284913451,3.0,0
43.0,146.12381072003132,0.7478852360566713,7.0,1.0,6.93,34.342821431138894,5.0,1
72.0,94.34313341763558,56.589356565362316,0.0,0.0,29.1,45.36625201762732,2.0,0
72.0,56.631318047541725,71.3632074620461,3.0,0.0,17.49,-1.661136483825743,3.0,0
21.0,86.84343563277618,23.957932091596067,1.0,0.0,32.99,25.099929732919687,3.0,0
52.0,34.88905642799849,50.22944763623857,3.0,0.0,61.18,34.779984235239695,1.0,1
2.0,32.41173884505311,27.606827723932152,7.0,1.0,30.2,18.212813851347132,3.0,0
72.0,84.01002056973695,40.40383260058959,5.0,1.0,55.05,23.998101089511053,2.0,1
28.0,38.197065472356535,27.098427771954082,3.0,0.0,0.0,16.371969613051238,2.0,0
23.0,118.30475922379931,33.370143701802235,1.0,2.0,43.68,26.185118438447613,4.0,0
51.0,99.36072791555137,39.02171536325513,3.0,1.0,47.4,10.24965121336531,5.0,1
36.0,75.94863231925686,40.033702999956795,1.0,0.0,20.86,38.1054673560366,2.0,0
50.0,94.8650674768661,21.21893259213198,11.0,2.0,60.72,39.726259415173104,4.0,1
8.0,24.9451329979562,21.196394060457266,7.0,0.0,3.37,12.81782342142193,3.0,0
55.0,90.69775626990486,23.130017319436213,10.0,0.0,35.66,7.345381226281766,5.0,1
45.0,50.25290361881733,75.37600109020065,1.0,1.0,0.0,79.48115449849308,1.0,1
64.0,74.69180739639035,34.503892173656226,4.0,1.0,49.74,13.470598751190515,3.0,1
64.0,71.77607037207625,60.8740777878509,3.0,2.0,25.55,22.012733605404552,3.0,1
72.0,44.46554501646507,67.94948079413761,1.0,1.0,43.93,14.132032697281653,1.0,1
12.0,40.58163522968204,22.816204143759172,2.0,1.0,47.08,12.460229527113363,2.0,0
1.0,48.809381136743696,31.78487833171826,4.0,0.0,47.89,-4.361925675508711,5.0,0
31.0,78.61283995699046,15.290879595495648,1.0,0.0,30.2,40.46951539848936,2.0,0
51.0,177.21094575221974,30.414991275565136,0.0,1.0,0.85,71.21773104927642,5.0,0
34.0,81.94899248497782,37.02597354118017,2.0,2.0,44.11,51.227529056158275,2.0,0
15.0,61.85160626269943,30.736619516549364,2.0,1.0,16.21,12.028411321053333,3.0,0
32.0,58.15875905497893,18.87131772398606,1.0,1.0,33.73,44.688666762571266,2.0,0
29.0,134.94967439224266,21.65606842749681,2.0,2.0,20.21,58.861256622715175,4.0,0
23.0,50.37778485957101,26.933486822907735,1.0,1.0,39.95,37.04607548353647,2.0,0
55.0,123.47608371791267,51.90001216218558,1.0,1.0,21.55,54.34748559079554,2.0,0
25.0,32.2340975764843,44.60335977413835,9.0,1.0,70.98,-1.8042795717950924,4.0,1
33.0,95.98778479474512,20.10926189370458,8.0,3.0,36.87,53.43436552980046,4.0,1
18.0,122.29320691569235,33.65767462452836,0.0,0.0,14.39,56.07539599874981,4.0,0
36.0,86.02514463781262,29.153380825311515,2.0,1.0,46.15,11.868760214812548,4.0,1
55.0,105.87430536537546,50.210767339865036,0.0,1.0,37.45,26.07401501246276,3.0,0
62.0,134.15431196058793,5.480665555809513,9.0,1.0,24.88,76.21514974639663,3.0,1
20.0,42.680572246213536,22.266109129692055,2.0,1.0,90.59,19.437748220844362,1.0,0
9.0,22.960803905789902,55.2120174779782,6.0,2.0,59.16,-16.00320351804862,4.0,1
65.0,97.63658717000118,57.300001590038846,1.0,2.0,27.54,51.93411925763116,2.0,0
45.0,42.40231465098064,74.82734941591976,8.0,2.0,82.6,-7.765585800697856,2.0,1
72.0,31.412830293687406,70.04832100430349,2.0,0.0,22.65,41.847729609351816,1.0,0
1.0,82.44624448147108,38.93983245944973,2.0,1.0,20.92,27.022070440335774,5.0,0
72.0,99.71820005078287,48.99600879712775,5.0,1.0,21.73,19.324850541484906,4.0,0
22.0,53.998655059108046,20.279280561762487,2.0,0.0,57.42,28.817556328704168,2.0,0
67.0,123.81946909933244,57.700027377886315,1.0,1.0,12.33,57.30047420849216,3.0,0
33.0,78.39576647506453,0.0,2.0,1.0,54.93,55.66401002707916,1.0,0
