tenure,monthly_charges,usage_hours,support_calls,late_payments,contract_score,engagement_score,service_count,churn
9.0,60.84,41.93,0.0,0.0,40.55,43.93,3.0,0
14.0,79.47,40.8,0.0,3.0,50.03,58.57,3.0,0
7.0,26.12,5.19,4.0,2.0,16.48,20.73,3.0,0
14.0,62.18,40.46,0.0,0.0,34.76,45.36,3.0,0
50.0,107.34,42.51,6.0,2.0,93.89,58.55,5.0,1
26.0,49.48,46.82,0.0,1.0,38.02,44.18,3.0,0
70.0,71.61,66.35,5.0,2.0,36.09,0.65,5.0,0
24.0,76.33,53.23,0.0,0.0,49.83,24.57,4.0,0
36.0,51.85,2.2,0.0,1.0,34.2,48.26,2.0,0
1.0,49.71,61.25,2.0,2.0,15.92,24.37,5.0,0
68.0,90.0,27.28,2.0,1.0,83.78,39.94,3.0,1
25.0,97.72,34.69,1.0,0.0,61.26,4.67,6.0,0
64.0,40.24,63.69,0.0,1.0,29.58,60.34,1.0,1
15.0,116.19,35.88,0.0,1.0,51.82,52.32,5.0,0
52.0,100.73,46.94,0.0,1.0,38.09,38.7,4.0,0
42.0,135.72,38.19,0.0,0.0,44.08,82.19,4.0,0
27.0,124.47,24.69,0.0,2.0,53.99,39.21,5.0,0
12.0,49.75,34.45,0.0,3.0,34.72,36.3,3.0,0
62.0,87.63,33.2,3.0,1.0,57.33,14.71,5.0,1
16.0,16.13,33.45,3.0,2.0,21.35,31.06,3.0,0
1.0,37.41,69.94,0.0,1.0,75.37,28.91,4.0,0
40.0,42.28,69.24,2.0,1.0,2.8,66.06,2.0,1
40.0,126.86,15.09,5.0,1.0,59.74,77.53,5.0,1
72.0,69.54,98.96,6.0,1.0,0.0,16.76,4.0,0
72.0,16.91,83.01,2.0,0.0,49.17,32.49,1.0,1
44.0,86.82,62.49,0.0,0.0,23.65,22.73,4.0,0
1.0,87.13,48.0,1.0,2.0,16.39,35.66,5.0,0
72.0,19.45,75.71,3.0,1.0,63.34,56.25,1.0,1
25.0,77.5,48.72,0.0,1.0,43.56,64.45,3.0,0
71.0,78.09,42.14,0.0,1.0,83.71,14.21,3.0,1
36.0,37.63,35.79,0.0,0.0,64.81,51.36,1.0,0
70.0,73.86,33.32,5.0,1.0,40.54,55.52,3.0,1
72.0,15.0,86.82,0.0,0.0,62.56,16.57,1.0,1
48.0,37.25,71.12,0.0,2.0,42.06,38.11,1.0,0
58.0,109.51,12.49,8.0,1.0,13.48,94.29,3.0,1
27.0,40.49,15.18,0.0,1.0,5.89,35.83,2.0,0
6.0,68.48,38.29,0.0,1.0,56.41,45.71,4.0,0
6.0,15.0,45.52,3.0,2.0,29.35,12.29,3.0,0
59.0,93.62,70.63,3.0,1.0,29.09,41.97,4.0,0
50.0,140.84,36.34,3.0,0.0,99.22,72.29,5.0,1
5.0,41.54,65.98,0.0,0.0,36.44,28.76,4.0,0
31.0,125.03,28.96,2.0,3.0,54.87,63.66,5.0,1
38.0,132.07,6.82,10.0,0.0,52.97,92.92,5.0,1
61.0,56.32,8.68,0.0,2.0,26.84,76.01,1.0,0
24.0,114.19,34.62,0.0,2.0,56.84,33.02,5.0,0
72.0,103.36,30.34,5.0,2.0,1.24,43.94,4.0,1
55.0,160.0,34.82,8.0,0.0,19.47,26.49,8.0,0
72.0,71.44,44.96,4.0,2.0,43.45,13.4,4.0,1
72.0,127.56,24.14,3.0,2.0,94.15,49.42,4.0,1
37.0,118.47,31.67,0.0,0.0,44.78,31.92,5.0,0
72.0,97.16,62.45,3.0,2.0,16.55,35.75,4.0,0
35.0,144.12,23.98,0.0,1.0,38.64,49.47,6.0,0
72.0,75.02,43.31,8.0,1.0,27.71,26.44,4.0,1
72.0,150.88,55.58,4.0,1.0,100.0,39.44,6.0,1
46.0,122.09,61.27,0.0,1.0,20.52,65.28,4.0,0
20.0,28.18,41.36,0.0,3.0,43.57,46.76,2.0,0
24.0,58.59,25.58,0.0,1.0,21.7,46.1,3.0,0
12.0,46.23,18.99,2.0,1.0,19.61,37.6,3.0,0
72.0,108.07,58.0,2.0,1.0,17.41,48.21,4.0,0
1.0,38.82,27.65,0.0,1.0,41.45,17.39,4.0,0
1.0,21.39,29.76,4.0,0.0,50.29,24.06,4.0,0
27.0,52.89,48.19,0.0,0.0,48.84,55.68,2.0,0
10.0,55.7,53.06,0.0,2.0,58.83,42.55,3.0,0
10.0,28.7,47.9,2.0,1.0,25.65,26.1,3.0,0
23.0,128.41,21.05,0.0,0.0,55.32,29.25,6.0,0
46.0,64.46,54.41,0.0,0.0,4.27,64.54,2.0,0
72.0,36.88,94.29,0.0,1.0,14.6,45.11,2.0,1
72.0,65.88,27.68,5.0,1.0,77.59,39.95,3.0,1
27.0,54.09,31.05,0.0,1.0,48.21,55.34,2.0,0
20.0,56.91,49.02,0.0,2.0,19.31,49.45,3.0,0
72.0,59.07,85.39,3.0,0.0,14.83,31.92,3.0,0
55.0,149.63,18.97,0.0,0.0,28.08,50.02,5.0,0
68.0,125.95,48.8,0.0,2.0,18.1,60.24,4.0,0
25.0,50.73,63.15,3.0,0.0,0.0,68.06,3.0,1
31.0,24.78,46.11,1.0,1.0,12.6,40.62,2.0,0
1.0,18.26,18.16,7.0,0.0,7.04,2.81,5.0,0
48.0,106.63,5.58,10.0,2.0,45.7,59.73,5.0,1
39.0,110.36,48.44,0.0,1.0,36.31,46.24,4.0,0
42.0,42.11,0.0,0.0,1.0,34.78,58.45,1.0,0
1.0,25.0,35.18,3.0,2.0,54.98,29.63,4.0,0
72.0,76.23,81.29,5.0,0.0,0.0,4.55,4.0,1
33.0,41.51,35.04,0.0,1.0,25.05,48.08,2.0,0
34.0,42.22,88.56,1.0,1.0,0.0,100.0,1.0,1
27.0,106.32,3.44,4.0,2.0,23.62,69.36,4.0,1
22.0,15.0,19.46,1.0,3.0,52.34,37.41,1.0,0
30.0,76.36,6.8,6.0,1.0,5.88,48.4,4.0,1
27.0,75.31,30.0,0.0,1.0,67.14,72.16,2.0,0
19.0,107.59,23.61,1.0,1.0,64.58,0.87,6.0,0
35.0,70.73,20.65,6.0,1.0,48.84,21.66,5.0,1
43.0,78.35,37.53,3.0,0.0,16.8,45.65,4.0,1
13.0,87.9,41.56,5.0,1.0,0.0,41.98,6.0,0
72.0,97.41,59.93,1.0,1.0,0.0,100.0,1.0,1
67.0,157.45,2.1,6.0,1.0,85.96,83.74,5.0,1
72.0,78.03,80.69,1.0,1.0,10.12,54.32,3.0,0
13.0,45.65,45.3,1.0,0.0,18.99,34.72,3.0,0
56.0,32.26,60.96,4.0,3.0,46.35,43.45,2.0,1
64.0,99.34,45.27,1.0,0.0,40.16,31.44,4.0,0
63.0,69.69,34.27,5.0,3.0,69.31,29.9,4.0,1
18.0,72.83,44.55,0.0,0.0,19.61,52.62,3.0,0
25.0,15.0,24.13,0.0,2.0,62.65,43.31,1.0,0
39.0,76.49,9.59,10.0,0.0,68.33,18.67,6.0,1
44.0,15.0,62.79,2.0,0.0,73.0,16.17,2.0,1
42.0,116.66,36.53,0.0,0.0,45.21,60.45,4.0,0
46.0,69.5,29.57,4.0,2.0,43.02,33.2,4.0,1
1.0,34.12,34.24,3.0,0.0,39.2,25.8,4.0,0
41.0,83.87,57.73,2.0,1.0,49.24,27.12,5.0,0
37.0,23.66,40.37,0.0,2.0,34.33,52.9,1.0,0
69.0,15.0,88.29,0.0,0.0,48.52,29.96,1.0,1
46.0,103.03,11.49,5.0,0.0,16.22,57.0,4.0,1
58.0,59.78,83.93,0.0,1.0,33.06,52.13,2.0,0
33.0,160.0,21.69,0.0,0.0,24.48,79.64,5.0,0
62.0,84.59,61.65,1.0,2.0,25.85,35.94,4.0,0
36.0,159.24,37.6,0.0,2.0,23.38,80.87,5.0,0
67.0,114.04,22.36,5.0,0.0,77.44,58.33,4.0,1
30.0,85.26,51.42,0.0,2.0,55.14,18.59,5.0,0
50.0,60.85,78.85,2.0,1.0,24.27,9.45,4.0,0
70.0,126.82,14.65,2.0,2.0,83.21,53.11,4.0,1
19.0,70.42,40.44,0.0,1.0,20.8,49.4,3.0,0
1.0,15.0,28.92,3.0,1.0,64.97,13.46,3.0,0
26.0,82.54,34.02,0.0,1.0,7.99,58.99,3.0,0
1.0,17.53,16.87,3.0,2.0,80.65,19.51,4.0,0
61.0,93.98,66.86,0.0,1.0,22.32,78.39,2.0,0
47.0,108.72,57.62,0.0,1.0,26.63,89.67,2.0,0
72.0,103.6,75.74,6.0,2.0,0.76,18.02,6.0,0
33.0,94.8,34.65,7.0,1.0,0.0,97.35,4.0,1
66.0,112.51,67.94,1.0,0.0,0.94,52.56,4.0,0
3.0,50.99,44.53,0.0,2.0,40.77,32.57,4.0,0
65.0,79.98,72.5,2.0,0.0,30.18,34.04,4.0,0
72.0,54.69,81.92,1.0,0.0,19.44,23.88,3.0,0
49.0,15.0,92.6,4.0,2.0,52.74,42.13,1.0,1
51.0,89.81,29.81,7.0,1.0,56.87,50.64,4.0,1
34.0,45.98,60.81,3.0,1.0,15.44,22.58,4.0,1
42.0,15.0,100.0,0.0,1.0,52.36,20.03,1.0,1
72.0,71.11,73.81,1.0,1.0,12.3,22.19,3.0,0
51.0,44.13,62.76,2.0,2.0,69.97,0.0,4.0,1
72.0,64.15,78.4,0.0,1.0,19.33,40.11,2.0,0
32.0,35.4,87.8,5.0,2.0,0.0,41.69,4.0,1
61.0,76.4,29.39,2.0,2.0,80.86,43.43,3.0,1
57.0,15.0,100.0,1.0,1.0,63.29,22.03,1.0,1
67.0,106.91,47.35,2.0,1.0,91.53,29.67,5.0,1
61.0,85.46,50.24,0.0,1.0,26.89,10.88,4.0,0
1.0,15.0,34.25,3.0,1.0,26.53,12.21,3.0,0
38.0,59.95,39.47,0.0,0.0,9.93,48.85,2.0,0
25.0,97.1,59.63,0.0,1.0,1.99,68.55,3.0,0
17.0,15.0,28.79,1.0,0.0,39.71,12.68,2.0,0
62.0,80.57,65.75,0.0,0.0,32.68,98.83,1.0,0
41.0,123.61,40.98,1.0,1.0,38.69,35.53,5.0,0
10.0,114.28,30.73,0.0,1.0,57.45,31.16,6.0,0
47.0,24.74,13.18,0.0,2.0,37.21,54.09,1.0,0
72.0,86.27,68.26,4.0,2.0,16.62,24.1,4.0,0
72.0,145.03,50.25,3.0,0.0,0.0,52.12,5.0,0
64.0,15.0,80.78,4.0,2.0,72.89,21.18,2.0,1
50.0,111.32,52.88,2.0,0.0,0.0,100.0,3.0,1
72.0,58.27,49.81,3.0,2.0,74.98,0.0,4.0,1
53.0,122.66,61.27,1.0,4.0,15.32,52.87,5.0,0
6.0,34.42,38.06,2.0,2.0,21.03,33.45,3.0,0
45.0,107.23,19.05,6.0,2.0,0.98,90.29,4.0,1
67.0,88.89,38.5,3.0,0.0,73.33,23.57,4.0,1
41.0,61.48,51.57,2.0,2.0,9.49,42.46,3.0,1
46.0,118.16,41.31,1.0,0.0,37.07,29.39,5.0,0
7.0,31.38,21.69,3.0,1.0,20.68,25.94,3.0,0
63.0,127.13,34.12,1.0,3.0,96.94,60.89,4.0,1
54.0,94.56,43.38,3.0,1.0,84.97,38.19,4.0,1
42.0,56.13,37.54,9.0,1.0,46.74,39.82,4.0,1
60.0,70.52,48.44,3.0,1.0,9.66,55.68,3.0,1
24.0,116.29,42.92,0.0,2.0,50.19,51.62,5.0,0
1.0,31.89,53.79,3.0,1.0,7.08,13.25,4.0,0
21.0,45.77,26.06,0.0,0.0,38.27,57.08,2.0,0
41.0,80.71,56.91,0.0,1.0,43.29,10.0,5.0,1
65.0,71.6,74.53,0.0,1.0,13.89,28.11,3.0,0
68.0,15.0,98.02,0.0,0.0,35.61,11.67,1.0,0
15.0,148.07,2.72,1.0,1.0,50.83,19.04,7.0,0
57.0,102.2,63.83,0.0,0.0,16.79,77.89,2.0,0
36.0,142.16,36.35,0.0,1.0,23.89,59.81,5.0,0
1.0,54.96,31.65,2.0,1.0,64.14,29.03,5.0,0
66.0,121.29,57.42,0.0,0.0,14.11,73.94,4.0,0
72.0,90.77,71.41,3.0,1.0,8.67,14.59,5.0,0
69.0,86.67,69.92,1.0,2.0,29.75,44.97,3.0,0
48.0,65.74,52.4,0.0,1.0,0.0,100.0,1.0,1
67.0,82.89,74.78,2.0,2.0,21.01,25.18,4.0,0
20.0,137.23,28.31,4.0,0.0,46.02,11.37,8.0,0
9.0,35.49,49.17,2.0,1.0,10.43,30.27,3.0,0
58.0,77.45,28.52,3.0,1.0,70.64,32.26,4.0,1
39.0,89.21,63.65,0.0,1.0,39.49,46.21,4.0,0
35.0,47.6,44.23,0.0,2.0,8.58,49.34,2.0,0
52.0,91.97,59.9,2.0,0.0,32.66,18.68,5.0,0
72.0,92.73,74.14,0.0,0.0,0.0,100.0,1.0,1
55.0,100.67,36.4,5.0,2.0,72.23,40.12,5.0,1
1.0,53.2,21.23,1.0,0.0,40.37,26.78,4.0,0
58.0,115.26,38.8,0.0,0.0,30.74,45.34,4.0,0
11.0,104.92,59.14,0.0,2.0,43.53,82.36,3.0,0
16.0,34.19,34.29,2.0,3.0,38.72,40.45,3.0,0
72.0,76.5,47.76,4.0,0.0,92.96,4.76,4.0,1
52.0,24.61,70.25,3.0,2.0,46.71,39.68,2.0,1
57.0,104.78,42.02,2.0,1.0,34.51,20.16,5.0,0
69.0,95.15,49.28,5.0,0.0,0.0,91.01,3.0,1
72.0,22.87,98.93,1.0,2.0,16.22,12.97,2.0,0
1.0,39.17,33.95,2.0,0.0,40.67,26.95,4.0,0
24.0,63.18,68.01,0.0,0.0,43.17,42.21,3.0,0
19.0,64.84,27.96,0.0,0.0,74.57,70.45,2.0,0
19.0,57.49,23.81,0.0,2.0,44.39,56.13,2.0,0
34.0,78.21,30.39,0.0,0.0,0.0,55.98,3.0,0
13.0,43.37,24.7,1.0,3.0,17.06,26.76,3.0,0
63.0,15.0,10.61,0.0,3.0,40.56,57.06,1.0,0
34.0,52.9,55.71,0.0,2.0,14.95,49.44,2.0,0
30.0,50.48,52.21,1.0,3.0,0.0,51.76,3.0,0
40.0,149.64,37.82,0.0,1.0,25.14,83.83,4.0,0
18.0,53.5,17.96,0.0,1.0,32.81,42.56,3.0,0
72.0,91.64,44.92,1.0,1.0,26.22,15.67,4.0,0
46.0,59.85,56.29,1.0,3.0,2.88,79.18,2.0,1
72.0,50.53,79.12,1.0,0.0,33.11,30.85,2.0,0
72.0,120.97,49.33,2.0,0.0,23.42,58.28,4.0,0
32.0,73.9,28.3,0.0,1.0,16.27,50.94,3.0,0
45.0,137.55,48.84,0.0,0.0,20.79,73.67,5.0,0
72.0,129.67,56.67,1.0,0.0,0.0,74.37,4.0,0
69.0,88.42,70.42,1.0,1.0,13.24,46.03,3.0,0
69.0,101.87,28.39,4.0,3.0,67.43,34.86,4.0,1
34.0,79.86,35.14,0.0,1.0,2.34,56.26,3.0,0
29.0,40.65,41.16,2.0,1.0,0.0,43.39,3.0,0
30.0,93.65,57.27,0.0,0.0,28.74,47.57,4.0,0
70.0,112.98,48.75,4.0,2.0,100.0,55.0,4.0,1
59.0,92.86,31.68,5.0,0.0,71.5,41.55,4.0,1
26.0,95.44,45.88,0.0,1.0,18.67,64.67,3.0,0
20.0,43.69,26.97,0.0,2.0,27.5,34.15,3.0,0
72.0,94.46,27.67,4.0,2.0,77.13,31.12,4.0,1
32.0,149.78,12.92,0.0,0.0,35.28,55.22,5.0,0
72.0,72.25,75.14,1.0,1.0,17.12,29.49,3.0,0
28.0,15.0,79.75,5.0,1.0,59.66,0.0,4.0,1
70.0,77.13,87.28,0.0,2.0,12.69,58.9,3.0,0
61.0,51.41,81.28,4.0,1.0,9.35,25.11,4.0,1
45.0,116.91,38.8,0.0,2.0,41.68,62.66,4.0,0
30.0,119.86,44.81,0.0,0.0,31.81,49.16,5.0,0
30.0,84.17,38.41,0.0,1.0,13.16,64.78,3.0,0
2.0,50.76,47.97,0.0,1.0,64.22,44.0,3.0,0
1.0,15.0,29.21,5.0,1.0,65.38,10.5,3.0,0
72.0,88.98,63.93,0.0,0.0,13.07,60.97,2.0,0
36.0,88.09,9.59,0.0,1.0,14.2,64.94,3.0,1
32.0,139.55,29.44,1.0,2.0,41.72,49.95,6.0,0
72.0,112.08,66.36,5.0,2.0,17.47,47.36,5.0,0
34.0,97.72,17.92,0.0,1.0,5.24,68.92,3.0,0
32.0,121.18,42.0,0.0,0.0,32.09,36.83,5.0,0
72.0,79.21,71.88,3.0,2.0,14.92,35.17,3.0,0
15.0,33.03,26.17,4.0,1.0,0.0,30.96,3.0,0
32.0,63.58,20.5,0.0,0.0,50.02,55.85,2.0,0
61.0,88.73,65.04,4.0,1.0,40.57,17.85,5.0,0
72.0,15.0,100.0,1.0,2.0,27.4,21.04,1.0,1
63.0,50.34,84.98,0.0,2.0,30.8,26.54,3.0,0
15.0,48.77,0.0,2.0,1.0,0.0,24.12,3.0,0
5.0,24.52,32.11,0.0,3.0,61.31,25.08,3.0,0
53.0,157.0,26.88,0.0,0.0,33.78,75.07,5.0,0
72.0,63.12,82.19,0.0,3.0,27.6,61.79,2.0,0
10.0,22.78,1.78,2.0,0.0,64.3,34.29,2.0,0
12.0,61.69,61.72,3.0,2.0,0.0,63.57,4.0,1
61.0,57.61,50.51,6.0,2.0,42.79,52.15,3.0,0
60.0,56.55,69.79,0.0,1.0,41.54,22.2,3.0,0
61.0,89.71,48.25,0.0,2.0,32.79,50.5,3.0,0
21.0,62.51,21.45,0.0,2.0,43.63,47.53,2.0,0
11.0,44.79,39.5,0.0,0.0,37.03,41.3,3.0,0
21.0,44.53,17.36,1.0,0.0,38.86,56.99,2.0,0
44.0,96.9,46.72,0.0,0.0,30.28,14.6,5.0,0
1.0,18.65,52.21,4.0,3.0,24.05,22.79,4.0,0
51.0,75.56,37.62,10.0,2.0,56.72,38.66,5.0,1
20.0,113.34,46.21,0.0,3.0,26.14,67.22,4.0,0
21.0,15.0,0.0,1.0,1.0,58.13,32.12,1.0,0
1.0,15.0,41.45,2.0,3.0,83.36,29.49,3.0,0
1.0,67.32,66.49,1.0,1.0,16.67,27.1,5.0,0
1.0,20.55,8.65,3.0,1.0,48.18,19.2,3.0,0
65.0,87.73,29.77,3.0,0.0,89.0,57.6,3.0,1
39.0,79.27,50.78,0.0,0.0,54.02,42.76,3.0,0
60.0,115.88,25.86,7.0,0.0,0.0,86.82,4.0,1
44.0,15.0,100.0,1.0,1.0,18.42,56.3,1.0,1
68.0,138.16,24.38,8.0,3.0,83.4,47.6,6.0,1
50.0,62.29,76.3,0.0,2.0,41.29,32.45,3.0,0
50.0,104.82,60.4,0.0,2.0,27.01,59.06,4.0,0
57.0,55.5,52.13,5.0,0.0,34.56,34.85,3.0,1
72.0,87.73,71.87,0.0,3.0,16.83,58.14,3.0,0
51.0,74.39,46.53,7.0,1.0,88.17,34.13,5.0,1
66.0,41.89,89.99,3.0,4.0,40.31,4.37,4.0,0
16.0,15.0,8.86,3.0,1.0,46.56,21.34,2.0,0
3.0,141.17,8.81,0.0,2.0,67.24,51.57,5.0,0
19.0,20.24,44.35,1.0,1.0,22.4,26.0,3.0,0
4.0,53.94,41.31,3.0,1.0,0.0,26.93,4.0,0
15.0,39.67,26.62,2.0,1.0,16.96,36.67,3.0,0
72.0,105.54,43.45,1.0,3.0,100.0,33.94,4.0,1
59.0,100.79,16.62,5.0,2.0,63.54,40.19,4.0,1
56.0,68.38,17.75,0.0,2.0,45.19,83.15,1.0,0
44.0,120.49,40.61,0.0,2.0,31.44,56.82,4.0,0
51.0,15.08,36.87,2.0,1.0,26.88,0.0,3.0,1
42.0,98.1,48.47,0.0,1.0,43.29,69.36,3.0,0
72.0,88.27,73.09,0.0,0.0,6.92,57.37,3.0,0
37.0,84.36,47.13,0.0,1.0,30.66,62.7,2.0,0
57.0,64.39,68.28,0.0,1.0,48.71,43.0,3.0,0
58.0,44.3,68.54,0.0,1.0,37.39,17.51,3.0,0
52.0,108.3,58.76,0.0,1.0,31.98,60.03,4.0,0
47.0,106.66,27.69,0.0,1.0,83.38,64.49,3.0,1
45.0,112.56,27.36,6.0,0.0,50.56,50.74,5.0,1
28.0,53.97,8.47,0.0,2.0,27.68,40.29,2.0,0
27.0,15.0,23.26,0.0,0.0,54.12,35.06,1.0,0
64.0,90.19,84.22,4.0,2.0,100.0,22.75,5.0,1
12.0,40.86,44.49,1.0,0.0,24.62,35.9,3.0,0
47.0,110.18,64.11,1.0,0.0,19.67,42.06,5.0,0
1.0,76.41,58.39,2.0,0.0,5.92,35.87,5.0,0
61.0,15.0,100.0,1.0,2.0,20.24,34.34,1.0,1
14.0,143.19,22.97,0.0,1.0,43.87,51.15,6.0,0
72.0,63.04,84.55,0.0,0.0,13.39,41.22,2.0,0
27.0,36.0,11.53,0.0,1.0,59.73,62.98,1.0,0
21.0,15.0,80.11,4.0,2.0,77.34,0.0,4.0,1
17.0,37.77,13.42,2.0,0.0,20.67,32.22,3.0,0
44.0,138.18,35.16,8.0,0.0,58.09,54.44,6.0,1
2.0,64.68,0.0,1.0,2.0,44.64,39.23,3.0,0
22.0,46.76,2.6,0.0,2.0,45.46,40.58,2.0,0
48.0,102.45,32.1,0.0,1.0,48.45,27.86,4.0,0
50.0,92.13,17.94,0.0,2.0,28.44,32.13,4.0,1
72.0,76.06,30.56,3.0,0.0,75.36,37.04,3.0,1
53.0,15.0,89.89,1.0,2.0,42.51,48.48,1.0,1
1.0,50.5,42.42,4.0,1.0,13.38,24.05,5.0,0
25.0,23.42,0.0,2.0,0.0,36.89,45.71,1.0,0
43.0,151.87,33.19,0.0,0.0,16.4,84.08,4.0,0
28.0,36.39,22.03,0.0,1.0,44.64,42.11,2.0,0
64.0,63.54,36.4,5.0,0.0,52.21,18.08,4.0,1
1.0,85.06,38.02,1.0,0.0,38.35,41.69,5.0,0
63.0,61.25,45.13,5.0,2.0,42.28,54.63,3.0,1
64.0,80.9,73.12,3.0,0.0,20.19,24.41,4.0,0
23.0,33.59,43.04,0.0,2.0,78.17,53.18,1.0,0
70.0,58.28,50.04,7.0,1.0,38.86,59.51,3.0,1
72.0,81.19,19.67,2.0,1.0,71.17,38.15,3.0,1
54.0,90.22,60.03,4.0,1.0,37.23,10.26,5.0,0
14.0,63.94,37.23,0.0,2.0,30.13,40.32,3.0,0
64.0,66.3,40.88,1.0,3.0,61.21,9.26,3.0,1
70.0,155.12,39.48,4.0,2.0,16.4,63.1,5.0,0
53.0,103.43,57.59,1.0,2.0,20.86,31.97,5.0,0
62.0,18.71,88.21,2.0,0.0,37.51,61.98,1.0,1
60.0,72.6,64.98,0.0,1.0,33.59,40.43,3.0,0
51.0,114.71,57.59,1.0,1.0,31.45,69.59,4.0,0
33.0,62.45,44.87,0.0,1.0,29.7,49.59,2.0,0
72.0,86.1,72.38,0.0,0.0,10.58,50.49,3.0,0
1.0,73.72,27.3,3.0,4.0,11.74,30.99,5.0,0
39.0,25.19,21.89,2.0,0.0,0.0,41.53,2.0,0
21.0,64.93,39.43,2.0,0.0,0.0,43.63,4.0,0
72.0,93.43,74.27,3.0,0.0,13.23,49.03,3.0,0
41.0,93.15,24.95,0.0,0.0,13.1,66.95,2.0,0
1.0,68.55,21.91,0.0,2.0,35.08,24.77,5.0,0
57.0,118.35,25.12,2.0,0.0,77.1,50.41,4.0,1
8.0,46.95,44.04,5.0,1.0,16.97,64.49,3.0,1
28.0,51.46,15.93,1.0,1.0,0.0,45.83,3.0,0
66.0,75.64,28.79,6.0,0.0,51.08,17.57,4.0,1
26.0,43.41,28.33,0.0,0.0,6.62,39.46,2.0,0
26.0,45.75,8.75,0.0,2.0,35.7,41.2,2.0,0
37.0,120.64,34.43,0.0,1.0,44.25,82.61,3.0,0
31.0,112.08,35.19,0.0,1.0,0.0,60.18,4.0,0
32.0,84.22,68.83,0.0,3.0,28.98,24.06,5.0,0
25.0,64.82,32.56,0.0,1.0,0.0,36.33,3.0,0
8.0,48.84,8.93,0.0,1.0,73.32,47.74,2.0,0
59.0,61.12,48.11,7.0,1.0,35.58,41.33,4.0,1
72.0,59.99,39.33,1.0,2.0,68.04,0.0,3.0,1
50.0,69.64,66.76,0.0,3.0,48.13,52.72,3.0,0
37.0,160.0,39.26,2.0,4.0,100.0,98.2,5.0,1
15.0,49.81,59.99,1.0,0.0,0.26,39.15,4.0,0
61.0,65.82,47.62,6.0,0.0,69.62,14.87,4.0,1
53.0,56.6,80.35,0.0,1.0,33.29,40.75,3.0,0
72.0,105.08,71.83,4.0,1.0,0.0,45.87,4.0,0
46.0,115.77,47.28,0.0,0.0,34.61,59.88,4.0,0
43.0,139.2,18.35,4.0,1.0,88.05,82.65,5.0,1
64.0,55.78,89.95,3.0,1.0,38.58,22.03,4.0,0
22.0,56.84,0.0,0.0,2.0,52.82,54.47,2.0,0
72.0,95.79,71.54,0.0,0.0,9.17,69.51,3.0,0
1.0,15.0,21.11,6.0,0.0,46.48,2.92,4.0,0
72.0,65.64,51.81,3.0,1.0,21.09,100.0,1.0,1
58.0,118.36,49.99,4.0,2.0,36.39,33.09,6.0,0
67.0,135.12,41.25,1.0,0.0,26.16,78.84,4.0,0
66.0,123.61,21.48,4.0,1.0,93.37,52.9,4.0,1
1.0,84.22,11.8,0.0,1.0,64.66,44.89,4.0,0
12.0,29.34,47.14,1.0,2.0,34.45,27.13,3.0,0
31.0,47.14,42.66,0.0,0.0,49.45,62.8,1.0,0
41.0,96.97,50.26,0.0,2.0,44.4,51.21,4.0,0
4.0,20.91,33.98,3.0,0.0,31.24,19.91,3.0,0
38.0,126.57,23.91,2.0,0.0,48.98,23.91,6.0,0
17.0,54.51,22.4,0.0,1.0,47.97,38.82,3.0,0
72.0,122.99,58.79,2.0,2.0,8.55,60.62,4.0,0
43.0,74.08,66.42,0.0,2.0,32.34,27.81,4.0,0
70.0,73.58,61.42,0.0,3.0,100.0,12.7,3.0,1
47.0,81.36,69.56,0.0,1.0,37.65,83.78,2.0,0
63.0,108.16,64.68,1.0,1.0,9.49,35.72,5.0,0
71.0,96.07,67.45,0.0,1.0,17.79,48.28,4.0,0
53.0,50.52,26.59,4.0,2.0,52.26,24.66,3.0,1
66.0,94.47,60.37,0.0,0.0,25.74,51.14,3.0,0
45.0,63.13,42.92,7.0,1.0,40.08,10.44,5.0,1
24.0,138.79,34.68,2.0,2.0,36.75,22.68,7.0,0
15.0,114.69,40.0,0.0,0.0,39.03,56.66,4.0,0
72.0,139.27,46.96,4.0,0.0,15.59,53.58,5.0,0
46.0,76.49,72.69,0.0,1.0,39.43,67.03,2.0,0
72.0,91.39,43.95,1.0,3.0,0.0,45.76,3.0,1
48.0,99.6,50.33,5.0,1.0,76.95,32.39,5.0,1
28.0,41.25,2.98,0.0,1.0,52.57,47.55,1.0,0
72.0,143.05,53.61,5.0,1.0,20.12,59.26,5.0,0
35.0,51.88,31.9,0.0,1.0,12.74,59.03,2.0,0
14.0,25.72,9.29,3.0,2.0,31.77,34.94,3.0,0
22.0,18.65,29.95,3.0,2.0,1.04,34.04,2.0,0
4.0,38.15,33.09,0.0,1.0,63.74,32.07,3.0,0
39.0,133.66,42.52,1.0,2.0,40.05,61.44,5.0,0
19.0,51.36,66.66,0.0,1.0,48.03,45.74,3.0,0
6.0,41.42,32.01,3.0,1.0,18.28,38.17,3.0,0
72.0,79.51,38.77,6.0,1.0,37.84,24.68,4.0,1
56.0,65.35,64.77,0.0,1.0,46.17,26.77,3.0,0
33.0,15.0,50.32,6.0,0.0,96.79,23.21,3.0,1
22.0,39.96,0.0,1.0,0.0,51.34,41.88,2.0,0
67.0,103.8,45.3,4.0,2.0,64.52,16.88,5.0,1
54.0,77.8,59.68,0.0,1.0,47.44,49.34,3.0,0
65.0,101.26,65.98,2.0,1.0,18.64,48.92,4.0,0
27.0,121.8,33.86,0.0,0.0,36.63,43.52,5.0,0
33.0,28.18,12.35,2.0,1.0,14.55,49.2,1.0,0
72.0,42.08,96.89,1.0,0.0,34.82,51.0,2.0,0
29.0,81.57,38.41,4.0,0.0,1.81,33.35,5.0,1
22.0,23.42,30.05,0.0,0.0,55.9,33.66,2.0,0
12.0,26.34,47.05,1.0,0.0,47.48,36.34,3.0,0
35.0,33.59,33.27,0.0,4.0,39.01,46.23,1.0,0
4.0,15.0,56.75,1.0,1.0,50.04,18.74,3.0,0
35.0,101.51,38.06,1.0,2.0,66.23,54.03,4.0,1
43.0,15.0,89.79,5.0,0.0,41.69,19.23,3.0,1
40.0,38.85,74.47,0.0,0.0,48.42,26.23,2.0,0
53.0,113.48,45.43,1.0,0.0,33.14,33.73,5.0,0
46.0,132.19,19.8,0.0,1.0,75.31,80.52,3.0,1
35.0,95.86,32.09,2.0,0.0,42.61,29.45,5.0,1
23.0,65.35,22.84,0.0,0.0,23.43,54.71,3.0,0
72.0,60.28,71.44,0.0,0.0,18.17,48.54,1.0,0
30.0,30.73,19.07,2.0,2.0,0.0,30.8,2.0,0
37.0,140.73,23.86,0.0,1.0,37.89,66.53,4.0,0
22.0,64.73,1.99,0.0,0.0,59.76,53.07,2.0,0
33.0,71.85,16.89,0.0,0.0,18.06,68.76,2.0,0
70.0,27.22,54.9,6.0,0.0,86.96,0.0,4.0,1
17.0,35.88,25.76,0.0,2.0,39.84,34.24,2.0,0
39.0,85.23,67.83,2.0,3.0,41.56,23.46,5.0,0
52.0,62.97,30.4,0.0,2.0,48.56,77.74,1.0,0
65.0,125.15,50.02,0.0,0.0,9.16,55.24,4.0,0
53.0,106.52,60.17,3.0,0.0,25.04,32.87,5.0,0
56.0,105.93,29.3,4.0,1.0,46.72,26.21,5.0,1
71.0,74.23,67.99,1.0,2.0,31.92,37.59,3.0,0
54.0,53.06,73.85,1.0,1.0,3.43,43.79,3.0,1
69.0,102.95,59.02,4.0,0.0,27.19,29.8,5.0,0
42.0,55.54,35.24,1.0,2.0,39.22,32.1,3.0,1
38.0,37.57,16.6,0.0,1.0,36.56,58.34,1.0,0
7.0,51.31,39.02,0.0,0.0,28.15,31.21,4.0,0
39.0,102.26,42.98,1.0,3.0,47.98,29.79,5.0,0
40.0,119.43,42.86,1.0,0.0,41.94,36.19,5.0,0
53.0,113.75,24.64,4.0,0.0,84.19,71.8,4.0,1
28.0,113.75,35.19,0.0,1.0,56.24,47.89,5.0,0
51.0,134.1,11.09,5.0,2.0,35.35,40.39,6.0,1
20.0,28.92,31.38,0.0,0.0,65.32,48.58,2.0,0
71.0,70.81,90.67,0.0,2.0,7.54,50.45,3.0,0
40.0,106.65,56.46,0.0,2.0,38.21,54.98,4.0,0
23.0,156.63,34.3,0.0,2.0,43.98,65.56,6.0,0
14.0,54.77,30.03,0.0,2.0,59.87,41.15,3.0,0
14.0,22.45,36.91,0.0,1.0,38.43,22.56,2.0,0
49.0,16.75,6.51,0.0,0.0,71.47,63.51,1.0,0
39.0,55.28,31.42,0.0,2.0,63.21,67.65,1.0,0
46.0,112.05,41.67,0.0,0.0,75.29,44.01,4.0,1
31.0,101.63,39.32,0.0,3.0,36.31,4.28,6.0,0
37.0,147.35,43.38,0.0,1.0,24.43,71.58,5.0,0
51.0,18.65,59.9,6.0,1.0,79.56,23.9,3.0,1
42.0,48.56,66.19,0.0,1.0,45.74,49.82,1.0,0
44.0,58.35,40.68,4.0,1.0,54.24,24.35,4.0,1
60.0,103.74,53.68,0.0,0.0,34.26,58.19,4.0,0
8.0,51.29,23.69,3.0,2.0,0.0,30.4,4.0,0
49.0,60.63,49.46,2.0,1.0,15.34,68.82,2.0,1
52.0,85.51,69.4,1.0,1.0,29.37,39.56,4.0,0
30.0,131.28,22.24,0.0,1.0,49.91,82.35,3.0,0
59.0,89.42,44.57,0.0,1.0,38.81,39.17,3.0,0
45.0,87.94,55.24,0.0,1.0,40.29,33.66,4.0,0
49.0,97.92,43.69,0.0,2.0,45.16,70.92,2.0,0
41.0,17.74,5.28,0.0,0.0,48.69,53.42,1.0,0
35.0,118.66,35.89,6.0,1.0,84.47,63.3,5.0,1
2.0,28.55,29.56,2.0,0.0,23.17,18.51,3.0,0
47.0,142.41,24.08,1.0,2.0,24.42,26.71,6.0,0
72.0,131.35,39.15,1.0,1.0,100.0,28.06,5.0,1
53.0,103.86,58.17,0.0,2.0,25.24,53.8,4.0,0
21.0,83.06,37.74,0.0,3.0,0.0,53.01,4.0,0
58.0,115.42,43.63,3.0,3.0,45.47,46.13,5.0,0
62.0,85.03,37.54,3.0,3.0,16.14,78.87,2.0,1
28.0,118.81,28.92,0.0,1.0,47.07,56.07,4.0,1
48.0,129.68,37.94,1.0,2.0,25.04,43.11,5.0,0
72.0,110.88,57.25,0.0,1.0,9.96,56.29,3.0,0
64.0,91.74,31.5,3.0,2.0,67.66,19.21,4.0,1
72.0,64.03,75.71,0.0,0.0,22.87,51.98,2.0,0
28.0,62.18,29.67,0.0,0.0,16.66,48.38,3.0,0
68.0,56.6,77.47,1.0,2.0,38.83,24.85,3.0,0
72.0,75.6,33.45,4.0,0.0,74.5,21.64,3.0,1
46.0,47.94,46.84,4.0,2.0,35.28,74.25,2.0,1
23.0,146.81,30.72,0.0,0.0,43.75,68.93,5.0,0
68.0,45.12,82.85,2.0,1.0,0.0,84.31,1.0,1
29.0,50.74,30.37,0.0,2.0,62.91,55.9,2.0,1
36.0,42.95,17.67,0.0,1.0,43.53,51.73,1.0,0
24.0,130.9,32.69,0.0,2.0,44.3,47.27,5.0,0
72.0,33.45,100.0,1.0,2.0,24.25,47.45,1.0,0
23.0,114.82,43.58,0.0,1.0,38.41,35.06,5.0,0
59.0,30.27,12.75,0.0,2.0,43.1,68.78,1.0,0
55.0,82.46,35.38,0.0,1.0,47.62,84.09,1.0,0
12.0,52.17,23.56,2.0,2.0,0.0,28.02,4.0,0
68.0,68.23,77.13,0.0,2.0,36.35,74.28,1.0,0
72.0,77.84,79.26,2.0,0.0,8.81,44.41,3.0,0
64.0,77.66,54.31,4.0,0.0,5.83,49.08,3.0,1
38.0,111.3,5.63,6.0,1.0,7.13,99.2,3.0,1
37.0,73.29,20.82,8.0,0.0,39.73,49.57,4.0,1
53.0,95.3,32.11,3.0,2.0,79.1,55.53,4.0,0
26.0,122.47,33.3,2.0,1.0,58.98,40.8,6.0,0
21.0,97.48,16.46,5.0,0.0,2.1,88.15,4.0,1
38.0,40.56,0.0,1.0,3.0,12.47,43.28,2.0,0
35.0,45.17,8.89,0.0,0.0,21.05,48.99,2.0,0
43.0,76.91,67.48,0.0,0.0,31.46,35.53,4.0,0
58.0,109.63,9.79,0.0,1.0,22.79,81.96,1.0,0
71.0,58.06,83.66,2.0,0.0,27.97,17.1,4.0,0
44.0,81.83,37.55,0.0,1.0,24.61,72.65,2.0,0
34.0,48.21,12.92,1.0,3.0,23.95,56.09,2.0,0
19.0,45.56,12.26,0.0,1.0,54.37,47.86,2.0,0
20.0,15.0,58.97,0.0,1.0,53.47,36.85,2.0,0
1.0,60.52,41.24,1.0,0.0,21.82,20.42,5.0,0
32.0,81.77,42.53,0.0,2.0,16.37,54.74,3.0,0
32.0,69.61,43.86,0.0,3.0,64.99,9.73,4.0,0
62.0,66.4,73.33,1.0,3.0,25.19,27.23,3.0,0
49.0,85.38,31.45,7.0,2.0,14.95,68.14,4.0,1
35.0,121.45,15.49,5.0,0.0,69.78,84.84,4.0,1
30.0,82.18,57.66,0.0,2.0,67.53,51.35,3.0,0
46.0,135.73,50.67,3.0,1.0,100.0,55.5,6.0,1
72.0,54.19,88.57,2.0,1.0,17.28,34.2,2.0,0
59.0,46.08,47.82,7.0,0.0,60.41,24.34,3.0,1
34.0,88.68,40.9,1.0,0.0,68.15,22.76,5.0,0
1.0,15.0,21.52,7.0,2.0,0.0,7.49,4.0,0
65.0,63.49,74.5,0.0,1.0,31.11,39.51,3.0,0
72.0,51.68,85.88,1.0,0.0,3.39,27.87,2.0,0
68.0,54.79,97.65,6.0,0.0,21.37,0.0,5.0,0
39.0,103.27,62.89,0.0,3.0,21.33,66.52,3.0,0
49.0,15.0,78.8,3.0,2.0,65.76,0.0,3.0,1
64.0,87.42,56.76,1.0,0.0,30.86,38.04,4.0,0
52.0,109.92,0.97,4.0,0.0,65.53,68.58,4.0,1
72.0,43.25,67.32,3.0,0.0,34.17,59.31,1.0,1
60.0,105.62,65.29,2.0,0.0,21.52,54.73,4.0,0
61.0,79.38,35.16,6.0,2.0,74.93,42.19,4.0,1
35.0,73.56,55.13,1.0,1.0,50.33,3.25,5.0,0
44.0,74.63,36.15,0.0,1.0,38.4,74.21,1.0,0
52.0,85.45,27.95,9.0,2.0,61.04,49.93,4.0,1
34.0,15.0,73.84,5.0,2.0,58.63,27.6,3.0,1
11.0,67.76,30.65,0.0,0.0,42.25,46.88,3.0,0
20.0,46.28,26.39,1.0,1.0,39.93,51.59,2.0,0
50.0,92.12,61.5,0.0,1.0,28.3,31.87,4.0,0
11.0,53.73,6.6,1.0,0.0,35.27,38.35,3.0,0
55.0,122.49,47.59,1.0,2.0,28.24,47.99,5.0,0
28.0,110.9,35.54,0.0,2.0,53.85,47.08,4.0,0
72.0,73.21,75.19,0.0,1.0,19.85,55.63,2.0,0
72.0,84.98,82.47,3.0,2.0,10.88,41.71,4.0,0
62.0,98.09,64.41,0.0,1.0,22.94,57.78,3.0,0
24.0,80.98,8.96,0.0,1.0,21.99,46.5,3.0,0
59.0,66.21,49.51,4.0,0.0,21.44,31.42,4.0,1
30.0,86.83,18.99,0.0,1.0,0.0,58.06,3.0,0
49.0,121.53,46.17,2.0,1.0,32.44,45.43,5.0,0
36.0,120.72,32.18,7.0,1.0,76.69,77.02,5.0,1
70.0,79.68,83.72,1.0,2.0,0.0,64.23,3.0,1
31.0,77.36,56.97,0.0,2.0,42.34,27.42,4.0,0
49.0,31.61,58.08,6.0,1.0,57.29,45.28,2.0,0
72.0,120.87,48.26,0.0,1.0,11.76,75.24,3.0,0
58.0,112.59,48.25,2.0,0.0,37.03,49.31,4.0,0
72.0,46.78,92.2,0.0,1.0,23.43,60.98,1.0,0
46.0,88.63,35.15,3.0,3.0,74.53,42.77,4.0,1
43.0,103.25,60.15,0.0,1.0,28.27,50.02,4.0,0
44.0,43.08,69.93,1.0,2.0,71.44,1.82,4.0,1
45.0,28.03,0.0,0.0,1.0,74.42,61.23,1.0,0
66.0,135.86,50.09,1.0,1.0,8.04,63.33,4.0,0
18.0,100.5,47.9,0.0,1.0,49.83,20.52,6.0,0
71.0,96.86,33.66,0.0,2.0,10.22,94.91,1.0,0
19.0,31.64,34.21,0.0,0.0,51.23,45.91,2.0,0
72.0,61.55,55.94,0.0,2.0,44.34,35.67,2.0,0
50.0,108.16,45.81,0.0,3.0,25.66,68.43,3.0,0
12.0,35.92,45.91,5.0,1.0,41.82,46.55,3.0,1
36.0,93.61,55.48,0.0,1.0,44.77,73.91,3.0,0
39.0,57.76,79.35,0.0,1.0,43.99,51.14,2.0,0
35.0,101.63,44.67,0.0,2.0,45.48,25.21,5.0,0
22.0,34.23,45.11,1.0,0.0,46.3,58.01,2.0,0
9.0,30.87,23.84,5.0,0.0,0.0,27.85,4.0,0
13.0,43.13,41.4,1.0,2.0,0.0,31.78,3.0,0
47.0,102.17,32.56,8.0,2.0,68.82,59.09,5.0,1
16.0,36.53,37.61,1.0,1.0,35.92,39.55,3.0,0
36.0,76.58,80.06,0.0,0.0,30.06,61.29,3.0,0
54.0,39.47,59.9,0.0,0.0,94.36,9.01,3.0,1
6.0,64.86,18.58,1.0,1.0,38.81,34.72,4.0,0
1.0,96.9,63.01,0.0,1.0,24.33,34.2,6.0,0
23.0,75.17,31.37,1.0,3.0,44.28,57.06,3.0,1
11.0,42.69,41.17,2.0,2.0,15.21,36.28,3.0,0
1.0,67.52,52.5,1.0,2.0,3.46,23.2,5.0,0
68.0,127.54,22.56,7.0,2.0,83.2,47.39,5.0,1
53.0,106.7,40.96,0.0,3.0,40.56,52.53,4.0,0
17.0,15.0,30.55,0.0,2.0,71.4,29.34,1.0,0
7.0,65.45,18.11,6.0,1.0,33.96,47.29,4.0,1
58.0,66.2,58.5,6.0,0.0,10.22,22.7,4.0,1
49.0,88.85,39.97,4.0,0.0,0.0,65.37,4.0,1
57.0,18.41,50.8,3.0,1.0,60.54,0.0,3.0,1
62.0,97.13,24.57,2.0,2.0,76.19,52.02,3.0,1
70.0,112.66,54.98,3.0,1.0,23.44,39.8,5.0,0
17.0,15.0,51.64,3.0,1.0,18.72,26.75,2.0,0
50.0,91.48,14.88,4.0,1.0,34.27,29.99,4.0,1
46.0,15.12,89.72,1.0,1.0,23.37,30.25,2.0,1
67.0,75.88,36.55,8.0,1.0,83.79,27.51,4.0,1
8.0,56.28,41.9,0.0,2.0,20.04,31.07,4.0,0
48.0,152.53,43.49,3.0,1.0,100.0,80.08,5.0,1
56.0,79.23,28.28,5.0,0.0,64.83,61.34,3.0,1
52.0,60.29,74.54,0.0,1.0,40.44,36.97,3.0,0
68.0,106.0,0.0,3.0,0.0,33.47,70.63,3.0,1
23.0,43.7,65.07,3.0,0.0,76.52,0.0,5.0,0
18.0,54.85,34.09,3.0,0.0,0.0,41.52,4.0,0
67.0,157.17,28.55,3.0,2.0,100.0,82.73,4.0,1
69.0,103.36,65.67,0.0,0.0,23.69,84.85,2.0,0
68.0,79.39,44.33,4.0,1.0,79.67,13.42,4.0,1
61.0,68.73,70.75,1.0,2.0,25.14,28.72,3.0,0
39.0,122.39,44.53,0.0,2.0,0.0,80.12,3.0,1
1.0,37.63,43.14,1.0,0.0,44.88,30.23,4.0,0
46.0,93.7,69.34,0.0,2.0,33.49,87.63,2.0,0
51.0,67.45,66.9,0.0,0.0,42.21,31.61,3.0,0
16.0,15.0,28.65,1.0,3.0,68.7,35.11,1.0,0
39.0,95.37,58.17,0.0,0.0,35.35,70.37,3.0,0
17.0,61.46,26.93,1.0,1.0,24.97,46.77,3.0,0
72.0,87.99,71.44,3.0,1.0,13.75,27.16,4.0,0
31.0,15.0,86.38,3.0,2.0,37.85,60.33,2.0,1
19.0,56.41,28.47,9.0,1.0,44.06,34.54,5.0,1
1.0,33.86,37.91,1.0,1.0,54.02,19.42,4.0,0
53.0,27.27,83.59,0.0,1.0,49.24,13.58,3.0,0
1.0,65.58,16.33,1.0,2.0,28.68,33.98,4.0,0
28.0,28.09,27.55,2.0,1.0,11.59,45.57,2.0,0
33.0,83.53,4.53,0.0,0.0,27.9,51.48,3.0,1
58.0,83.86,54.09,1.0,0.0,52.0,45.36,3.0,0
67.0,124.45,0.0,10.0,0.0,47.21,56.12,5.0,1
14.0,15.0,21.47,2.0,2.0,46.72,25.32,2.0,0
45.0,112.58,53.99,0.0,1.0,26.23,65.31,4.0,0
23.0,67.83,38.01,0.0,0.0,29.54,59.44,3.0,0
45.0,91.27,23.34,7.0,2.0,61.06,57.21,4.0,1
31.0,89.39,39.51,0.0,1.0,0.0,66.86,3.0,0
37.0,57.66,42.96,0.0,1.0,36.01,55.72,2.0,0
72.0,85.23,43.79,2.0,0.0,19.79,80.5,1.0,1
27.0,100.29,42.43,0.0,2.0,49.56,45.68,4.0,0
14.0,79.28,22.85,0.0,1.0,50.65,55.32,3.0,0
43.0,110.51,50.45,1.0,0.0,37.65,38.52,5.0,0
15.0,32.59,31.08,1.0,1.0,45.63,42.87,2.0,0
8.0,26.99,32.94,1.0,0.0,76.3,38.84,2.0,0
46.0,43.13,62.37,5.0,0.0,29.54,24.12,4.0,1
72.0,58.61,79.62,0.0,1.0,21.34,39.18,2.0,0
72.0,51.39,72.54,2.0,2.0,12.82,51.12,2.0,1
72.0,80.25,74.69,0.0,4.0,12.01,63.19,2.0,0
72.0,96.31,52.54,0.0,2.0,29.03,51.65,3.0,0
72.0,72.94,70.75,1.0,1.0,12.45,37.48,2.0,0
64.0,118.44,46.87,3.0,1.0,32.47,38.17,5.0,0
69.0,87.6,46.52,3.0,1.0,87.36,0.0,5.0,1
28.0,15.0,95.82,2.0,0.0,61.8,8.46,2.0,1
64.0,105.51,55.65,1.0,1.0,25.4,50.17,4.0,0
72.0,74.35,30.12,2.0,0.0,92.03,37.33,2.0,1
72.0,15.0,100.0,1.0,1.0,40.21,28.74,1.0,1
1.0,43.81,55.02,3.0,0.0,28.31,22.12,5.0,0
72.0,18.38,76.22,3.0,1.0,73.84,8.11,2.0,1
21.0,113.99,41.63,0.0,0.0,45.81,26.77,6.0,0
18.0,99.52,27.58,0.0,0.0,61.7,42.16,4.0,0
1.0,31.01,25.33,4.0,2.0,39.29,17.88,4.0,0
68.0,15.0,69.48,2.0,1.0,80.25,0.0,3.0,1
34.0,50.38,75.56,0.0,1.0,51.62,27.21,3.0,0
72.0,63.91,92.1,0.0,2.0,10.6,66.34,1.0,0
37.0,94.4,46.94,5.0,1.0,55.15,26.74,6.0,1
64.0,133.47,52.72,6.0,0.0,15.34,16.45,7.0,0
35.0,62.63,32.54,0.0,3.0,23.05,50.01,2.0,0
1.0,15.0,74.43,3.0,1.0,12.12,8.33,4.0,0
72.0,77.5,73.6,0.0,2.0,15.17,58.52,2.0,0
71.0,64.45,87.26,0.0,1.0,21.6,56.35,2.0,0
51.0,109.64,51.97,0.0,0.0,22.38,61.56,3.0,0
12.0,57.43,21.04,1.0,1.0,18.23,40.36,3.0,0
69.0,77.88,64.3,0.0,1.0,22.57,61.77,2.0,0
1.0,158.67,26.05,0.0,1.0,54.79,75.23,6.0,0
1.0,22.01,42.93,3.0,3.0,54.02,25.64,3.0,0
60.0,107.34,54.94,2.0,0.0,18.75,38.44,5.0,0
65.0,155.16,22.62,2.0,0.0,97.72,66.68,5.0,1
48.0,38.2,66.19,4.0,0.0,33.29,5.18,4.0,1
63.0,118.46,30.52,0.0,0.0,94.39,60.81,3.0,1
1.0,15.0,25.92,6.0,0.0,25.11,0.0,4.0,0
72.0,74.43,71.55,2.0,0.0,29.17,32.85,3.0,0
43.0,79.23,65.21,0.0,3.0,48.68,33.49,4.0,0
4.0,32.04,38.24,2.0,0.0,47.37,40.03,3.0,0
32.0,35.39,51.0,4.0,0.0,53.55,6.48,4.0,1
43.0,73.61,58.59,2.0,0.0,90.24,41.84,4.0,1
72.0,96.99,58.17,1.0,0.0,15.48,54.97,3.0,0
54.0,78.23,26.06,2.0,1.0,44.82,34.12,3.0,1
65.0,79.8,49.43,3.0,1.0,75.08,5.92,5.0,1
23.0,90.46,52.98,0.0,0.0,0.0,57.95,4.0,0
59.0,98.19,54.97,3.0,2.0,33.48,26.76,5.0,0
72.0,126.42,34.9,4.0,0.0,0.0,59.5,4.0,1
22.0,36.02,9.44,0.0,1.0,83.07,52.23,1.0,0
67.0,29.8,86.28,0.0,1.0,15.59,47.01,1.0,1
32.0,34.16,42.86,0.0,0.0,0.0,29.67,3.0,0
1.0,39.95,36.15,4.0,0.0,15.09,30.15,4.0,0
36.0,141.42,9.7,0.0,0.0,45.29,38.43,5.0,0
10.0,73.43,20.84,0.0,2.0,14.69,39.79,4.0,0
57.0,81.65,63.57,0.0,0.0,30.05,68.45,2.0,0
11.0,43.05,34.65,1.0,0.0,48.67,39.81,3.0,0
54.0,61.2,58.17,0.0,2.0,0.0,76.8,2.0,1
72.0,70.12,14.87,0.0,2.0,5.87,87.36,1.0,0
50.0,88.74,19.78,0.0,2.0,26.94,78.06,1.0,0
21.0,50.55,9.61,0.0,2.0,43.67,40.41,2.0,0
45.0,71.29,28.6,8.0,0.0,35.62,34.02,5.0,1
17.0,38.81,3.91,0.0,1.0,69.66,48.62,2.0,0
55.0,95.15,16.67,5.0,1.0,50.22,31.12,4.0,1
46.0,17.79,78.25,0.0,2.0,25.23,90.02,1.0,1
33.0,108.07,25.84,4.0,0.0,50.7,69.68,4.0,1
72.0,52.13,84.7,0.0,2.0,22.42,36.16,2.0,0
1.0,47.86,22.39,3.0,2.0,29.15,25.55,4.0,0
72.0,107.48,43.01,0.0,0.0,76.37,9.37,4.0,1
22.0,86.67,27.93,0.0,2.0,28.04,52.9,3.0,0
26.0,56.4,16.39,0.0,0.0,42.86,43.35,2.0,0
44.0,69.57,32.46,9.0,0.0,35.3,26.56,5.0,1
67.0,92.18,45.4,3.0,2.0,43.11,15.92,5.0,0
72.0,84.46,74.95,1.0,0.0,15.45,58.61,3.0,0
49.0,15.0,17.5,0.0,2.0,37.42,42.59,1.0,0
24.0,70.35,52.41,2.0,2.0,56.78,0.0,6.0,0
64.0,117.99,29.17,2.0,2.0,81.02,49.78,4.0,1
26.0,83.89,3.33,4.0,2.0,0.0,48.79,4.0,1
40.0,126.71,19.15,0.0,1.0,62.33,62.02,4.0,1
72.0,125.53,52.98,4.0,0.0,20.85,33.31,6.0,0
49.0,94.46,63.17,0.0,1.0,21.25,53.68,3.0,0
29.0,56.82,36.09,0.0,0.0,0.0,50.25,3.0,0
26.0,93.73,25.86,0.0,0.0,0.0,52.88,4.0,0
8.0,43.09,2.22,2.0,2.0,37.86,28.69,3.0,0
67.0,86.78,79.08,0.0,1.0,19.17,68.06,3.0,0
25.0,50.64,7.87,0.0,2.0,70.94,50.72,2.0,0
21.0,24.05,17.17,1.0,0.0,58.82,45.03,2.0,0
40.0,42.99,19.87,0.0,2.0,72.89,65.09,1.0,0
52.0,76.84,44.57,3.0,1.0,10.35,73.91,3.0,1
1.0,32.2,49.71,0.0,1.0,91.69,30.96,3.0,0
50.0,75.37,64.57,4.0,0.0,44.96,9.44,5.0,0
12.0,149.16,20.19,2.0,3.0,54.35,23.26,7.0,0
27.0,76.74,35.79,0.0,2.0,16.61,55.04,3.0,0
31.0,44.8,40.1,5.0,1.0,44.06,35.39,4.0,1
56.0,39.07,45.46,3.0,2.0,65.35,25.22,3.0,1
41.0,15.0,12.19,0.0,1.0,61.33,49.72,1.0,0
72.0,65.46,81.2,1.0,1.0,16.41,53.12,2.0,0
9.0,22.53,36.0,1.0,0.0,53.05,25.95,3.0,0
22.0,16.31,24.04,1.0,1.0,44.28,32.54,2.0,0
68.0,41.14,100.0,0.0,1.0,17.89,19.46,3.0,0
65.0,95.87,60.65,0.0,0.0,100.0,38.29,3.0,1
68.0,57.82,70.14,0.0,0.0,0.0,81.72,1.0,1
35.0,106.72,60.84,1.0,0.0,30.09,37.42,5.0,0
55.0,15.0,69.46,5.0,2.0,73.69,12.28,3.0,1
72.0,88.39,79.08,2.0,0.0,13.27,41.16,4.0,0
60.0,94.72,59.09,2.0,0.0,21.28,21.76,5.0,0
53.0,76.33,59.08,0.0,1.0,85.8,7.91,4.0,1
21.0,39.12,54.16,0.0,1.0,26.02,41.26,3.0,0
15.0,46.98,26.17,0.0,1.0,54.74,51.54,2.0,0
49.0,18.14,36.47,0.0,1.0,54.72,54.56,1.0,0
20.0,66.66,66.03,0.0,2.0,51.08,51.55,3.0,0
65.0,76.86,72.45,0.0,0.0,20.2,27.49,4.0,0
54.0,117.14,48.69,6.0,0.0,31.17,1.79,7.0,0
39.0,15.0,100.0,3.0,2.0,100.0,0.0,2.0,1
1.0,16.86,26.94,1.0,0.0,80.32,26.78,3.0,0
35.0,80.67,45.52,0.0,0.0,43.7,54.44,2.0,0
64.0,80.19,59.74,0.0,1.0,30.52,51.33,2.0,0
49.0,48.97,43.01,1.0,1.0,7.75,78.15,1.0,0
50.0,95.2,26.63,5.0,0.0,63.87,51.38,4.0,1
72.0,15.0,97.05,3.0,2.0,100.0,0.0,1.0,1
68.0,56.32,75.31,1.0,2.0,29.24,6.76,4.0,0
14.0,47.99,50.09,0.0,3.0,17.44,39.36,3.0,0
44.0,66.21,19.56,3.0,0.0,66.81,61.39,2.0,1
47.0,82.43,58.92,1.0,2.0,48.33,17.82,5.0,0
72.0,65.31,61.98,2.0,0.0,15.74,56.78,2.0,1
64.0,86.73,15.03,2.0,1.0,47.27,16.76,4.0,1
45.0,59.27,44.23,0.0,2.0,0.0,60.68,2.0,0
32.0,105.51,40.94,2.0,2.0,48.91,0.29,6.0,0
44.0,104.63,54.11,0.0,3.0,38.92,74.34,3.0,0
13.0,44.32,15.94,2.0,0.0,15.05,32.44,3.0,0
66.0,45.28,68.17,4.0,1.0,21.31,64.63,2.0,1
48.0,19.22,58.35,4.0,2.0,69.3,27.72,2.0,1
72.0,30.25,100.0,3.0,0.0,25.65,5.15,3.0,0
39.0,68.18,38.96,7.0,2.0,25.5,61.42,4.0,1
72.0,43.46,96.99,3.0,1.0,27.9,21.81,3.0,0
34.0,143.99,33.98,0.0,0.0,42.9,68.6,5.0,0
41.0,30.54,14.1,0.0,0.0,61.95,63.8,1.0,0
60.0,109.5,21.82,6.0,2.0,66.81,49.02,5.0,1
30.0,89.42,20.51,0.0,0.0,57.26,68.66,2.0,0
4.0,39.06,0.0,3.0,2.0,55.4,41.18,3.0,0
39.0,79.93,58.44,0.0,0.0,50.46,37.75,4.0,0
51.0,39.64,64.04,5.0,0.0,40.04,17.62,4.0,1
38.0,48.54,72.53,0.0,1.0,45.17,56.14,1.0,0
33.0,44.19,38.29,0.0,1.0,56.9,64.85,1.0,0
27.0,15.0,21.01,2.0,0.0,49.88,22.98,1.0,0
72.0,58.67,68.1,3.0,0.0,3.07,68.19,2.0,1
25.0,94.83,58.76,0.0,1.0,50.56,62.51,4.0,0
71.0,55.09,75.43,0.0,3.0,29.7,36.87,2.0,0
26.0,50.2,32.41,0.0,1.0,41.33,38.32,2.0,0
29.0,103.61,43.32,0.0,1.0,0.0,52.25,4.0,0
33.0,89.23,33.88,0.0,0.0,2.7,67.24,3.0,0
72.0,110.83,35.01,3.0,2.0,90.89,37.21,4.0,1
56.0,93.23,31.82,3.0,0.0,81.92,67.89,3.0,1
27.0,72.41,29.67,3.0,0.0,0.0,53.59,4.0,0
15.0,98.4,56.41,0.0,2.0,50.46,39.2,5.0,0
52.0,76.45,71.32,1.0,0.0,46.89,49.19,3.0,0
37.0,59.17,21.62,0.0,1.0,16.05,60.83,2.0,0
49.0,53.06,18.24,0.0,3.0,30.22,71.05,1.0,0
50.0,71.8,56.71,3.0,0.0,0.0,100.0,2.0,1
31.0,23.42,27.32,0.0,1.0,58.09,48.91,1.0,0
70.0,77.68,35.06,4.0,2.0,79.34,39.48,3.0,1
28.0,70.05,24.58,0.0,1.0,18.21,60.72,2.0,0
56.0,144.57,0.0,5.0,1.0,59.56,85.91,4.0,1
33.0,50.92,17.85,0.0,1.0,62.38,59.45,1.0,0
68.0,80.08,67.97,1.0,1.0,22.09,33.6,3.0,0
72.0,97.59,79.84,1.0,1.0,1.32,71.37,3.0,0
43.0,15.0,88.98,0.0,0.0,46.83,19.99,2.0,1
72.0,92.83,64.68,4.0,2.0,23.38,24.01,5.0,0
57.0,125.71,18.98,9.0,2.0,87.99,70.83,5.0,1
72.0,108.47,66.94,1.0,3.0,11.34,68.15,3.0,0
72.0,63.9,82.51,1.0,0.0,18.41,53.14,2.0,0
2.0,39.03,30.38,3.0,0.0,33.73,35.67,3.0,0
19.0,59.32,43.96,0.0,2.0,38.13,46.82,3.0,0
4.0,17.35,67.73,4.0,2.0,0.0,2.85,5.0,0
50.0,97.24,54.88,2.0,1.0,44.51,32.53,5.0,0
32.0,120.82,26.16,0.0,2.0,50.64,38.55,5.0,0
17.0,47.9,22.75,0.0,2.0,52.73,50.65,2.0,0
14.0,42.59,3.45,2.0,1.0,15.53,32.74,3.0,0
72.0,31.12,89.85,0.0,1.0,29.24,20.47,2.0,0
17.0,23.73,13.68,3.0,0.0,15.67,36.02,2.0,0
45.0,81.38,25.18,7.0,0.0,33.95,47.94,4.0,1
59.0,121.16,46.53,4.0,1.0,100.0,60.55,5.0,1
38.0,31.23,14.66,1.0,1.0,4.75,39.93,2.0,0
25.0,130.56,34.12,0.0,2.0,38.81,64.67,5.0,0
30.0,66.61,75.56,4.0,0.0,0.0,74.52,3.0,1
51.0,107.88,30.05,3.0,2.0,69.77,63.58,4.0,1
72.0,56.66,78.06,0.0,0.0,25.67,31.32,3.0,0
34.0,93.79,37.12,7.0,1.0,51.5,53.36,5.0,1
67.0,60.19,77.83,1.0,1.0,36.41,25.31,3.0,0
63.0,104.16,67.26,4.0,0.0,25.32,32.5,5.0,0
40.0,87.94,49.79,3.0,1.0,96.14,49.87,4.0,1
30.0,27.03,12.89,0.0,1.0,83.37,54.66,1.0,0
13.0,44.8,47.94,2.0,0.0,9.83,39.47,3.0,0
47.0,66.78,22.69,3.0,2.0,48.08,53.52,3.0,1
51.0,91.45,29.95,2.0,0.0,100.0,72.96,3.0,1
72.0,27.88,71.97,9.0,2.0,75.22,0.0,4.0,1
19.0,100.0,41.57,0.0,3.0,52.24,20.3,5.0,0
72.0,65.49,75.26,3.0,0.0,13.77,12.3,4.0,0
63.0,102.87,56.21,5.0,2.0,0.0,51.94,5.0,1
31.0,15.0,57.62,9.0,1.0,89.01,25.72,3.0,1
12.0,56.13,50.75,0.0,0.0,16.28,38.53,4.0,0
12.0,45.91,53.33,1.0,1.0,31.83,36.15,4.0,0
1.0,55.28,35.79,5.0,0.0,0.0,7.8,6.0,0
1.0,108.91,39.0,0.0,2.0,0.89,48.13,5.0,0
58.0,65.11,39.63,0.0,3.0,71.28,32.34,3.0,1
27.0,31.05,25.49,0.0,0.0,47.68,49.59,2.0,0
55.0,139.48,59.72,2.0,2.0,10.09,75.22,5.0,0
20.0,15.0,2.62,3.0,0.0,50.92,39.23,1.0,0
6.0,160.0,0.0,3.0,2.0,42.98,37.92,8.0,0
45.0,16.32,79.1,5.0,1.0,45.44,0.0,4.0,1
19.0,67.41,53.98,0.0,1.0,11.25,45.19,3.0,0
49.0,121.29,23.39,0.0,1.0,48.01,33.66,5.0,0
61.0,122.01,43.58,5.0,1.0,30.3,27.16,6.0,0
56.0,85.72,57.44,0.0,1.0,32.72,36.29,4.0,0
54.0,100.62,51.82,2.0,0.0,29.52,14.11,5.0,0
26.0,139.41,28.72,2.0,1.0,46.93,38.02,6.0,0
40.0,45.06,40.84,0.0,1.0,47.12,69.38,1.0,0
72.0,48.6,100.0,4.0,1.0,0.01,22.76,3.0,0
53.0,79.2,44.93,1.0,0.0,0.88,58.97,3.0,1
39.0,38.33,14.82,0.0,2.0,41.49,50.01,1.0,0
72.0,97.67,66.66,2.0,2.0,0.0,51.47,3.0,0
59.0,49.04,34.27,2.0,1.0,70.01,27.88,2.0,1
21.0,43.26,29.77,0.0,0.0,74.58,46.11,2.0,0
56.0,160.0,36.33,3.0,0.0,12.31,54.42,6.0,0
49.0,46.14,19.84,0.0,1.0,21.84,64.49,1.0,0
43.0,129.0,22.76,0.0,1.0,47.56,43.57,5.0,0
47.0,70.28,6.75,0.0,0.0,8.31,72.42,1.0,0
54.0,115.98,38.77,4.0,1.0,41.29,13.8,6.0,0
42.0,81.46,54.19,2.0,1.0,54.45,18.43,5.0,0
14.0,112.46,30.22,0.0,1.0,40.17,63.59,4.0,0
31.0,82.63,53.86,2.0,0.0,0.0,100.0,2.0,1
44.0,96.0,51.64,0.0,1.0,37.64,56.15,3.0,0
1.0,24.07,49.7,1.0,2.0,64.91,31.5,3.0,0
43.0,63.58,62.49,0.0,2.0,45.24,34.04,3.0,0
59.0,58.09,53.67,0.0,0.0,20.63,62.27,1.0,0
25.0,22.45,26.9,0.0,1.0,40.18,30.84,2.0,0
37.0,94.46,23.59,6.0,0.0,57.27,50.68,5.0,1
55.0,67.37,39.48,1.0,0.0,69.23,28.7,3.0,1
70.0,63.7,45.17,4.0,1.0,38.61,61.17,2.0,1
1.0,53.7,20.21,0.0,1.0,67.72,27.84,3.0,0
59.0,124.28,30.7,0.0,1.0,96.33,51.79,4.0,1
72.0,93.16,14.27,7.0,1.0,55.32,40.42,4.0,1
62.0,122.41,45.62,5.0,0.0,29.46,31.54,6.0,0
55.0,27.48,70.52,2.0,2.0,36.8,29.59,2.0,1
53.0,15.0,79.19,4.0,2.0,54.41,49.29,1.0,1
48.0,109.93,46.52,0.0,1.0,33.59,38.14,5.0,0
34.0,130.05,43.92,0.0,1.0,26.72,40.56,6.0,0
54.0,97.44,42.79,0.0,0.0,51.15,86.93,2.0,0
58.0,56.52,46.64,6.0,2.0,38.02,40.83,3.0,1
72.0,78.34,41.26,2.0,0.0,84.89,37.42,3.0,1
52.0,94.98,62.26,0.0,0.0,23.36,60.47,3.0,0
8.0,31.98,30.97,2.0,2.0,46.01,27.26,3.0,0
35.0,79.14,66.97,0.0,2.0,49.17,41.91,4.0,0
40.0,88.73,22.89,3.0,0.0,20.31,30.24,4.0,1
15.0,73.1,35.45,0.0,3.0,48.99,50.75,3.0,0
55.0,112.47,53.31,0.0,3.0,42.2,73.48,3.0,0
37.0,65.5,46.17,6.0,3.0,62.92,47.26,4.0,1
1.0,50.34,62.47,2.0,2.0,15.87,21.38,5.0,0
38.0,80.84,38.97,0.0,1.0,0.0,60.08,3.0,0
59.0,97.85,53.29,0.0,1.0,38.87,72.42,2.0,0
47.0,60.87,69.57,0.0,2.0,41.93,64.23,1.0,0
60.0,61.71,27.65,2.0,1.0,37.02,19.13,3.0,1
57.0,38.76,85.99,0.0,3.0,46.72,29.01,3.0,0
53.0,88.7,58.73,0.0,1.0,31.82,34.52,4.0,0
20.0,58.36,55.26,5.0,0.0,0.0,66.66,4.0,1
72.0,77.92,49.66,6.0,0.0,23.98,66.75,3.0,1
72.0,77.14,78.71,4.0,2.0,25.3,34.27,4.0,0
1.0,39.87,4.54,4.0,2.0,38.55,33.21,4.0,1
62.0,45.25,58.42,5.0,0.0,39.91,26.61,3.0,1
9.0,24.36,25.58,2.0,0.0,25.63,22.51,3.0,0
38.0,125.74,37.97,0.0,1.0,43.42,65.74,4.0,0
39.0,106.56,45.21,1.0,2.0,40.88,22.95,5.0,0
37.0,132.28,33.18,0.0,0.0,40.28,57.65,5.0,0
67.0,73.53,74.64,0.0,0.0,29.74,53.1,3.0,0
60.0,60.42,75.36,0.0,2.0,16.05,20.75,3.0,0
72.0,104.06,68.73,0.0,0.0,0.0,62.31,3.0,0
47.0,124.36,48.71,4.0,1.0,31.49,24.05,6.0,0
67.0,79.21,57.06,1.0,0.0,43.38,31.44,3.0,0
54.0,134.38,18.25,4.0,0.0,72.65,78.45,4.0,1
37.0,58.8,39.93,3.0,1.0,56.0,37.11,3.0,1
72.0,68.56,50.05,3.0,0.0,22.76,98.1,1.0,1
54.0,97.81,53.49,0.0,2.0,27.86,51.17,4.0,0
38.0,68.67,13.82,4.0,1.0,28.33,32.51,4.0,1
72.0,121.42,57.39,6.0,1.0,10.2,25.25,6.0,0
63.0,74.25,74.65,3.0,0.0,19.52,6.31,5.0,0
25.0,39.72,2.11,1.0,0.0,52.44,50.93,2.0,0
10.0,25.89,34.81,1.0,1.0,56.19,39.71,2.0,0
66.0,99.44,58.98,1.0,0.0,29.38,51.62,4.0,0
2.0,27.44,40.7,3.0,2.0,41.88,34.88,3.0,0
56.0,72.86,72.34,0.0,2.0,37.22,32.31,4.0,0
57.0,29.59,71.35,0.0,2.0,28.92,53.31,1.0,1
58.0,89.84,76.2,0.0,0.0,18.39,65.47,3.0,0
29.0,66.83,0.0,0.0,0.0,29.38,63.28,2.0,0
42.0,72.36,62.7,0.0,2.0,59.0,40.7,3.0,0
61.0,44.43,48.08,3.0,1.0,56.63,22.34,3.0,1
47.0,63.74,81.32,0.0,3.0,35.2,54.44,2.0,0
57.0,87.74,25.79,0.0,0.0,6.97,71.75,1.0,0
41.0,23.11,16.88,1.0,0.0,8.4,42.53,1.0,0
31.0,49.04,32.59,0.0,0.0,36.75,53.91,2.0,0
1.0,28.58,34.62,0.0,1.0,81.59,23.78,3.0,0
15.0,116.13,44.35,0.0,3.0,17.48,67.47,4.0,0
58.0,90.95,0.25,3.0,0.0,79.29,78.37,2.0,1
29.0,115.0,51.58,0.0,0.0,52.11,88.94,3.0,0
5.0,115.89,43.47,0.0,1.0,53.08,36.95,6.0,0
29.0,63.7,26.03,2.0,0.0,23.11,44.27,3.0,1
34.0,142.78,20.5,0.0,1.0,51.07,52.32,5.0,0
14.0,56.04,54.61,0.0,0.0,25.65,37.27,3.0,0
42.0,80.91,56.9,0.0,0.0,43.06,19.95,4.0,0
27.0,18.72,60.76,3.0,1.0,57.48,10.59,3.0,1
31.0,110.63,47.65,0.0,0.0,44.08,62.35,4.0,0
69.0,78.91,70.72,0.0,0.0,22.53,58.02,2.0,0
32.0,147.52,25.62,0.0,1.0,35.43,57.59,5.0,0
67.0,75.19,31.55,0.0,2.0,82.73,32.03,3.0,1
32.0,51.32,5.79,1.0,1.0,8.6,45.09,2.0,0
34.0,106.68,59.09,0.0,1.0,23.66,39.5,5.0,0
52.0,101.85,49.72,2.0,0.0,44.59,40.24,4.0,0
67.0,99.05,53.73,1.0,0.0,0.0,100.0,2.0,1
50.0,108.47,8.1,10.0,1.0,25.82,61.96,5.0,1
53.0,15.0,76.31,5.0,3.0,100.0,0.0,2.0,1
43.0,42.51,76.5,0.0,1.0,45.16,26.2,3.0,0
31.0,63.63,34.1,0.0,0.0,52.7,63.94,2.0,0
10.0,15.0,29.92,0.0,0.0,87.6,33.01,2.0,0
1.0,48.17,48.15,1.0,1.0,68.86,19.05,5.0,0
8.0,15.03,34.71,3.0,2.0,6.73,12.14,3.0,0
55.0,120.05,0.22,5.0,1.0,54.63,70.62,4.0,1
62.0,94.17,55.82,1.0,0.0,26.11,20.23,4.0,0
1.0,79.02,18.35,2.0,3.0,5.41,25.74,5.0,0
53.0,88.2,32.43,3.0,1.0,68.98,38.05,4.0,1
66.0,88.42,84.24,2.0,1.0,13.41,45.36,4.0,0
68.0,39.39,52.83,6.0,1.0,64.0,15.54,3.0,1
13.0,141.81,27.4,0.0,2.0,48.06,52.24,5.0,0
49.0,65.17,75.08,1.0,0.0,35.11,20.37,4.0,0
67.0,67.55,0.0,4.0,1.0,41.59,51.28,2.0,1
39.0,46.32,6.79,0.0,0.0,41.59,51.13,1.0,0
55.0,64.17,35.59,0.0,2.0,0.0,65.33,1.0,0
66.0,117.01,69.97,1.0,2.0,2.77,47.9,5.0,0
8.0,16.86,51.19,3.0,0.0,13.55,21.26,3.0,0
71.0,126.62,53.34,5.0,1.0,12.89,37.14,6.0,0
8.0,16.32,18.57,2.0,1.0,63.61,37.04,2.0,0
39.0,32.66,67.39,3.0,2.0,28.05,42.73,3.0,1
42.0,90.35,66.28,0.0,2.0,34.97,46.27,4.0,0
1.0,24.5,16.77,1.0,0.0,50.19,23.68,3.0,0
27.0,90.17,0.0,0.0,1.0,40.85,59.04,3.0,0
63.0,114.75,43.81,1.0,2.0,30.75,39.5,5.0,0
55.0,55.79,78.73,1.0,1.0,34.06,18.2,4.0,0
27.0,142.8,36.88,2.0,0.0,29.6,26.84,7.0,0
58.0,43.75,44.08,0.0,0.0,34.12,66.35,1.0,0
44.0,102.04,52.0,0.0,1.0,77.38,23.83,5.0,1
54.0,99.64,59.94,1.0,1.0,32.24,48.56,4.0,0
40.0,60.03,21.04,0.0,1.0,26.23,64.86,1.0,0
1.0,68.29,58.45,0.0,0.0,0.0,24.48,5.0,0
34.0,25.71,67.07,2.0,3.0,37.38,40.04,2.0,1
72.0,61.61,68.07,1.0,1.0,22.26,21.75,3.0,0
48.0,104.82,60.32,0.0,2.0,18.59,55.47,4.0,0
35.0,107.23,45.89,0.0,0.0,35.48,30.97,5.0,0
20.0,56.3,23.43,1.0,3.0,17.55,43.42,3.0,0
49.0,64.87,36.1,4.0,0.0,58.75,27.3,4.0,1
36.0,88.93,8.68,6.0,0.0,28.39,58.98,4.0,1
54.0,106.37,55.17,1.0,0.0,34.12,57.88,4.0,0
15.0,15.0,24.28,2.0,0.0,55.91,30.07,2.0,0
32.0,98.75,19.63,6.0,1.0,26.45,53.2,5.0,1
6.0,15.0,47.19,1.0,3.0,72.14,28.41,2.0,0
25.0,24.68,16.47,0.0,0.0,34.85,39.71,2.0,0
72.0,62.79,66.34,3.0,1.0,28.48,14.44,3.0,1
46.0,45.38,9.99,0.0,2.0,29.11,63.89,1.0,0
1.0,15.0,45.33,4.0,1.0,53.3,10.11,4.0,0
61.0,27.57,41.79,6.0,0.0,94.68,0.0,3.0,1
53.0,102.62,55.59,0.0,1.0,20.3,65.33,3.0,0
65.0,119.88,51.6,6.0,0.0,32.5,12.62,6.0,0
59.0,106.28,30.39,1.0,0.0,72.34,45.89,4.0,1
72.0,103.99,68.9,3.0,0.0,19.1,61.19,4.0,0
67.0,107.91,59.71,0.0,2.0,20.07,76.02,3.0,0
24.0,50.87,4.0,0.0,2.0,70.25,58.1,1.0,0
57.0,79.24,55.27,2.0,1.0,76.34,17.88,4.0,1
49.0,85.8,20.93,5.0,1.0,49.53,41.93,4.0,1
41.0,92.91,51.73,0.0,0.0,28.13,9.8,5.0,0
6.0,42.78,27.66,0.0,0.0,81.19,34.66,3.0,0
47.0,101.35,35.75,0.0,0.0,88.17,66.33,3.0,1
31.0,56.85,25.86,0.0,0.0,24.66,62.51,2.0,0
20.0,44.26,0.0,1.0,1.0,34.53,48.05,2.0,0
22.0,123.34,39.66,0.0,2.0,44.78,49.13,5.0,0
28.0,111.52,48.78,0.0,1.0,32.82,32.37,5.0,0
16.0,43.16,1.1,0.0,1.0,39.57,36.14,2.0,0
39.0,58.26,57.6,1.0,1.0,87.51,34.12,3.0,1
72.0,49.04,73.03,2.0,1.0,22.29,13.75,3.0,1
40.0,111.86,37.55,1.0,1.0,40.38,20.27,5.0,0
17.0,114.26,27.09,3.0,2.0,60.96,0.0,7.0,0
61.0,77.38,59.94,0.0,1.0,42.18,53.09,3.0,0
57.0,52.58,83.99,0.0,1.0,31.74,41.73,2.0,0
55.0,40.74,84.74,0.0,3.0,41.1,54.11,1.0,0
42.0,83.46,17.29,3.0,0.0,28.42,37.14,4.0,1
23.0,45.77,55.88,0.0,2.0,49.85,46.38,2.0,0
72.0,81.81,34.23,1.0,2.0,77.11,36.2,3.0,0
40.0,69.47,51.55,0.0,2.0,28.43,66.82,2.0,0
45.0,127.58,43.94,1.0,0.0,31.34,48.1,5.0,0
35.0,51.37,21.55,0.0,1.0,31.23,53.21,2.0,0
34.0,144.63,24.13,0.0,1.0,47.24,61.14,5.0,0
17.0,35.69,37.1,2.0,2.0,19.17,32.22,3.0,0
57.0,100.94,39.09,4.0,2.0,87.68,48.12,4.0,1
43.0,141.96,16.98,6.0,1.0,58.71,79.22,5.0,1
72.0,66.04,74.86,4.0,0.0,18.43,3.22,4.0,0
20.0,30.43,27.89,1.0,1.0,38.08,35.86,2.0,0
26.0,61.78,12.89,0.0,1.0,31.02,48.77,3.0,0
23.0,16.18,3.41,0.0,0.0,74.54,31.68,1.0,0
1.0,15.0,54.32,8.0,2.0,0.0,0.46,5.0,0
35.0,95.72,45.27,0.0,3.0,41.27,30.04,4.0,0
33.0,36.03,23.56,0.0,1.0,47.18,55.36,1.0,0
15.0,15.0,55.23,1.0,0.0,58.94,39.68,2.0,0
20.0,149.68,33.29,0.0,1.0,33.86,73.34,5.0,0
35.0,23.02,68.78,3.0,0.0,35.92,37.34,3.0,1
4.0,62.92,43.67,0.0,1.0,27.14,37.55,4.0,0
67.0,39.88,98.62,0.0,2.0,25.3,63.52,1.0,0
37.0,15.0,87.99,3.0,1.0,40.68,46.42,1.0,1
44.0,64.95,31.46,4.0,2.0,64.26,27.45,4.0,1
1.0,18.38,77.05,3.0,2.0,26.6,5.06,5.0,0
62.0,105.58,23.26,0.0,1.0,71.05,41.76,3.0,1
26.0,45.01,21.35,1.0,1.0,4.04,46.19,2.0,0
52.0,96.41,33.61,6.0,1.0,78.3,45.65,4.0,1
67.0,66.4,45.55,2.0,0.0,17.78,89.49,1.0,1
12.0,42.49,17.9,0.0,1.0,69.55,38.1,2.0,0
25.0,67.97,24.84,0.0,0.0,22.53,56.34,3.0,0
6.0,43.06,34.58,2.0,0.0,25.55,31.87,4.0,0
40.0,30.03,25.89,0.0,2.0,34.24,40.86,1.0,0
52.0,53.4,81.63,0.0,1.0,33.02,20.38,3.0,0
23.0,110.39,58.92,2.0,0.0,34.18,36.3,6.0,0
65.0,139.08,37.59,0.0,1.0,20.3,66.2,4.0,0
61.0,62.56,65.81,2.0,0.0,0.0,49.09,3.0,1
72.0,145.89,48.92,0.0,1.0,9.26,92.38,3.0,0
40.0,98.22,60.03,0.0,3.0,36.57,42.43,4.0,0
72.0,118.21,13.78,7.0,0.0,79.21,54.82,5.0,1
46.0,19.41,50.1,8.0,2.0,83.02,3.22,4.0,1
1.0,15.0,36.01,4.0,0.0,26.53,11.28,4.0,0
31.0,66.12,34.88,0.0,1.0,14.67,59.47,2.0,0
22.0,70.53,36.93,4.0,0.0,65.21,54.3,4.0,1
55.0,83.34,49.48,4.0,0.0,94.18,46.91,4.0,1
19.0,73.17,13.09,1.0,2.0,0.0,34.85,4.0,0
29.0,126.01,32.51,0.0,0.0,44.37,52.57,5.0,0
15.0,35.68,39.48,2.0,1.0,21.58,37.78,3.0,0
53.0,95.96,19.41,6.0,0.0,41.0,21.92,5.0,1
38.0,57.59,41.74,0.0,2.0,22.75,55.64,2.0,0
1.0,51.51,31.1,2.0,2.0,40.55,25.82,4.0,0
15.0,160.0,18.36,2.0,1.0,46.1,41.72,7.0,0
12.0,22.7,13.38,1.0,1.0,67.59,32.88,2.0,0
5.0,75.9,40.31,2.0,2.0,0.0,36.9,5.0,0
72.0,73.96,67.21,0.0,0.0,26.6,38.58,3.0,0
27.0,32.13,58.94,6.0,1.0,40.35,23.23,4.0,1
57.0,83.36,67.01,0.0,2.0,17.06,36.34,4.0,0
17.0,85.65,29.56,2.0,1.0,35.98,58.52,4.0,1
72.0,62.41,96.02,0.0,1.0,14.33,50.91,2.0,0
54.0,33.67,68.22,7.0,3.0,40.84,49.74,3.0,1
65.0,81.72,40.2,2.0,1.0,77.81,23.34,4.0,1
45.0,92.76,51.76,0.0,1.0,40.27,76.17,2.0,0
10.0,52.82,32.74,0.0,2.0,50.7,36.98,3.0,0
21.0,15.0,100.0,2.0,1.0,55.49,38.08,1.0,1
69.0,121.86,45.14,1.0,2.0,20.95,52.74,4.0,0
57.0,26.58,88.08,0.0,1.0,43.68,40.92,1.0,0
65.0,90.56,41.9,4.0,1.0,6.52,31.84,4.0,1
6.0,28.86,23.71,3.0,0.0,12.21,23.22,3.0,0
29.0,69.26,37.33,0.0,1.0,9.12,58.3,3.0,0
1.0,30.72,68.57,2.0,1.0,53.53,12.22,5.0,0
63.0,77.13,69.77,1.0,1.0,27.87,34.12,4.0,0
70.0,78.59,43.48,4.0,2.0,86.76,15.88,4.0,1
47.0,142.59,34.1,1.0,2.0,29.74,51.57,5.0,0
62.0,87.03,60.8,2.0,2.0,33.32,31.78,4.0,0
66.0,97.63,18.57,0.0,2.0,18.17,83.26,1.0,0
50.0,50.35,64.2,0.0,1.0,78.04,25.7,3.0,1
3.0,42.07,33.62,0.0,1.0,59.41,34.35,3.0,0
65.0,30.31,64.13,4.0,3.0,46.55,53.76,2.0,1
1.0,40.76,41.19,0.0,1.0,60.95,21.53,4.0,0
48.0,78.25,20.39,3.0,2.0,30.5,25.06,4.0,1
39.0,79.75,61.43,1.0,3.0,45.54,19.38,5.0,0
13.0,42.79,40.95,0.0,0.0,52.77,42.47,3.0,0
41.0,147.14,33.72,0.0,1.0,18.9,48.26,6.0,0
72.0,89.04,23.06,6.0,0.0,75.01,28.19,4.0,1
1.0,53.11,38.44,4.0,1.0,0.34,22.54,5.0,0
48.0,114.77,56.17,0.0,0.0,26.29,71.55,4.0,0
48.0,78.83,60.08,1.0,1.0,36.13,9.07,5.0,0
26.0,91.94,44.15,0.0,2.0,10.35,63.62,3.0,0
31.0,47.44,13.78,0.0,1.0,7.2,37.32,2.0,0
42.0,66.84,61.73,4.0,0.0,0.0,76.29,3.0,1
63.0,94.89,74.97,0.0,0.0,17.55,63.48,3.0,0
38.0,54.3,23.88,1.0,1.0,0.0,59.59,2.0,0
25.0,37.38,23.94,2.0,0.0,13.64,43.87,2.0,0
40.0,98.11,48.65,0.0,1.0,39.57,33.18,4.0,0
42.0,102.07,58.09,0.0,0.0,40.53,88.86,2.0,0
72.0,107.8,23.41,0.0,1.0,23.14,97.82,1.0,0
56.0,95.01,31.35,1.0,1.0,64.15,43.74,4.0,1
67.0,15.0,100.0,0.0,0.0,0.0,72.68,1.0,1
10.0,45.26,40.16,0.0,0.0,43.84,27.1,3.0,0
40.0,47.55,44.45,0.0,3.0,55.69,64.87,1.0,0
60.0,71.82,41.49,4.0,2.0,86.76,35.55,4.0,1
39.0,131.54,11.64,9.0,4.0,45.97,70.04,6.0,1
1.0,67.69,30.63,2.0,1.0,24.49,17.46,6.0,0
35.0,81.4,49.48,0.0,3.0,46.22,65.15,2.0,0
17.0,88.39,17.9,0.0,1.0,15.27,58.91,3.0,0
45.0,34.14,16.39,0.0,1.0,51.37,55.05,1.0,0
30.0,47.98,14.62,0.0,0.0,53.17,51.52,2.0,0
26.0,25.7,26.46,4.0,1.0,0.0,34.88,3.0,0
72.0,89.39,49.2,0.0,3.0,15.3,33.85,2.0,1
22.0,15.0,32.99,1.0,2.0,43.89,33.47,2.0,0
49.0,97.44,61.55,3.0,1.0,27.1,23.01,5.0,0
45.0,50.1,41.89,0.0,2.0,76.67,34.86,2.0,1
56.0,22.64,87.85,0.0,1.0,45.61,27.5,2.0,0
43.0,109.29,35.33,2.0,1.0,43.6,38.1,5.0,1
65.0,103.92,17.1,8.0,2.0,67.39,51.79,5.0,1
55.0,42.8,56.05,2.0,2.0,36.79,63.79,2.0,1
1.0,18.51,65.91,3.0,0.0,34.37,14.67,4.0,0
14.0,38.14,38.25,0.0,0.0,72.11,50.78,2.0,0
56.0,84.05,37.42,5.0,1.0,14.82,56.32,4.0,1
1.0,64.48,39.7,3.0,0.0,10.15,33.99,5.0,0
72.0,107.99,55.95,1.0,1.0,8.43,40.6,4.0,0
11.0,44.58,50.13,1.0,2.0,18.45,41.26,3.0,0
56.0,77.15,67.62,2.0,1.0,0.0,100.0,2.0,1
11.0,76.17,52.2,0.0,0.0,59.79,10.04,5.0,0
32.0,65.98,51.64,0.0,3.0,47.2,30.96,3.0,0
15.0,19.26,48.04,1.0,3.0,46.27,32.93,2.0,0
20.0,15.0,20.26,1.0,0.0,52.27,35.19,2.0,0
39.0,87.26,66.26,0.0,2.0,37.29,46.07,4.0,0
32.0,104.65,0.0,5.0,1.0,17.18,58.42,4.0,1
26.0,46.36,25.32,1.0,0.0,5.01,41.49,3.0,0
72.0,51.22,86.57,0.0,2.0,19.07,59.88,1.0,0
56.0,82.85,43.96,5.0,2.0,85.87,28.82,4.0,1
29.0,38.36,46.93,0.0,2.0,32.15,45.86,2.0,0
13.0,49.35,46.18,0.0,0.0,50.16,46.82,3.0,0
42.0,99.15,39.28,1.0,1.0,57.45,21.24,5.0,0
60.0,135.23,28.87,0.0,0.0,34.05,52.8,5.0,0
8.0,64.45,37.46,0.0,1.0,0.0,21.83,4.0,0
1.0,66.35,51.42,0.0,1.0,25.56,29.29,5.0,0
4.0,75.55,31.14,2.0,2.0,0.0,34.53,5.0,0
26.0,57.0,9.28,0.0,3.0,31.33,58.58,2.0,0
56.0,82.34,36.26,3.0,0.0,95.3,47.76,3.0,1
53.0,66.1,28.91,2.0,2.0,47.67,26.95,3.0,1
29.0,75.34,32.23,0.0,2.0,26.89,65.58,2.0,0
72.0,73.04,81.37,1.0,3.0,14.71,34.77,3.0,0
16.0,94.19,19.39,0.0,2.0,40.01,73.72,3.0,1
17.0,132.96,30.37,2.0,0.0,56.89,38.57,6.0,0
50.0,64.14,69.92,0.0,1.0,36.9,29.55,3.0,0
50.0,91.52,29.92,2.0,3.0,100.0,68.69,3.0,1
7.0,15.0,42.36,0.0,1.0,86.23,27.81,2.0,0
72.0,129.38,49.76,2.0,1.0,17.33,78.05,3.0,0
27.0,38.54,52.57,2.0,2.0,27.6,44.12,3.0,1
61.0,94.68,61.37,1.0,1.0,29.34,44.8,4.0,0
27.0,120.61,44.12,0.0,2.0,36.79,61.89,4.0,0
61.0,120.3,35.69,1.0,2.0,23.9,29.72,5.0,0
33.0,110.19,39.56,0.0,2.0,49.76,52.71,4.0,0
72.0,79.3,86.99,0.0,1.0,0.0,58.22,2.0,0
72.0,62.33,100.0,0.0,1.0,1.91,82.12,1.0,0
42.0,135.47,35.65,0.0,3.0,24.0,63.64,4.0,0
39.0,94.4,26.86,1.0,1.0,42.8,45.87,4.0,1
51.0,52.36,31.09,0.0,0.0,46.59,66.19,1.0,0
20.0,160.0,0.0,0.0,1.0,38.91,31.07,8.0,0
72.0,92.43,32.78,1.0,3.0,100.0,54.94,3.0,1
13.0,80.52,59.29,0.0,1.0,2.68,46.84,4.0,0
58.0,133.48,43.12,2.0,2.0,22.99,56.2,5.0,0
12.0,39.61,37.79,0.0,0.0,36.81,39.34,3.0,0
72.0,112.0,83.42,5.0,3.0,0.0,71.57,4.0,0
9.0,69.2,32.19,0.0,1.0,34.83,43.38,4.0,0
15.0,38.46,3.27,0.0,1.0,34.28,28.89,3.0,0
50.0,43.04,47.75,6.0,0.0,58.7,20.9,4.0,1
43.0,137.33,38.23,2.0,0.0,32.73,32.64,6.0,0
72.0,108.08,62.78,2.0,2.0,7.24,40.23,4.0,0
63.0,109.0,53.18,2.0,1.0,26.06,44.32,4.0,0
45.0,46.57,38.41,0.0,2.0,24.45,60.48,1.0,0
27.0,64.16,40.53,0.0,2.0,57.9,56.91,2.0,0
19.0,44.51,21.38,0.0,1.0,32.34,37.4,3.0,0
57.0,132.8,44.56,2.0,1.0,29.2,51.24,5.0,0
72.0,67.66,85.9,0.0,2.0,12.09,49.54,2.0,0
15.0,15.0,23.69,0.0,0.0,100.0,45.04,1.0,0
37.0,79.1,34.54,1.0,0.0,0.0,70.83,3.0,0
71.0,73.18,21.46,3.0,2.0,76.19,35.92,3.0,1
47.0,88.68,51.11,0.0,1.0,36.32,59.47,3.0,0
2.0,36.31,8.65,5.0,1.0,23.48,27.39,4.0,0
25.0,24.86,30.23,1.0,0.0,25.86,44.11,2.0,0
56.0,20.48,61.07,3.0,0.0,67.44,15.89,2.0,1
45.0,109.07,53.5,2.0,0.0,35.85,38.62,5.0,0
64.0,85.7,67.39,1.0,2.0,36.72,59.6,3.0,0
20.0,44.35,24.83,2.0,2.0,0.0,34.51,3.0,0
58.0,58.47,44.87,0.0,1.0,45.03,92.7,1.0,0
15.0,44.28,64.63,5.0,0.0,1.38,41.95,4.0,1
52.0,89.95,18.46,6.0,2.0,60.19,53.23,4.0,1
57.0,60.72,33.31,9.0,0.0,68.75,0.0,5.0,1
3.0,33.93,40.37,2.0,0.0,33.74,29.12,4.0,0
44.0,131.24,40.16,0.0,0.0,23.93,48.72,5.0,0
20.0,39.97,13.6,1.0,1.0,20.43,37.87,3.0,0
58.0,106.64,44.28,4.0,2.0,100.0,56.99,4.0,1
1.0,30.24,52.78,1.0,3.0,48.05,28.78,4.0,0
7.0,47.54,19.83,2.0,1.0,1.65,25.91,4.0,0
36.0,52.43,20.02,0.0,2.0,62.12,69.57,1.0,0
21.0,17.41,25.84,0.0,2.0,56.87,30.66,2.0,0
72.0,52.3,66.33,3.0,1.0,29.19,68.81,1.0,1
51.0,38.01,66.12,5.0,2.0,27.89,43.0,3.0,1
34.0,107.22,19.56,4.0,2.0,68.49,64.2,4.0,1
21.0,16.02,22.29,1.0,1.0,38.01,38.18,2.0,0
1.0,110.25,41.29,0.0,0.0,50.19,28.52,6.0,0
14.0,101.55,40.38,0.0,1.0,0.0,48.43,5.0,0
8.0,47.28,41.72,0.0,2.0,42.36,30.47,3.0,0
1.0,64.02,22.33,2.0,1.0,18.86,35.32,4.0,1
55.0,122.37,38.6,3.0,1.0,95.11,63.73,4.0,1
12.0,62.09,18.48,1.0,3.0,32.94,42.32,3.0,0
32.0,32.2,54.79,2.0,3.0,43.66,33.71,3.0,1
39.0,15.0,0.0,3.0,0.0,15.22,44.44,1.0,0
38.0,90.79,50.42,0.0,2.0,33.59,25.83,4.0,0
43.0,65.07,41.62,0.0,1.0,13.11,62.2,2.0,0
1.0,30.55,16.63,5.0,1.0,21.13,12.51,4.0,0
4.0,53.71,37.64,3.0,3.0,6.94,32.06,4.0,0
46.0,95.33,50.03,0.0,2.0,39.92,50.67,3.0,0
53.0,121.86,48.24,3.0,2.0,27.2,32.63,6.0,0
41.0,98.05,23.18,0.0,0.0,18.46,73.33,2.0,0
72.0,88.53,66.59,5.0,2.0,17.48,6.6,5.0,0
7.0,82.73,36.59,0.0,0.0,24.64,43.08,4.0,0
54.0,65.56,5.82,7.0,1.0,19.99,38.86,3.0,1
19.0,51.28,24.15,1.0,3.0,26.73,48.85,3.0,0
17.0,160.0,3.87,0.0,0.0,38.58,68.11,6.0,0
43.0,66.69,39.24,4.0,1.0,25.86,59.64,3.0,1
30.0,50.99,29.27,0.0,0.0,41.36,51.88,2.0,0
6.0,24.51,18.67,3.0,1.0,13.45,18.49,3.0,0
36.0,67.93,41.43,0.0,1.0,31.73,63.76,2.0,0
41.0,90.21,9.36,0.0,1.0,21.58,68.01,2.0,0
60.0,40.93,88.67,0.0,2.0,34.48,36.74,2.0,0
53.0,23.16,45.29,7.0,1.0,92.17,36.23,2.0,1
24.0,91.14,49.52,0.0,1.0,66.44,31.74,5.0,0
72.0,135.11,56.38,0.0,1.0,14.37,84.43,4.0,0
25.0,33.17,20.03,0.0,0.0,65.2,44.47,1.0,0
24.0,60.88,41.81,1.0,2.0,0.0,45.99,3.0,0
72.0,65.43,65.74,4.0,0.0,33.67,3.42,4.0,0
29.0,33.89,23.51,1.0,2.0,16.72,44.09,2.0,0
11.0,38.76,49.92,0.0,0.0,38.24,33.68,3.0,0
71.0,56.64,100.0,2.0,2.0,19.96,48.76,3.0,0
49.0,80.55,16.19,4.0,0.0,24.03,30.8,4.0,1
20.0,44.45,24.56,0.0,0.0,45.13,48.4,2.0,0
16.0,142.84,31.07,0.0,2.0,30.68,38.2,6.0,0
58.0,99.68,19.93,2.0,1.0,65.95,45.53,4.0,1
23.0,15.0,0.28,3.0,1.0,45.85,44.35,1.0,0
72.0,15.05,72.67,5.0,1.0,82.71,0.0,3.0,1
72.0,98.08,54.81,4.0,3.0,30.88,32.65,4.0,0
66.0,39.87,58.98,2.0,0.0,43.54,76.19,1.0,1
55.0,91.9,58.27,3.0,0.0,40.49,27.14,5.0,0
64.0,57.15,58.43,3.0,2.0,96.07,9.33,4.0,1
1.0,28.06,6.24,2.0,1.0,51.83,20.16,3.0,0
48.0,93.37,35.95,4.0,0.0,69.36,38.44,4.0,1
44.0,69.05,70.01,2.0,1.0,52.54,18.96,4.0,0
10.0,51.06,51.65,0.0,1.0,7.27,20.96,4.0,0
44.0,15.0,79.06,3.0,1.0,55.45,44.21,1.0,1
57.0,76.25,51.21,7.0,0.0,10.93,44.32,4.0,1
72.0,74.38,74.06,4.0,1.0,17.64,18.78,4.0,0
1.0,20.3,0.0,1.0,0.0,72.66,20.21,3.0,0
43.0,66.28,70.52,0.0,0.0,42.58,36.33,3.0,0
13.0,15.0,30.02,4.0,1.0,25.54,19.2,3.0,0
9.0,140.6,21.29,0.0,1.0,55.83,37.43,6.0,0
61.0,100.31,66.41,4.0,2.0,19.89,24.89,5.0,0
36.0,80.02,64.68,0.0,1.0,0.0,57.74,3.0,0
8.0,73.87,55.33,0.0,2.0,13.79,48.1,4.0,0
68.0,79.85,68.89,0.0,2.0,19.79,36.16,3.0,0
40.0,84.36,52.85,2.0,1.0,84.33,38.51,4.0,1
14.0,59.49,40.53,2.0,1.0,17.9,55.8,3.0,0
72.0,81.43,69.86,1.0,1.0,22.67,39.7,3.0,0
29.0,33.28,36.66,0.0,1.0,18.04,48.71,2.0,0
55.0,31.72,47.75,8.0,1.0,69.12,19.79,3.0,1
69.0,107.14,24.41,4.0,1.0,84.63,47.25,4.0,1
69.0,98.57,46.33,2.0,1.0,100.0,28.13,4.0,1
4.0,60.48,41.41,0.0,0.0,30.8,29.24,4.0,0
65.0,116.82,54.48,1.0,4.0,21.89,54.39,4.0,1
38.0,67.68,31.85,6.0,2.0,67.62,55.14,4.0,1
72.0,53.48,80.78,0.0,2.0,17.76,38.76,2.0,0
69.0,57.57,76.48,0.0,0.0,38.16,41.36,2.0,0
72.0,54.71,94.16,1.0,0.0,7.55,29.16,3.0,0
38.0,87.66,52.12,0.0,0.0,41.61,47.59,3.0,0
53.0,44.03,24.21,0.0,0.0,21.61,67.58,1.0,0
53.0,120.67,45.33,4.0,0.0,38.82,31.0,6.0,0
39.0,57.96,7.38,0.0,0.0,40.05,53.19,1.0,0
72.0,80.07,70.15,4.0,2.0,24.61,20.34,4.0,0
17.0,52.23,24.11,1.0,2.0,11.88,40.52,3.0,0
68.0,105.83,16.27,3.0,2.0,68.47,52.48,4.0,1
32.0,108.6,61.61,1.0,1.0,32.03,50.11,5.0,0
28.0,122.7,38.01,1.0,2.0,47.34,29.42,6.0,0
26.0,149.94,16.35,0.0,1.0,45.1,38.86,6.0,0
18.0,54.65,40.56,1.0,2.0,0.0,35.27,3.0,0
16.0,48.9,28.63,1.0,0.0,21.5,42.35,3.0,0
72.0,43.07,100.0,1.0,1.0,15.68,42.18,2.0,0
39.0,26.34,8.53,0.0,2.0,47.35,56.47,1.0,1
64.0,90.03,75.73,0.0,2.0,20.03,78.27,2.0,0
32.0,119.8,31.75,1.0,1.0,43.82,17.99,6.0,0
72.0,41.95,55.98,3.0,1.0,51.68,43.22,2.0,1
28.0,63.3,46.51,7.0,1.0,59.4,43.53,4.0,1
54.0,68.8,26.78,3.0,0.0,64.55,28.96,3.0,1
13.0,26.95,42.89,3.0,0.0,3.33,25.43,3.0,0
53.0,84.43,46.14,7.0,0.0,84.1,40.83,5.0,1
72.0,53.33,58.82,7.0,3.0,53.66,22.61,3.0,1
42.0,39.32,71.69,2.0,0.0,10.94,72.96,2.0,1
26.0,42.95,44.55,0.0,0.0,35.24,46.68,2.0,0
67.0,92.37,38.15,0.0,0.0,72.01,32.74,3.0,1
19.0,31.1,58.98,1.0,1.0,10.09,34.02,3.0,0
59.0,77.18,73.99,0.0,2.0,28.48,54.2,3.0,0
57.0,60.23,60.84,4.0,1.0,16.2,56.92,3.0,1
51.0,106.75,51.12,0.0,1.0,30.34,52.76,4.0,0
71.0,72.84,31.2,1.0,0.0,63.59,26.68,3.0,1
37.0,116.97,43.02,2.0,3.0,31.99,15.28,6.0,0
25.0,106.44,40.87,0.0,2.0,54.61,62.37,3.0,0
42.0,90.27,63.21,0.0,0.0,40.2,51.46,4.0,0
52.0,115.08,45.72,0.0,0.0,30.97,64.38,4.0,0
17.0,59.67,30.1,0.0,0.0,17.95,42.22,3.0,0
1.0,48.57,42.72,4.0,1.0,33.4,14.22,6.0,0
50.0,130.4,44.05,1.0,1.0,26.3,51.18,5.0,0
2.0,65.07,44.25,2.0,0.0,0.0,32.76,5.0,0
61.0,54.69,49.84,1.0,1.0,46.32,33.2,3.0,1
8.0,55.38,30.77,0.0,0.0,36.99,42.07,3.0,0
56.0,40.08,84.73,5.0,1.0,3.84,52.44,3.0,1
50.0,71.28,63.18,0.0,2.0,100.0,46.37,3.0,1
32.0,96.02,52.1,0.0,0.0,45.1,30.62,5.0,0
38.0,43.49,14.59,0.0,1.0,14.98,44.72,2.0,0
21.0,24.65,45.51,6.0,2.0,71.0,22.72,4.0,1
51.0,112.58,51.18,1.0,0.0,43.82,54.09,4.0,0
1.0,42.04,0.0,2.0,2.0,32.5,19.48,4.0,0
1.0,39.78,18.32,1.0,1.0,72.54,24.81,4.0,0
34.0,90.48,51.89,0.0,2.0,45.13,33.92,4.0,0
22.0,108.05,38.67,0.0,0.0,44.84,62.8,3.0,0
55.0,22.7,77.33,2.0,1.0,38.72,37.42,2.0,1
25.0,74.64,29.41,0.0,1.0,40.9,64.34,2.0,0
69.0,22.09,66.96,1.0,0.0,63.28,0.0,3.0,1
46.0,63.8,42.56,1.0,1.0,64.52,35.99,3.0,1
54.0,62.76,41.48,6.0,0.0,35.47,55.17,3.0,1
40.0,15.0,0.0,0.0,0.0,56.04,50.67,1.0,0
4.0,76.38,63.12,0.0,1.0,11.18,38.2,5.0,0
48.0,105.01,33.12,4.0,1.0,96.07,75.95,4.0,1
54.0,98.97,44.4,6.0,1.0,0.0,46.3,5.0,1
72.0,59.11,73.81,0.0,1.0,28.79,61.24,1.0,0
42.0,32.26,82.65,0.0,1.0,46.95,14.92,3.0,0
57.0,107.53,34.77,0.0,1.0,0.0,92.53,2.0,1
65.0,89.76,40.37,6.0,2.0,13.59,68.9,3.0,1
62.0,38.91,67.69,5.0,1.0,41.03,14.76,3.0,1
36.0,104.0,36.29,1.0,1.0,52.69,16.89,5.0,0
34.0,146.08,27.4,0.0,3.0,31.72,61.11,5.0,0
55.0,115.02,54.75,0.0,2.0,26.54,64.52,4.0,0
63.0,15.0,90.45,2.0,1.0,54.43,33.37,1.0,1
1.0,84.87,29.93,2.0,3.0,30.77,41.8,5.0,0
46.0,102.03,14.22,8.0,1.0,60.86,67.85,4.0,1
5.0,15.0,39.52,4.0,1.0,14.33,16.03,3.0,0
59.0,71.15,28.96,3.0,3.0,56.7,36.12,3.0,1
7.0,25.55,19.24,2.0,1.0,36.36,20.66,3.0,0
41.0,96.61,45.04,0.0,1.0,73.72,58.8,3.0,1
33.0,54.18,65.33,0.0,0.0,53.64,43.64,2.0,0
1.0,54.16,44.07,2.0,2.0,33.05,23.75,5.0,0
68.0,108.21,42.09,5.0,2.0,100.0,39.11,5.0,1
72.0,93.35,77.64,6.0,1.0,18.76,24.36,5.0,0
72.0,100.35,70.94,5.0,0.0,2.95,23.39,5.0,0
54.0,119.51,44.35,2.0,0.0,36.67,45.19,5.0,0
39.0,89.94,37.22,0.0,0.0,55.66,25.12,4.0,0
72.0,82.17,77.14,1.0,0.0,19.23,45.44,3.0,0
26.0,47.05,0.0,0.0,0.0,45.44,52.59,2.0,0
50.0,119.54,12.84,5.0,0.0,45.39,67.28,4.0,1
72.0,110.66,32.7,6.0,1.0,87.35,33.69,5.0,1
53.0,97.59,51.32,0.0,2.0,40.09,47.45,4.0,0
35.0,77.84,55.07,0.0,0.0,49.08,30.41,4.0,0
72.0,66.93,72.79,0.0,1.0,25.67,53.16,2.0,0
34.0,70.67,69.98,0.0,2.0,43.4,54.63,3.0,0
66.0,91.1,65.97,0.0,0.0,19.95,43.32,4.0,0
21.0,15.0,7.2,3.0,1.0,100.0,30.87,1.0,0
40.0,34.25,29.1,0.0,1.0,23.62,62.6,1.0,0
53.0,115.05,34.12,2.0,0.0,93.2,57.48,4.0,1
1.0,49.61,45.43,1.0,1.0,30.75,22.13,4.0,0
39.0,56.97,10.57,0.0,1.0,44.05,65.58,1.0,0
15.0,15.0,21.53,5.0,0.0,1.8,12.27,2.0,0
50.0,35.84,38.26,0.0,2.0,51.55,66.04,1.0,0
63.0,102.62,52.9,0.0,0.0,17.46,40.19,4.0,0
72.0,71.5,84.75,0.0,1.0,6.21,49.6,2.0,0
67.0,50.29,76.27,1.0,2.0,40.66,11.8,3.0,0
30.0,86.01,9.73,0.0,1.0,27.6,64.52,2.0,0
1.0,30.83,14.19,1.0,1.0,59.08,12.18,4.0,0
72.0,107.54,35.34,10.0,0.0,80.44,37.19,6.0,1
11.0,55.79,53.2,0.0,1.0,33.57,42.57,3.0,0
26.0,133.95,11.99,7.0,1.0,55.78,85.63,5.0,1
47.0,102.15,19.49,4.0,0.0,76.46,60.1,4.0,1
14.0,15.0,19.79,0.0,1.0,74.19,25.33,2.0,0
72.0,82.49,57.29,0.0,1.0,19.2,36.35,3.0,0
1.0,31.66,40.05,1.0,1.0,70.76,28.32,3.0,0
26.0,114.99,50.27,2.0,0.0,45.63,29.59,6.0,0
46.0,92.24,64.91,0.0,0.0,34.0,38.49,4.0,0
56.0,54.54,49.16,7.0,0.0,35.49,56.21,3.0,1
47.0,59.8,75.88,1.0,3.0,40.92,23.42,4.0,0
36.0,104.63,45.78,0.0,0.0,27.43,73.0,3.0,0
13.0,34.61,5.77,0.0,1.0,65.14,29.54,2.0,0
72.0,67.9,71.45,0.0,0.0,0.0,79.3,1.0,1
72.0,62.08,74.4,1.0,1.0,17.64,30.63,2.0,0
49.0,116.17,9.58,0.0,1.0,33.87,87.66,2.0,0
1.0,60.11,48.19,1.0,1.0,31.81,31.31,4.0,0
23.0,15.0,39.75,3.0,3.0,0.12,27.01,2.0,0
72.0,79.25,89.61,4.0,0.0,1.21,50.62,3.0,1
23.0,67.06,43.56,1.0,0.0,0.0,36.57,4.0,0
1.0,15.0,21.11,3.0,2.0,67.41,6.02,4.0,0
25.0,62.59,22.2,0.0,1.0,41.31,52.42,2.0,0
38.0,37.78,26.45,2.0,1.0,25.15,17.59,3.0,1
1.0,35.32,28.12,3.0,0.0,23.35,16.6,4.0,0
40.0,15.0,82.04,0.0,1.0,48.34,34.08,1.0,1
2.0,35.55,23.96,3.0,1.0,46.83,32.59,3.0,0
52.0,70.47,64.44,0.0,1.0,38.93,40.88,3.0,0
22.0,139.04,37.99,0.0,0.0,34.76,53.43,6.0,0
56.0,15.0,83.53,2.0,1.0,44.91,26.13,2.0,1
63.0,134.08,29.08,1.0,1.0,34.65,51.85,5.0,0
54.0,92.12,54.87,1.0,0.0,32.78,22.43,4.0,0
33.0,117.3,46.9,3.0,3.0,35.15,13.92,7.0,0
66.0,103.88,25.28,8.0,1.0,63.94,33.63,5.0,1
23.0,48.12,25.06,0.0,1.0,27.27,41.09,3.0,0
63.0,78.35,64.21,3.0,0.0,21.98,2.48,5.0,0
12.0,47.27,44.14,0.0,0.0,53.2,45.99,3.0,0
1.0,16.27,19.33,3.0,1.0,32.29,21.24,3.0,0
48.0,88.82,20.9,4.0,1.0,45.84,47.26,4.0,1
72.0,91.41,45.4,3.0,3.0,4.26,47.73,3.0,1
54.0,141.27,35.54,2.0,4.0,29.06,51.07,5.0,0
51.0,69.89,32.84,0.0,1.0,13.67,69.97,1.0,0
26.0,109.43,51.42,0.0,1.0,51.63,54.32,4.0,0
9.0,39.02,20.51,2.0,2.0,41.45,44.61,3.0,0
51.0,72.9,86.67,0.0,2.0,24.51,47.57,3.0,0
28.0,43.01,20.15,0.0,0.0,46.11,48.33,2.0,0
32.0,58.77,65.3,0.0,0.0,45.98,7.91,4.0,0
46.0,59.96,42.65,2.0,3.0,18.65,70.7,2.0,1
55.0,72.69,51.5,0.0,2.0,42.35,24.6,3.0,0
35.0,56.91,72.37,0.0,0.0,40.09,32.73,3.0,0
72.0,32.09,90.39,0.0,0.0,27.08,18.15,2.0,0
35.0,97.15,57.55,0.0,1.0,38.98,62.92,3.0,0
10.0,44.9,48.01,1.0,1.0,9.75,35.73,4.0,0
34.0,117.01,36.21,0.0,1.0,47.91,61.15,4.0,0
23.0,30.04,20.58,1.0,1.0,32.66,38.95,2.0,0
8.0,40.43,56.06,0.0,0.0,35.55,33.41,3.0,0
36.0,61.64,34.74,0.0,1.0,14.86,55.06,2.0,0
72.0,61.36,87.57,1.0,2.0,6.47,51.48,1.0,0
55.0,70.2,37.42,0.0,1.0,9.67,69.71,1.0,0
51.0,76.79,71.19,0.0,1.0,29.42,45.25,3.0,0
17.0,37.8,9.75,0.0,3.0,65.53,42.49,2.0,0
48.0,64.75,23.4,0.0,1.0,0.0,57.23,2.0,0
25.0,18.28,82.4,5.0,0.0,19.95,28.29,3.0,1
45.0,50.0,10.97,0.0,0.0,13.6,56.29,1.0,0
8.0,39.06,27.76,0.0,1.0,54.92,34.69,3.0,0
1.0,40.81,14.23,2.0,1.0,42.44,15.41,4.0,0
53.0,110.27,30.49,9.0,0.0,81.2,45.8,6.0,1
26.0,44.69,5.09,2.0,2.0,3.6,38.68,3.0,0
29.0,113.56,49.67,0.0,1.0,43.9,71.26,4.0,0
20.0,64.64,23.51,0.0,2.0,56.06,56.28,2.0,0
5.0,102.43,57.35,0.0,0.0,47.01,40.99,5.0,0
14.0,60.84,26.91,1.0,1.0,10.65,41.72,4.0,0
58.0,67.22,31.28,8.0,0.0,49.48,18.2,5.0,1
16.0,56.15,17.36,0.0,2.0,28.49,36.85,3.0,1
72.0,50.91,73.96,0.0,2.0,30.83,33.07,2.0,0
14.0,30.14,45.35,3.0,2.0,9.89,41.36,3.0,0
43.0,20.96,37.27,7.0,0.0,30.46,19.33,3.0,1
50.0,128.27,46.22,6.0,1.0,33.06,12.88,7.0,0
24.0,48.95,53.33,3.0,1.0,16.1,40.32,4.0,1
72.0,58.88,100.0,2.0,2.0,8.67,57.99,2.0,0
20.0,59.95,8.71,0.0,1.0,40.78,59.03,2.0,0
15.0,15.0,26.5,1.0,0.0,55.35,24.97,2.0,0
47.0,73.72,35.35,0.0,1.0,69.85,42.91,3.0,0
72.0,15.0,100.0,0.0,1.0,22.13,18.83,2.0,0
8.0,15.0,16.52,5.0,0.0,35.1,25.27,2.0,0
30.0,74.92,0.0,0.0,0.0,51.29,65.2,2.0,0
36.0,99.12,53.52,0.0,2.0,31.83,39.96,4.0,0
13.0,32.78,0.0,2.0,0.0,46.68,38.78,2.0,0
12.0,40.9,4.78,3.0,1.0,23.27,39.61,3.0,0
3.0,73.06,43.47,1.0,2.0,31.9,47.65,4.0,0
35.0,113.11,41.62,0.0,0.0,35.33,52.66,4.0,0
33.0,27.89,32.15,0.0,2.0,12.15,40.8,2.0,0
65.0,15.0,100.0,0.0,1.0,24.22,55.12,1.0,1
41.0,120.7,35.06,0.0,0.0,38.66,39.1,5.0,0
33.0,147.27,20.39,0.0,1.0,47.97,68.68,5.0,0
19.0,124.22,26.05,0.0,0.0,75.57,63.39,4.0,0
29.0,53.72,18.15,0.0,2.0,32.27,55.43,2.0,0
33.0,109.4,54.02,0.0,0.0,34.39,73.83,3.0,0
54.0,104.74,42.67,7.0,0.0,85.91,41.76,5.0,1
58.0,46.97,65.6,0.0,1.0,38.46,37.45,1.0,0
38.0,98.36,33.61,0.0,2.0,61.55,55.02,4.0,1
20.0,43.59,46.12,0.0,0.0,29.59,36.33,3.0,0
19.0,90.36,43.38,0.0,1.0,34.18,68.61,3.0,0
6.0,35.15,9.69,5.0,1.0,28.72,38.51,3.0,0
56.0,141.47,38.72,0.0,1.0,27.48,73.15,4.0,0
52.0,158.69,35.7,5.0,1.0,31.51,43.44,7.0,0
4.0,56.68,39.74,0.0,1.0,63.86,41.61,3.0,0
10.0,15.0,74.37,4.0,2.0,42.32,0.0,4.0,1
4.0,19.15,11.34,5.0,1.0,11.22,18.06,3.0,0
34.0,38.85,41.08,5.0,2.0,37.79,27.92,3.0,1
37.0,112.47,43.05,0.0,1.0,35.94,38.51,5.0,0
36.0,40.66,62.76,4.0,0.0,24.42,32.46,3.0,1
45.0,120.0,43.37,0.0,0.0,83.23,46.83,4.0,1
47.0,15.0,33.81,2.0,2.0,10.26,39.7,1.0,0
44.0,113.64,68.46,1.0,0.0,100.0,55.73,5.0,1
54.0,118.92,49.68,3.0,1.0,29.28,36.43,5.0,0
10.0,54.57,39.67,0.0,1.0,31.33,31.8,4.0,0
72.0,63.3,78.09,2.0,0.0,25.99,19.83,4.0,0
12.0,15.0,38.87,4.0,1.0,12.62,21.38,3.0,0
52.0,107.94,43.17,1.0,1.0,39.65,35.89,5.0,0
32.0,22.64,69.44,1.0,1.0,22.75,70.91,1.0,1
32.0,30.68,32.16,0.0,1.0,48.1,45.1,1.0,0
72.0,114.77,17.39,1.0,1.0,69.95,37.35,4.0,1
57.0,66.29,84.67,0.0,1.0,40.85,62.13,2.0,0
1.0,25.59,46.17,1.0,2.0,71.17,37.63,3.0,0
16.0,120.53,36.99,0.0,0.0,54.97,31.55,6.0,0
1.0,17.05,57.21,3.0,1.0,34.19,7.53,4.0,0
30.0,37.61,4.88,0.0,1.0,46.96,49.77,1.0,0
13.0,97.36,33.39,1.0,1.0,0.0,52.41,5.0,0
72.0,147.17,0.0,3.0,1.0,80.03,65.0,4.0,1
1.0,15.0,54.77,5.0,1.0,18.84,10.11,4.0,0
4.0,15.0,51.49,4.0,1.0,29.35,20.0,3.0,0
72.0,87.39,60.8,1.0,1.0,22.09,35.39,4.0,0
1.0,15.0,38.78,2.0,1.0,73.89,4.88,4.0,0
1.0,63.26,38.66,2.0,0.0,25.65,41.16,4.0,0
5.0,15.0,29.23,4.0,1.0,37.26,30.78,3.0,0
37.0,89.35,51.93,0.0,2.0,47.23,53.05,3.0,0
1.0,15.0,54.53,4.0,1.0,34.05,13.26,3.0,0
13.0,49.2,16.54,0.0,0.0,48.4,38.7,3.0,0
32.0,15.48,15.59,1.0,0.0,30.67,39.96,1.0,0
4.0,32.21,54.03,2.0,2.0,29.25,29.34,4.0,0
31.0,52.8,45.79,0.0,2.0,43.87,26.92,3.0,1
23.0,82.81,22.87,1.0,2.0,0.0,49.24,4.0,0
72.0,32.22,73.3,5.0,1.0,100.0,0.0,3.0,1
50.0,69.89,40.92,3.0,3.0,69.79,42.95,3.0,1
21.0,155.18,13.12,0.0,1.0,45.61,58.58,6.0,0
20.0,15.0,32.74,2.0,0.0,52.86,35.67,2.0,0
17.0,146.93,21.77,0.0,1.0,55.13,55.41,6.0,0
40.0,50.45,8.12,0.0,1.0,87.34,65.45,1.0,0
17.0,15.0,39.22,3.0,0.0,41.23,34.84,2.0,0
42.0,45.36,5.58,0.0,0.0,42.31,48.42,1.0,0
1.0,15.0,34.57,3.0,0.0,58.88,6.27,4.0,0
72.0,42.4,90.77,1.0,1.0,14.41,9.49,3.0,0
45.0,90.64,53.26,0.0,0.0,27.07,32.98,4.0,0
65.0,53.2,39.79,5.0,1.0,48.86,50.67,2.0,1
62.0,44.59,55.78,2.0,2.0,38.1,32.25,2.0,1
14.0,18.77,32.53,2.0,2.0,22.95,22.14,3.0,0
1.0,44.48,44.91,0.0,1.0,64.03,27.23,4.0,0
49.0,90.8,53.14,5.0,2.0,99.89,46.01,4.0,1
64.0,77.21,63.74,3.0,1.0,42.54,23.26,4.0,0
9.0,15.0,29.85,4.0,1.0,40.32,18.6,2.0,0
72.0,49.53,60.89,5.0,2.0,37.32,59.32,2.0,1
2.0,33.81,44.68,2.0,0.0,38.73,27.84,4.0,0
42.0,128.38,22.33,0.0,2.0,51.52,50.56,5.0,0
55.0,30.21,18.57,0.0,1.0,31.77,63.89,1.0,0
3.0,32.45,31.0,4.0,1.0,4.61,24.45,4.0,0
34.0,86.66,65.43,0.0,0.0,35.57,51.25,4.0,0
27.0,46.07,27.37,0.0,1.0,41.63,55.0,2.0,0
72.0,135.37,36.88,2.0,0.0,20.14,52.97,4.0,0
63.0,62.0,38.41,5.0,0.0,53.46,1.95,4.0,1
68.0,29.73,73.51,3.0,0.0,42.05,52.17,1.0,1
7.0,73.14,55.14,0.0,0.0,65.48,38.52,3.0,0
72.0,60.79,85.95,1.0,3.0,29.78,40.11,3.0,0
4.0,15.0,50.28,1.0,2.0,38.55,10.33,3.0,0
20.0,134.74,26.69,0.0,0.0,53.43,51.83,6.0,0
38.0,87.95,37.31,0.0,0.0,0.0,64.27,3.0,0
29.0,46.92,15.67,0.0,1.0,42.96,52.0,2.0,0
1.0,126.9,14.04,0.0,2.0,77.32,38.12,6.0,0
72.0,101.88,22.31,2.0,0.0,100.0,54.85,3.0,1
27.0,94.01,37.15,0.0,1.0,53.63,28.8,4.0,0
46.0,129.43,45.89,0.0,3.0,31.54,56.11,5.0,0
29.0,60.0,39.14,0.0,0.0,13.94,48.3,3.0,0
61.0,124.48,2.65,7.0,0.0,59.34,59.57,5.0,1
20.0,36.48,31.63,1.0,2.0,31.79,44.09,2.0,0
65.0,83.94,75.15,0.0,1.0,12.42,57.35,3.0,0
56.0,76.32,29.31,5.0,1.0,27.17,56.53,3.0,1
72.0,76.85,73.79,1.0,1.0,19.46,28.04,4.0,0
71.0,64.69,84.68,3.0,2.0,33.4,30.52,4.0,0
42.0,35.93,38.14,0.0,0.0,41.94,61.57,1.0,0
66.0,97.74,56.07,1.0,0.0,30.21,40.61,4.0,0
44.0,57.04,32.63,4.0,0.0,45.06,48.35,3.0,1
1.0,35.39,24.9,1.0,0.0,61.55,27.45,3.0,0
21.0,21.62,36.15,1.0,1.0,27.04,38.66,2.0,0
15.0,107.91,35.32,0.0,2.0,50.03,21.68,5.0,0
58.0,99.3,55.71,0.0,1.0,28.4,49.51,4.0,0
70.0,31.12,99.64,1.0,4.0,21.38,14.63,3.0,0
72.0,127.18,28.31,8.0,0.0,100.0,36.75,5.0,1
13.0,96.08,35.62,0.0,0.0,1.06,45.98,4.0,0
72.0,35.87,91.8,1.0,3.0,22.31,28.49,2.0,0
67.0,48.1,20.0,0.0,2.0,0.0,65.42,1.0,0
28.0,128.8,32.9,0.0,0.0,39.37,63.52,4.0,0
47.0,26.01,72.11,8.0,1.0,41.62,55.26,3.0,1
52.0,117.64,34.75,3.0,1.0,99.14,70.84,4.0,1
9.0,38.63,19.23,3.0,1.0,16.26,41.1,3.0,0
57.0,112.07,49.44,4.0,2.0,26.39,0.0,6.0,0
72.0,130.34,57.44,3.0,1.0,9.66,74.15,4.0,0
72.0,95.28,56.54,0.0,1.0,14.61,54.88,3.0,0
42.0,123.53,46.12,0.0,2.0,0.0,69.66,4.0,0
72.0,124.3,63.07,2.0,0.0,20.06,71.77,4.0,0
29.0,103.49,50.4,0.0,0.0,40.89,48.73,4.0,0
30.0,66.91,39.75,6.0,0.0,22.81,10.85,5.0,1
59.0,105.49,15.49,2.0,0.0,50.92,36.5,4.0,1
7.0,15.0,22.55,4.0,0.0,54.68,11.77,2.0,0
65.0,75.84,83.12,1.0,2.0,15.89,24.88,4.0,0
16.0,56.2,29.51,3.0,1.0,0.0,28.9,4.0,0
70.0,57.73,93.66,2.0,1.0,32.17,45.98,3.0,0
5.0,105.55,30.65,0.0,2.0,55.61,21.06,5.0,0
38.0,124.88,21.18,3.0,0.0,72.75,96.44,4.0,1
40.0,85.77,35.19,0.0,1.0,40.81,73.75,2.0,0
45.0,93.9,41.66,0.0,1.0,49.34,32.63,4.0,0
1.0,73.55,17.49,0.0,0.0,57.89,39.15,4.0,0
72.0,56.8,81.87,0.0,0.0,33.75,53.53,2.0,0
62.0,97.29,66.89,0.0,2.0,100.0,21.76,4.0,1
72.0,104.93,65.5,3.0,1.0,0.0,54.79,3.0,0
23.0,60.38,8.13,0.0,3.0,67.03,56.98,2.0,0
46.0,47.4,63.52,2.0,2.0,15.35,26.02,3.0,1
66.0,88.74,56.79,2.0,1.0,26.82,24.82,4.0,0
69.0,15.0,100.0,0.0,1.0,20.37,40.6,1.0,1
4.0,15.0,43.52,4.0,2.0,34.46,13.89,3.0,0
29.0,54.99,12.88,0.0,0.0,65.45,60.0,1.0,0
72.0,83.38,81.09,3.0,0.0,11.94,63.58,2.0,0
27.0,58.73,30.4,0.0,1.0,12.8,46.19,3.0,0
46.0,59.36,8.37,0.0,0.0,11.62,62.31,1.0,0
39.0,55.61,27.98,0.0,0.0,51.05,60.21,1.0,0
7.0,38.67,17.47,3.0,0.0,54.71,41.7,3.0,0
46.0,107.43,30.46,0.0,1.0,47.18,87.72,2.0,0
60.0,79.46,45.61,0.0,0.0,0.0,80.3,2.0,1
12.0,15.0,62.31,2.0,1.0,29.09,25.66,2.0,0
60.0,97.29,45.34,0.0,0.0,36.4,55.33,3.0,0
72.0,79.24,80.61,7.0,3.0,23.09,21.31,4.0,0
72.0,20.88,73.06,6.0,0.0,68.92,29.16,2.0,1
32.0,112.52,56.45,0.0,1.0,34.04,79.13,3.0,0
60.0,111.19,60.51,1.0,2.0,24.61,57.62,4.0,0
62.0,130.3,26.93,6.0,2.0,86.26,58.78,5.0,1
54.0,158.87,6.72,9.0,1.0,64.67,69.09,6.0,1
16.0,55.02,61.8,0.0,0.0,0.0,29.17,4.0,0
22.0,81.92,14.34,0.0,2.0,41.03,57.82,3.0,0
68.0,116.51,37.06,3.0,1.0,100.0,52.14,4.0,1
43.0,63.49,55.53,5.0,2.0,5.97,50.05,4.0,1
43.0,15.0,33.63,0.0,0.0,50.55,39.22,1.0,0
48.0,138.75,27.22,2.0,2.0,75.82,51.5,5.0,1
39.0,48.85,23.35,0.0,1.0,13.31,55.29,2.0,0
36.0,26.44,27.62,0.0,0.0,48.88,57.99,1.0,0
53.0,103.43,55.05,0.0,1.0,28.18,88.25,2.0,0
48.0,60.83,16.95,0.0,0.0,27.58,58.98,1.0,0
14.0,15.0,17.7,2.0,1.0,65.04,19.51,1.0,0
59.0,71.8,37.75,7.0,1.0,64.78,24.39,4.0,1
57.0,66.46,28.75,0.0,1.0,43.11,79.2,1.0,0
1.0,27.44,27.9,3.0,2.0,39.14,6.68,4.0,0
72.0,100.58,32.17,4.0,3.0,97.71,25.33,4.0,1
27.0,52.81,25.31,0.0,2.0,27.07,53.1,2.0,0
56.0,109.92,49.33,0.0,2.0,28.46,48.84,4.0,0
17.0,62.58,36.75,0.0,0.0,58.31,48.73,3.0,0
39.0,36.31,0.0,1.0,2.0,14.31,44.61,1.0,0
26.0,63.94,39.47,1.0,3.0,2.43,51.28,3.0,0
41.0,58.99,50.83,0.0,2.0,15.05,62.78,2.0,0
44.0,38.5,62.66,4.0,0.0,26.13,62.06,2.0,1
48.0,131.95,43.68,3.0,1.0,23.7,29.63,6.0,0
60.0,29.07,86.15,3.0,1.0,15.33,60.85,2.0,1
1.0,22.38,64.81,3.0,1.0,18.67,8.57,5.0,0
72.0,62.63,93.98,0.0,3.0,2.03,62.27,2.0,0
43.0,49.53,56.15,2.0,1.0,20.64,47.86,3.0,1
71.0,119.34,35.12,6.0,1.0,86.23,51.04,5.0,1
25.0,54.23,25.66,0.0,1.0,36.56,50.72,2.0,0
7.0,51.57,26.43,1.0,1.0,16.26,27.49,4.0,0
17.0,79.05,41.21,0.0,2.0,46.95,59.4,3.0,0
28.0,121.9,43.94,0.0,1.0,37.59,46.35,5.0,0
58.0,69.67,37.25,5.0,1.0,77.49,28.12,4.0,1
51.0,79.43,60.84,1.0,2.0,35.72,21.96,4.0,0
72.0,86.79,70.44,2.0,1.0,33.08,50.38,3.0,0
72.0,15.0,100.0,2.0,1.0,26.8,44.22,1.0,0
56.0,78.67,72.34,1.0,3.0,33.48,34.21,4.0,0
34.0,79.96,26.41,0.0,1.0,34.22,63.47,2.0,0
35.0,39.12,6.46,0.0,0.0,36.45,48.36,1.0,0
34.0,73.33,31.52,0.0,1.0,0.0,54.1,3.0,0
34.0,160.0,14.3,0.0,1.0,41.67,58.53,6.0,0
72.0,51.55,98.83,0.0,0.0,17.22,70.13,1.0,0
25.0,30.81,58.11,2.0,1.0,0.0,23.41,3.0,0
72.0,28.44,95.07,0.0,0.0,15.44,21.84,2.0,0
46.0,71.15,12.55,4.0,2.0,23.14,38.03,4.0,1
31.0,64.27,33.18,0.0,2.0,17.82,45.49,3.0,0
43.0,65.78,63.02,5.0,1.0,0.0,24.31,5.0,1
72.0,47.37,82.43,2.0,2.0,33.06,23.0,3.0,0
40.0,78.54,63.58,0.0,0.0,45.31,47.23,3.0,0
21.0,65.25,30.37,0.0,3.0,55.82,50.47,2.0,0
54.0,23.01,53.21,1.0,0.0,68.34,26.38,2.0,1
69.0,110.14,1.94,9.0,0.0,73.5,63.09,4.0,1
22.0,20.33,13.64,1.0,0.0,44.88,38.22,2.0,0
38.0,36.42,87.4,0.0,0.0,41.08,39.33,2.0,0
1.0,15.0,38.18,6.0,0.0,38.97,8.65,4.0,0
54.0,82.57,63.09,2.0,1.0,29.3,14.41,5.0,0
24.0,50.99,42.09,4.0,1.0,0.0,48.03,3.0,0
72.0,65.08,84.35,0.0,1.0,15.81,44.62,2.0,0
26.0,58.55,24.51,0.0,4.0,54.74,56.44,2.0,0
42.0,28.43,80.75,2.0,0.0,21.11,43.92,2.0,1
52.0,148.0,34.02,2.0,1.0,26.86,56.34,5.0,0
50.0,29.51,31.53,3.0,0.0,38.14,3.23,3.0,1
68.0,76.42,29.37,0.0,2.0,48.25,90.36,1.0,0
15.0,80.02,65.29,0.0,0.0,12.4,48.15,4.0,0
54.0,95.89,55.21,1.0,0.0,38.08,23.69,5.0,0
72.0,15.0,100.0,2.0,0.0,39.77,38.74,1.0,1
35.0,106.43,25.53,6.0,2.0,25.78,49.73,5.0,1
51.0,86.54,65.29,4.0,1.0,90.55,32.24,5.0,1
72.0,46.76,85.45,0.0,1.0,11.0,99.58,1.0,1
35.0,77.52,57.41,2.0,0.0,52.2,0.0,5.0,0
57.0,77.1,13.97,4.0,2.0,48.96,58.73,3.0,1
16.0,22.53,65.45,3.0,1.0,0.0,29.8,3.0,0
34.0,56.19,29.79,0.0,1.0,20.4,48.27,2.0,0
22.0,75.41,3.2,0.0,1.0,29.42,60.01,3.0,0
29.0,71.53,42.18,0.0,0.0,16.14,59.33,3.0,0
67.0,15.0,50.31,5.0,1.0,63.29,12.66,2.0,1
1.0,98.67,44.8,0.0,0.0,57.71,33.13,5.0,0
15.0,114.51,43.36,0.0,1.0,49.05,74.01,4.0,0
56.0,130.01,26.23,2.0,1.0,92.08,68.17,4.0,1
7.0,15.0,46.5,4.0,0.0,0.0,5.64,4.0,0
58.0,100.12,77.85,1.0,1.0,10.51,49.9,4.0,0
47.0,89.67,20.92,4.0,3.0,48.36,54.87,4.0,1
57.0,116.64,49.4,0.0,0.0,100.0,36.48,4.0,1
19.0,15.0,20.62,2.0,1.0,60.13,29.3,1.0,0
2.0,70.95,25.4,0.0,1.0,31.04,32.13,4.0,0
28.0,27.28,13.44,3.0,1.0,0.0,31.36,3.0,0
1.0,111.28,0.0,0.0,1.0,86.04,21.6,5.0,0
38.0,24.47,57.03,1.0,0.0,47.0,26.18,2.0,1
62.0,144.53,40.14,4.0,2.0,27.43,55.43,6.0,0
29.0,79.74,25.57,0.0,0.0,57.63,67.19,2.0,0
57.0,101.83,73.96,5.0,0.0,28.34,21.48,6.0,0
71.0,99.24,74.45,0.0,3.0,20.0,86.01,2.0,0
57.0,15.0,90.8,4.0,2.0,49.18,25.8,2.0,1
27.0,15.0,8.49,0.0,0.0,86.08,38.64,1.0,0
62.0,92.38,56.49,2.0,1.0,24.9,12.33,5.0,0
1.0,67.01,62.05,2.0,1.0,0.0,29.65,5.0,0
72.0,86.86,55.18,0.0,1.0,26.25,37.17,3.0,0
47.0,64.89,33.71,4.0,0.0,36.54,16.93,4.0,1
50.0,96.19,41.5,3.0,2.0,0.0,39.01,5.0,1
72.0,89.84,20.31,5.0,2.0,70.21,33.23,4.0,1
49.0,104.97,58.57,6.0,0.0,100.0,27.51,6.0,1
53.0,108.08,61.1,0.0,2.0,29.15,88.48,2.0,0
52.0,98.06,71.41,0.0,0.0,27.98,77.2,3.0,0
72.0,121.59,62.16,0.0,1.0,0.0,76.79,3.0,0
72.0,15.0,100.0,0.0,1.0,23.94,33.36,1.0,0
29.0,63.2,26.14,0.0,1.0,50.67,50.18,3.0,1
31.0,38.44,73.23,1.0,0.0,9.16,56.93,2.0,0
72.0,78.06,71.03,2.0,0.0,16.42,47.35,2.0,0
49.0,74.44,74.17,0.0,1.0,38.69,53.66,3.0,0
1.0,39.18,43.63,5.0,2.0,0.0,9.97,5.0,0
50.0,74.94,12.16,8.0,1.0,54.85,61.49,3.0,1
72.0,93.59,47.15,5.0,2.0,97.44,44.57,4.0,1
72.0,98.88,43.87,6.0,1.0,90.03,1.73,5.0,1
20.0,92.25,65.92,0.0,1.0,34.54,68.83,3.0,0
53.0,107.75,43.14,2.0,0.0,44.39,21.19,5.0,0
50.0,101.1,58.94,3.0,0.0,34.84,32.8,5.0,0
39.0,147.06,22.14,2.0,3.0,44.56,43.67,6.0,0
1.0,64.25,22.17,0.0,0.0,60.66,41.58,3.0,0
46.0,15.0,78.65,4.0,0.0,100.0,0.0,2.0,1
8.0,39.82,46.47,0.0,2.0,63.67,33.43,3.0,0
17.0,145.53,10.18,1.0,1.0,57.35,33.95,6.0,0
60.0,93.09,58.39,1.0,2.0,24.39,37.71,4.0,0
40.0,35.1,55.62,9.0,1.0,54.63,0.0,5.0,1
50.0,111.35,30.63,0.0,1.0,55.19,47.94,4.0,1
12.0,76.87,35.36,0.0,1.0,22.33,55.3,4.0,0
21.0,40.01,6.54,0.0,1.0,53.44,52.59,2.0,0
61.0,70.41,62.66,3.0,0.0,95.11,23.93,4.0,1
33.0,146.47,31.17,0.0,0.0,27.98,55.22,5.0,0
11.0,150.09,20.24,1.0,2.0,48.19,33.84,7.0,0
72.0,81.88,65.28,4.0,2.0,34.85,34.38,4.0,0
54.0,63.85,33.16,0.0,1.0,0.0,61.9,1.0,0
27.0,81.63,28.74,0.0,2.0,9.36,58.08,3.0,0
35.0,48.91,80.0,0.0,1.0,49.19,46.49,2.0,0
72.0,25.47,100.0,0.0,0.0,3.47,71.26,1.0,1
1.0,37.77,41.39,2.0,0.0,45.03,31.44,4.0,0
72.0,57.5,88.61,1.0,3.0,22.91,43.21,2.0,0
25.0,25.79,40.1,1.0,0.0,3.23,32.95,2.0,0
29.0,128.06,36.22,0.0,1.0,32.8,30.76,6.0,0
70.0,108.08,21.7,3.0,0.0,84.79,42.07,4.0,1
44.0,104.71,50.75,2.0,1.0,28.47,16.98,6.0,0
3.0,15.0,8.53,2.0,1.0,68.08,22.96,2.0,0
55.0,41.36,68.13,5.0,3.0,22.82,56.47,2.0,1
22.0,50.03,36.86,1.0,0.0,17.3,46.0,3.0,0
71.0,64.52,35.88,1.0,3.0,68.88,10.67,3.0,1
72.0,101.73,84.84,6.0,3.0,5.66,48.05,4.0,0
36.0,90.63,39.72,3.0,1.0,77.7,59.26,4.0,1
58.0,56.9,67.21,3.0,2.0,6.36,52.33,3.0,1
51.0,72.67,67.69,0.0,0.0,39.23,35.28,3.0,0
11.0,43.7,12.82,1.0,3.0,51.57,39.54,3.0,0
1.0,33.92,32.77,0.0,1.0,81.03,37.19,3.0,0
10.0,63.8,30.6,0.0,1.0,34.46,36.28,4.0,0
35.0,52.07,44.44,0.0,2.0,0.0,55.22,2.0,0
16.0,16.87,50.37,1.0,0.0,38.68,33.2,2.0,0
52.0,106.74,60.16,3.0,2.0,33.2,40.25,5.0,0
59.0,88.36,46.65,3.0,1.0,72.38,23.57,4.0,1
46.0,105.17,47.21,0.0,1.0,41.78,41.52,4.0,0
45.0,128.0,1.81,5.0,2.0,0.0,47.32,5.0,1
24.0,58.45,0.34,0.0,0.0,49.19,46.19,2.0,0
72.0,36.15,73.69,0.0,2.0,31.41,66.19,1.0,1
60.0,45.13,41.5,2.0,2.0,69.16,16.46,3.0,1
72.0,67.21,83.8,1.0,0.0,11.56,26.53,3.0,0
34.0,82.67,48.81,0.0,2.0,46.22,64.25,2.0,0
72.0,35.01,92.75,0.0,2.0,22.63,30.19,2.0,0
53.0,62.72,62.36,2.0,2.0,0.0,48.83,3.0,1
42.0,95.99,54.6,2.0,1.0,28.17,6.61,6.0,0
43.0,133.39,43.63,0.0,1.0,26.44,86.17,4.0,0
45.0,23.15,65.96,1.0,3.0,50.51,33.74,2.0,1
56.0,58.62,71.47,0.0,2.0,36.41,45.84,2.0,0
50.0,75.27,55.98,3.0,0.0,0.0,61.36,3.0,1
27.0,111.13,38.93,0.0,2.0,44.96,33.89,5.0,0
40.0,59.96,27.57,0.0,2.0,45.17,71.24,1.0,0
20.0,15.0,39.15,1.0,1.0,57.01,33.17,2.0,0
68.0,48.32,85.56,0.0,1.0,34.17,48.48,2.0,0
72.0,58.37,19.91,6.0,1.0,58.76,0.0,4.0,1
8.0,46.12,54.17,1.0,1.0,25.13,38.36,3.0,0
18.0,42.1,31.92,0.0,0.0,43.08,40.17,3.0,0
30.0,38.85,0.0,0.0,1.0,33.12,42.8,2.0,0
60.0,15.0,100.0,3.0,1.0,42.22,28.19,2.0,1
30.0,86.59,6.12,3.0,1.0,25.8,58.54,4.0,1
63.0,110.92,34.06,7.0,2.0,72.63,29.96,5.0,1
4.0,15.0,18.43,4.0,1.0,60.35,19.52,2.0,0
55.0,46.37,72.6,1.0,2.0,8.05,42.92,3.0,1
72.0,97.7,32.19,7.0,2.0,100.0,46.98,4.0,1
42.0,107.14,39.26,8.0,1.0,78.06,53.1,5.0,1
50.0,140.91,37.99,10.0,2.0,82.46,54.9,7.0,0
67.0,89.25,70.63,2.0,1.0,22.12,29.97,4.0,0
47.0,66.22,71.68,0.0,1.0,37.07,51.42,2.0,0
8.0,29.01,47.52,0.0,0.0,53.84,37.6,3.0,0
8.0,15.0,34.33,0.0,2.0,100.0,33.04,1.0,0
69.0,116.01,14.71,4.0,0.0,64.29,38.75,4.0,1
61.0,34.79,68.65,1.0,2.0,32.87,62.67,1.0,1
71.0,80.95,52.31,3.0,0.0,0.0,78.58,2.0,1
49.0,130.04,42.07,1.0,2.0,100.0,48.57,5.0,1
44.0,43.11,46.77,5.0,1.0,48.68,41.08,3.0,1
1.0,15.0,30.91,7.0,0.0,66.22,3.69,4.0,0
48.0,79.81,12.55,4.0,0.0,41.69,45.92,4.0,1
1.0,59.55,26.51,1.0,1.0,49.7,33.78,4.0,0
27.0,63.9,32.45,0.0,2.0,12.09,62.11,3.0,0
72.0,70.2,39.71,1.0,0.0,98.69,15.25,3.0,1
15.0,58.04,22.76,0.0,2.0,45.91,48.81,3.0,0
57.0,45.73,57.53,2.0,0.0,77.05,26.79,3.0,1
26.0,131.47,24.66,2.0,1.0,55.74,80.56,5.0,1
1.0,15.0,26.31,5.0,0.0,52.24,9.56,2.0,0
38.0,158.63,30.6,0.0,1.0,29.18,100.0,4.0,0
48.0,92.94,67.32,0.0,0.0,38.47,76.78,3.0,0
29.0,90.58,54.48,0.0,0.0,20.63,52.46,3.0,0
17.0,97.43,39.82,0.0,3.0,55.28,61.41,3.0,0
64.0,35.31,64.57,2.0,0.0,45.42,52.2,1.0,1
44.0,104.71,46.67,0.0,0.0,41.98,27.15,5.0,0
70.0,82.11,62.42,0.0,4.0,9.3,30.2,3.0,0
28.0,82.15,15.64,0.0,0.0,5.35,49.06,3.0,0
57.0,111.64,64.94,1.0,1.0,28.33,66.89,4.0,0
72.0,82.11,73.62,0.0,2.0,10.76,50.62,3.0,0
60.0,84.07,66.43,1.0,0.0,39.87,51.89,3.0,0
21.0,15.0,30.82,3.0,0.0,18.61,26.87,2.0,0
29.0,88.7,5.63,0.0,0.0,0.0,55.76,3.0,0
1.0,16.22,37.66,5.0,3.0,16.57,20.83,4.0,0
24.0,15.1,23.61,3.0,0.0,17.9,20.52,2.0,0
72.0,106.21,69.73,5.0,2.0,4.98,24.03,5.0,0
38.0,126.16,44.1,0.0,1.0,32.8,65.0,4.0,0
43.0,88.77,10.41,0.0,2.0,32.73,46.02,3.0,1
39.0,82.46,22.06,6.0,0.0,26.49,40.16,4.0,1
31.0,100.47,39.49,2.0,2.0,52.93,6.75,6.0,0
17.0,101.24,28.5,5.0,3.0,48.09,61.4,5.0,1
1.0,15.0,40.74,6.0,1.0,50.11,0.0,5.0,0
52.0,23.47,54.29,7.0,2.0,67.71,31.31,3.0,1
12.0,57.07,70.84,0.0,1.0,35.02,51.34,3.0,0
31.0,60.48,65.58,0.0,3.0,18.36,73.63,2.0,0
25.0,29.09,21.27,0.0,2.0,37.61,45.69,2.0,0
21.0,56.28,62.45,0.0,2.0,51.21,29.66,3.0,0
1.0,32.3,45.65,3.0,0.0,27.48,20.99,4.0,0
64.0,52.8,41.7,4.0,0.0,72.93,11.92,3.0,1
1.0,34.45,34.38,5.0,1.0,0.0,12.76,5.0,0
57.0,83.5,12.2,8.0,1.0,55.29,55.56,4.0,1
72.0,15.0,91.84,5.0,0.0,82.08,0.0,2.0,1
72.0,19.77,95.81,0.0,0.0,20.92,10.99,2.0,0
19.0,131.99,21.0,0.0,1.0,55.56,31.6,6.0,0
6.0,15.0,48.59,3.0,0.0,58.52,23.42,2.0,0
53.0,157.0,29.4,0.0,0.0,33.88,82.36,5.0,0
37.0,47.26,78.56,2.0,2.0,0.0,55.37,3.0,1
12.0,15.0,26.64,4.0,2.0,0.0,20.97,3.0,0
9.0,32.61,25.18,1.0,0.0,52.24,37.62,3.0,0
42.0,124.92,21.53,6.0,2.0,57.52,48.04,6.0,1
51.0,93.1,34.89,3.0,2.0,92.79,63.78,3.0,1
20.0,80.46,41.34,0.0,1.0,8.86,50.49,4.0,0
2.0,38.23,45.69,2.0,2.0,35.0,30.93,4.0,0
62.0,83.81,36.64,2.0,1.0,7.8,49.57,3.0,1
8.0,25.44,43.94,0.0,1.0,60.55,25.36,3.0,0
18.0,69.9,32.94,0.0,3.0,30.68,45.99,3.0,0
66.0,41.23,72.12,0.0,2.0,38.19,38.83,1.0,0
20.0,30.55,13.97,3.0,3.0,31.66,45.76,2.0,0
31.0,79.68,19.74,0.0,2.0,20.94,64.82,2.0,0
11.0,16.63,16.43,2.0,0.0,58.19,35.28,2.0,0
52.0,92.61,52.45,0.0,2.0,40.38,44.95,4.0,0
18.0,84.26,45.67,0.0,1.0,47.05,71.1,3.0,0
72.0,15.0,100.0,2.0,2.0,100.0,0.0,1.0,1
50.0,131.35,30.8,3.0,2.0,100.0,70.3,4.0,1
9.0,15.0,10.4,1.0,0.0,70.48,21.55,2.0,0
27.0,22.16,55.34,1.0,0.0,4.58,31.32,2.0,0
1.0,46.17,22.21,0.0,1.0,75.31,34.08,3.0,0
14.0,45.27,28.56,4.0,0.0,0.0,37.22,4.0,0
65.0,89.21,56.2,2.0,2.0,32.52,42.21,4.0,0
44.0,141.57,52.56,3.0,0.0,13.57,54.53,6.0,0
56.0,66.86,75.72,0.0,0.0,29.34,63.08,2.0,0
39.0,41.58,27.81,1.0,1.0,0.12,48.9,2.0,0
34.0,101.64,32.71,0.0,1.0,54.42,23.38,5.0,0
15.0,60.22,37.73,0.0,0.0,60.89,45.35,3.0,0
1.0,15.0,25.46,6.0,2.0,43.06,7.35,3.0,0
72.0,115.5,35.5,3.0,0.0,91.44,29.82,5.0,1
5.0,20.62,65.24,3.0,2.0,17.41,21.05,4.0,0
56.0,68.91,57.54,3.0,0.0,4.06,35.03,4.0,1
61.0,56.56,94.19,2.0,2.0,18.19,22.46,4.0,0
59.0,130.24,51.91,1.0,2.0,20.16,61.53,4.0,0
49.0,97.66,36.84,4.0,0.0,75.24,41.38,5.0,1
72.0,91.14,69.87,1.0,2.0,9.86,42.32,4.0,0
42.0,90.27,48.75,0.0,3.0,39.43,18.85,5.0,0
53.0,159.37,23.51,3.0,0.0,78.81,70.24,5.0,1
47.0,31.94,61.95,5.0,0.0,40.03,23.6,3.0,1
17.0,28.36,60.11,0.0,0.0,37.29,30.17,3.0,0
11.0,15.0,20.8,9.0,2.0,0.0,0.0,3.0,0
53.0,60.72,66.8,7.0,0.0,15.47,49.95,4.0,1
13.0,52.52,10.6,2.0,1.0,17.38,40.78,3.0,0
39.0,105.43,60.62,1.0,3.0,100.0,65.02,4.0,1
72.0,28.23,99.47,0.0,3.0,18.71,30.73,1.0,0
49.0,84.61,79.04,2.0,3.0,31.87,40.78,4.0,0
37.0,81.57,61.63,0.0,1.0,46.82,39.65,4.0,0
63.0,104.85,63.92,0.0,1.0,29.36,81.02,3.0,0
33.0,19.75,67.66,5.0,5.0,43.44,30.52,3.0,1
30.0,82.49,38.67,8.0,1.0,72.61,72.72,4.0,1
40.0,106.41,41.96,0.0,3.0,35.47,32.76,4.0,0
11.0,42.15,50.68,0.0,0.0,57.22,39.57,3.0,0
13.0,35.31,3.16,0.0,0.0,54.27,35.84,2.0,0
37.0,15.0,91.44,6.0,1.0,47.04,74.43,1.0,1
17.0,15.0,13.92,0.0,2.0,99.05,37.11,1.0,0
35.0,122.71,38.27,4.0,2.0,43.06,5.94,7.0,0
6.0,160.0,18.26,3.0,0.0,56.25,30.34,8.0,0
72.0,118.5,36.71,2.0,1.0,32.05,34.0,5.0,0
16.0,75.36,54.1,0.0,0.0,27.13,48.94,4.0,0
49.0,37.73,60.2,2.0,1.0,0.0,48.33,2.0,0
4.0,37.61,11.91,2.0,2.0,56.19,40.63,3.0,0
53.0,75.68,74.72,2.0,1.0,34.39,32.35,4.0,0
71.0,52.16,51.59,0.0,1.0,100.0,11.85,3.0,1
57.0,106.1,4.6,6.0,1.0,35.59,41.45,5.0,1
48.0,153.7,20.57,0.0,1.0,26.07,53.96,5.0,0
50.0,15.0,71.01,5.0,0.0,67.36,45.2,2.0,1
23.0,25.11,48.26,1.0,0.0,22.91,37.45,2.0,0
30.0,50.16,50.09,1.0,0.0,22.09,57.89,2.0,0
26.0,36.63,12.4,4.0,3.0,0.0,33.2,3.0,1
72.0,73.99,49.97,7.0,1.0,93.7,0.0,5.0,1
29.0,68.7,1.22,5.0,0.0,15.38,51.48,3.0,1
53.0,77.98,64.77,0.0,2.0,26.18,18.62,4.0,0
60.0,113.24,48.2,0.0,0.0,31.37,54.87,4.0,0
18.0,27.98,25.51,0.0,1.0,70.44,43.7,2.0,0
60.0,121.92,9.49,3.0,2.0,56.29,49.0,4.0,1
63.0,140.34,42.04,2.0,3.0,26.2,73.72,4.0,0
13.0,138.11,29.42,0.0,2.0,57.07,69.08,5.0,0
45.0,99.72,17.19,4.0,0.0,55.94,63.49,4.0,1
17.0,29.25,16.32,2.0,2.0,30.57,32.62,3.0,0
56.0,136.93,29.63,2.0,0.0,35.33,51.65,5.0,0
25.0,18.08,46.81,6.0,2.0,75.42,20.86,3.0,1
10.0,15.0,47.32,3.0,2.0,35.76,28.3,3.0,0
59.0,124.0,54.23,3.0,2.0,37.25,61.33,5.0,0
1.0,17.25,17.02,4.0,3.0,40.49,21.98,3.0,0
49.0,60.74,59.57,0.0,2.0,41.88,26.64,3.0,0
46.0,134.69,40.78,1.0,2.0,24.88,53.03,5.0,1
61.0,109.89,34.7,0.0,1.0,33.05,35.14,4.0,0
65.0,97.65,34.85,7.0,2.0,72.37,32.15,5.0,1
67.0,39.86,80.71,1.0,1.0,44.88,12.54,3.0,0
72.0,75.34,81.83,4.0,2.0,14.09,28.76,4.0,0
13.0,37.92,65.0,4.0,1.0,12.95,14.66,5.0,1
35.0,66.83,66.15,0.0,2.0,5.81,62.31,2.0,0
1.0,67.86,27.08,2.0,1.0,3.24,24.85,5.0,0
47.0,135.88,20.18,4.0,1.0,73.86,64.86,5.0,1
53.0,80.65,40.49,0.0,3.0,94.06,43.31,3.0,1
62.0,53.86,89.04,0.0,0.0,30.58,39.09,3.0,0
4.0,15.0,17.51,3.0,0.0,39.93,12.81,3.0,0
27.0,55.41,16.66,1.0,1.0,0.0,37.64,3.0,0
11.0,72.23,49.77,0.0,0.0,17.85,44.87,4.0,0
63.0,59.59,70.23,4.0,0.0,100.0,13.64,4.0,1
13.0,79.58,28.2,0.0,2.0,28.77,56.23,3.0,0
57.0,86.63,67.54,3.0,2.0,29.29,13.45,5.0,0
27.0,64.02,35.29,0.0,2.0,27.43,58.49,2.0,0
20.0,72.73,47.33,0.0,2.0,55.34,43.62,3.0,0
72.0,76.64,82.12,1.0,0.0,18.65,63.14,2.0,0
72.0,113.71,50.92,0.0,1.0,10.68,84.59,2.0,0
51.0,56.04,13.81,7.0,0.0,5.84,24.33,4.0,1
31.0,103.62,52.97,0.0,1.0,31.44,27.9,5.0,0
53.0,57.77,36.71,4.0,2.0,82.36,47.12,3.0,1
50.0,107.33,52.58,2.0,1.0,34.3,24.25,5.0,0
19.0,28.22,38.79,3.0,0.0,1.07,29.52,3.0,0
47.0,75.12,60.59,0.0,2.0,41.53,75.72,1.0,0
5.0,65.75,65.66,0.0,2.0,43.05,37.51,4.0,0
57.0,104.1,38.85,2.0,3.0,92.17,53.83,4.0,1
40.0,96.75,24.29,0.0,1.0,30.07,76.66,2.0,0
1.0,47.23,64.38,1.0,0.0,30.54,24.89,4.0,0
1.0,15.0,27.68,4.0,0.0,28.37,8.22,4.0,0
68.0,42.51,36.09,5.0,0.0,81.28,16.56,3.0,1
1.0,40.15,56.01,2.0,0.0,43.22,26.46,4.0,0
1.0,70.55,46.91,1.0,2.0,29.1,29.27,5.0,0
9.0,56.72,75.49,0.0,2.0,10.71,41.91,4.0,0
7.0,75.03,15.42,2.0,1.0,0.0,39.71,4.0,0
72.0,31.07,86.43,1.0,0.0,36.67,26.59,2.0,0
1.0,71.53,47.11,2.0,0.0,24.28,15.33,6.0,0
61.0,67.42,89.07,2.0,1.0,29.61,42.67,3.0,0
66.0,89.0,23.26,8.0,1.0,53.75,22.76,5.0,1
16.0,40.49,46.16,0.0,1.0,24.41,25.92,3.0,0
29.0,106.79,50.0,0.0,1.0,46.08,46.93,5.0,0
38.0,135.11,44.09,0.0,2.0,26.17,61.37,5.0,0
28.0,22.64,37.35,0.0,1.0,10.53,26.74,2.0,0
61.0,98.86,56.68,1.0,2.0,30.23,36.96,4.0,0
29.0,119.96,44.3,0.0,1.0,38.1,43.29,5.0,0
16.0,36.71,33.85,2.0,1.0,18.52,33.97,3.0,0
47.0,106.42,52.93,0.0,1.0,32.7,44.27,4.0,0
72.0,60.32,75.79,2.0,0.0,33.49,31.39,3.0,0
9.0,129.44,23.54,0.0,0.0,62.87,47.1,5.0,0
20.0,47.58,27.88,1.0,2.0,24.89,50.63,3.0,0
72.0,81.8,16.34,7.0,1.0,61.12,32.74,4.0,1
17.0,31.38,46.66,0.0,2.0,66.91,51.09,2.0,0
40.0,114.04,42.32,7.0,2.0,70.02,45.81,6.0,1
8.0,15.0,32.77,1.0,1.0,74.59,25.58,2.0,0
41.0,115.45,38.05,1.0,0.0,40.47,15.2,6.0,0
30.0,41.06,15.63,0.0,1.0,35.69,51.16,2.0,0
43.0,65.67,30.45,5.0,2.0,51.64,18.89,4.0,1
72.0,72.18,88.62,4.0,2.0,2.0,36.17,3.0,0
43.0,67.41,11.39,6.0,1.0,37.03,62.01,3.0,1
68.0,111.58,58.21,0.0,0.0,14.82,97.01,2.0,0
27.0,125.07,29.82,0.0,3.0,46.28,43.24,5.0,0
31.0,122.83,51.55,0.0,2.0,30.63,43.41,5.0,0
54.0,95.33,24.6,4.0,1.0,47.26,35.89,4.0,1
29.0,88.8,47.74,1.0,1.0,58.6,10.74,5.0,0
61.0,64.1,49.37,3.0,0.0,73.97,15.44,4.0,1
72.0,82.16,75.04,5.0,0.0,15.86,26.56,4.0,0
2.0,15.0,32.61,5.0,0.0,26.07,19.06,3.0,0
52.0,112.09,5.48,1.0,2.0,48.79,60.45,4.0,1
59.0,89.15,59.98,0.0,0.0,31.8,74.43,2.0,0
1.0,31.53,25.83,4.0,0.0,41.49,34.62,3.0,0
25.0,38.69,62.5,2.0,0.0,7.44,84.7,2.0,1
69.0,67.56,68.26,3.0,1.0,2.86,51.42,3.0,1
56.0,138.68,28.61,2.0,1.0,23.88,34.92,6.0,0
46.0,70.53,34.26,3.0,0.0,61.73,32.46,4.0,1
70.0,121.14,50.22,3.0,1.0,25.53,49.5,5.0,0
44.0,15.0,100.0,1.0,2.0,41.29,17.18,2.0,1
21.0,40.8,0.0,2.0,1.0,17.69,35.43,2.0,0
20.0,74.06,52.13,0.0,2.0,17.93,57.2,3.0,0
54.0,64.02,34.2,0.0,3.0,0.0,69.13,1.0,0
52.0,79.12,70.08,2.0,0.0,33.4,24.18,4.0,0
10.0,17.32,24.58,2.0,0.0,30.76,25.74,3.0,0
58.0,103.54,16.93,9.0,1.0,68.34,69.04,4.0,1
70.0,103.8,56.0,1.0,1.0,25.07,47.45,4.0,0
40.0,137.26,46.02,0.0,0.0,23.83,76.49,4.0,0
34.0,53.33,17.37,0.0,2.0,12.37,47.8,2.0,0
42.0,74.32,51.23,1.0,1.0,47.8,13.33,4.0,0
49.0,71.41,55.79,0.0,1.0,45.42,45.7,3.0,0
55.0,83.78,31.24,2.0,2.0,74.51,33.05,4.0,1
7.0,76.72,42.6,0.0,1.0,73.5,42.52,3.0,0
30.0,99.39,56.55,0.0,2.0,45.33,52.08,4.0,0
62.0,73.11,42.36,0.0,1.0,100.0,40.54,2.0,1
38.0,55.16,52.72,4.0,0.0,17.47,51.08,3.0,1
18.0,86.81,53.04,0.0,1.0,53.47,41.5,4.0,0
61.0,130.65,60.19,1.0,2.0,11.68,79.78,4.0,0
1.0,93.0,42.24,0.0,0.0,73.05,45.59,4.0,0
72.0,32.71,100.0,0.0,1.0,2.3,73.3,1.0,0
40.0,15.0,8.95,0.0,3.0,50.02,45.09,1.0,0
24.0,52.29,59.59,1.0,2.0,0.0,45.75,3.0,0
62.0,73.92,33.92,0.0,0.0,29.9,80.89,1.0,0
66.0,108.07,8.23,4.0,0.0,25.07,50.16,4.0,1
53.0,61.13,68.71,1.0,2.0,34.18,2.94,4.0,0
19.0,117.13,36.27,1.0,1.0,56.79,26.06,6.0,0
24.0,118.47,39.4,0.0,2.0,45.9,43.69,5.0,0
9.0,48.53,48.77,1.0,1.0,23.35,30.59,4.0,0
61.0,125.2,44.17,5.0,1.0,34.39,18.17,6.0,0
41.0,52.07,0.05,0.0,0.0,28.42,52.24,1.0,0
60.0,83.69,79.44,2.0,2.0,17.37,28.36,4.0,0
13.0,85.66,56.41,0.0,1.0,9.8,60.98,4.0,0
23.0,21.79,51.04,0.0,0.0,38.59,32.59,2.0,0
49.0,33.89,89.05,0.0,2.0,42.05,41.89,2.0,0
50.0,78.55,28.5,6.0,0.0,58.67,36.67,4.0,1
58.0,86.64,18.72,7.0,2.0,39.41,52.34,4.0,1
33.0,31.08,0.0,0.0,0.0,50.56,50.04,1.0,0
29.0,54.82,21.14,2.0,0.0,5.61,6.47,4.0,1
53.0,99.23,31.09,6.0,1.0,57.33,40.23,5.0,1
20.0,133.6,21.59,0.0,1.0,50.14,34.72,6.0,0
72.0,68.86,82.3,1.0,1.0,22.26,53.01,2.0,0
27.0,117.12,34.75,0.0,1.0,45.73,56.1,4.0,0
53.0,76.42,15.77,2.0,3.0,49.74,45.13,3.0,1
34.0,23.42,21.41,4.0,2.0,0.0,33.17,2.0,0
52.0,78.27,78.06,0.0,2.0,26.85,50.47,3.0,0
43.0,15.0,76.15,5.0,0.0,100.0,0.0,2.0,1
43.0,120.87,22.23,6.0,0.0,69.85,68.1,5.0,1
45.0,66.29,61.03,0.0,0.0,52.31,39.03,3.0,0
33.0,41.55,54.31,2.0,0.0,0.0,52.93,2.0,0
72.0,93.65,64.61,2.0,1.0,23.0,44.29,4.0,0
72.0,52.39,77.74,3.0,2.0,20.76,4.15,4.0,1
55.0,104.03,44.18,0.0,1.0,37.23,38.89,4.0,0
28.0,132.95,28.51,0.0,1.0,42.3,46.08,5.0,0
43.0,101.97,51.54,4.0,0.0,52.33,31.03,5.0,0
72.0,88.28,61.11,2.0,0.0,27.34,28.94,4.0,0
24.0,95.12,53.96,0.0,1.0,58.37,38.68,5.0,0
29.0,22.2,47.4,6.0,1.0,70.18,29.64,3.0,1
49.0,117.7,45.65,0.0,1.0,36.99,75.78,3.0,0
69.0,27.54,71.74,4.0,1.0,53.47,0.0,3.0,1
33.0,116.06,28.21,3.0,0.0,52.98,55.25,5.0,1
23.0,69.39,20.57,1.0,1.0,12.34,51.91,3.0,0
37.0,128.49,32.65,1.0,1.0,42.64,36.2,5.0,0
2.0,34.74,40.82,2.0,2.0,27.71,20.64,4.0,0
47.0,122.31,46.19,1.0,1.0,25.57,42.43,5.0,0
53.0,76.9,63.26,0.0,1.0,29.41,38.79,3.0,0
61.0,118.18,10.41,7.0,1.0,76.77,74.6,4.0,1
31.0,82.72,27.07,0.0,1.0,0.0,51.61,3.0,0
72.0,83.64,60.98,2.0,2.0,27.28,49.11,3.0,0
49.0,82.64,36.88,3.0,1.0,95.2,69.02,3.0,1
44.0,138.19,22.36,4.0,0.0,49.18,60.08,5.0,1
31.0,160.0,1.98,2.0,2.0,41.27,68.37,7.0,0
23.0,59.25,19.07,0.0,0.0,42.71,49.45,2.0,0
8.0,130.49,30.4,1.0,2.0,53.53,23.17,7.0,0
72.0,126.85,45.24,0.0,1.0,21.3,66.76,4.0,0
1.0,54.16,34.23,1.0,1.0,46.45,29.56,4.0,0
42.0,86.31,47.6,3.0,2.0,0.0,97.38,2.0,1
49.0,19.7,73.49,3.0,1.0,38.3,72.76,1.0,1
1.0,40.73,31.73,2.0,2.0,31.23,30.21,4.0,0
68.0,80.37,64.8,3.0,1.0,38.97,39.36,4.0,0
57.0,73.42,74.7,1.0,2.0,25.94,27.48,4.0,0
36.0,43.81,27.96,0.0,2.0,4.36,47.7,2.0,0
72.0,32.14,100.0,1.0,3.0,21.2,18.56,3.0,0
40.0,55.84,23.86,0.0,1.0,43.8,61.04,1.0,0
46.0,76.08,53.6,4.0,0.0,83.93,40.23,4.0,1
6.0,30.76,29.75,0.0,1.0,64.48,33.05,3.0,0
60.0,80.82,82.91,0.0,2.0,21.19,47.64,3.0,0
28.0,16.31,12.19,0.0,0.0,41.7,32.38,1.0,0
2.0,15.0,37.41,2.0,0.0,72.1,10.91,2.0,0
44.0,88.86,29.56,0.0,0.0,56.79,37.9,4.0,1
72.0,138.71,50.68,4.0,2.0,13.91,50.63,5.0,0
38.0,87.54,36.1,9.0,1.0,56.2,38.95,5.0,1
36.0,48.81,21.9,0.0,2.0,58.97,56.5,1.0,0
58.0,57.19,47.26,9.0,1.0,41.34,44.46,4.0,1
1.0,112.89,31.96,0.0,1.0,71.02,20.3,6.0,0
12.0,63.66,21.6,0.0,1.0,28.86,39.22,3.0,0
29.0,35.33,6.65,1.0,1.0,5.98,32.29,2.0,0
54.0,75.08,60.07,2.0,1.0,42.39,13.11,4.0,0
57.0,122.36,30.58,5.0,0.0,93.66,60.69,5.0,1
54.0,15.0,61.65,3.0,1.0,68.42,48.5,1.0,1
61.0,62.29,62.08,0.0,0.0,0.0,100.0,1.0,1
1.0,95.6,59.76,0.0,2.0,21.01,38.1,5.0,0
72.0,76.32,66.57,2.0,1.0,34.38,33.81,3.0,0
40.0,128.99,45.79,3.0,0.0,33.65,44.68,6.0,0
72.0,108.11,76.92,7.0,0.0,4.33,17.74,6.0,0
41.0,160.0,18.03,0.0,3.0,25.51,45.42,6.0,0
72.0,84.6,38.85,4.0,0.0,21.69,36.34,4.0,1
35.0,130.0,32.22,0.0,1.0,37.47,73.51,4.0,0
56.0,133.92,41.21,3.0,2.0,99.7,58.08,5.0,1
13.0,15.0,20.66,0.0,0.0,68.06,33.19,2.0,0
72.0,78.77,42.57,4.0,1.0,31.59,19.43,4.0,1
28.0,89.09,59.51,0.0,0.0,37.68,67.32,3.0,0
20.0,76.42,14.56,0.0,2.0,0.0,36.09,4.0,0
72.0,116.43,41.36,2.0,1.0,100.0,33.79,4.0,1
66.0,106.76,14.83,2.0,0.0,53.09,27.46,4.0,1
43.0,131.67,36.19,2.0,1.0,42.33,40.69,6.0,0
17.0,39.47,50.63,2.0,1.0,0.0,39.9,3.0,0
35.0,48.67,67.61,5.0,2.0,7.03,82.35,2.0,1
23.0,81.38,39.26,0.0,0.0,8.27,49.37,3.0,0
47.0,64.33,29.29,3.0,1.0,43.96,21.32,4.0,1
72.0,127.2,38.12,5.0,3.0,100.0,34.11,5.0,1
12.0,62.3,29.85,1.0,0.0,11.47,43.78,4.0,0
44.0,63.84,18.5,0.0,1.0,0.0,49.46,2.0,0
1.0,23.24,46.49,3.0,2.0,34.14,0.0,5.0,0
24.0,73.78,74.65,0.0,0.0,50.07,72.57,2.0,0
7.0,40.6,41.66,4.0,0.0,1.19,35.67,4.0,0
36.0,48.46,61.25,0.0,0.0,46.98,59.8,1.0,0
15.0,71.63,58.97,0.0,2.0,24.05,44.71,4.0,0
29.0,46.97,52.59,6.0,1.0,31.95,28.75,4.0,1
1.0,17.37,14.98,5.0,2.0,3.22,9.67,4.0,0
53.0,15.0,100.0,0.0,2.0,56.0,13.55,1.0,1
68.0,77.94,65.93,1.0,1.0,31.25,33.7,3.0,0
33.0,15.0,67.09,4.0,2.0,56.27,14.23,3.0,0
64.0,74.54,30.7,6.0,1.0,48.78,43.75,4.0,1
19.0,78.07,36.24,0.0,0.0,31.45,53.07,3.0,0
40.0,78.46,42.92,0.0,0.0,81.62,58.62,3.0,1
72.0,82.0,76.66,0.0,0.0,23.79,60.04,3.0,0
13.0,65.92,33.49,0.0,1.0,51.53,35.58,3.0,0
34.0,38.07,10.65,0.0,1.0,24.69,40.76,2.0,0
17.0,76.08,25.05,0.0,1.0,29.73,52.41,3.0,0
72.0,62.69,78.11,0.0,1.0,0.6,51.84,2.0,1
12.0,31.93,16.64,3.0,0.0,7.47,28.13,3.0,0
61.0,88.12,73.72,4.0,0.0,45.43,51.85,4.0,0
13.0,141.32,14.37,0.0,0.0,50.68,39.77,6.0,0
2.0,26.39,0.0,3.0,1.0,42.53,24.02,3.0,0
29.0,77.61,22.44,0.0,0.0,0.0,46.81,3.0,0
41.0,122.74,46.77,2.0,1.0,39.72,37.27,6.0,0
58.0,69.88,59.73,2.0,0.0,48.51,17.47,4.0,0
12.0,70.44,7.13,0.0,0.0,45.6,43.69,3.0,0
63.0,59.32,63.36,6.0,1.0,100.0,14.23,4.0,1
55.0,59.22,80.71,0.0,1.0,23.96,31.17,3.0,0
67.0,78.61,86.85,2.0,0.0,20.09,38.16,4.0,0
24.0,19.54,29.11,0.0,1.0,73.29,43.44,1.0,0
72.0,61.39,96.25,2.0,0.0,8.19,44.52,3.0,0
17.0,45.07,43.91,2.0,0.0,0.0,37.97,3.0,0
25.0,36.9,41.64,1.0,1.0,38.84,55.23,2.0,0
24.0,33.11,25.52,1.0,1.0,28.96,39.29,2.0,0
22.0,24.89,21.62,0.0,0.0,43.23,36.81,2.0,0
34.0,69.51,44.54,0.0,0.0,0.0,51.85,3.0,0
72.0,38.72,97.88,5.0,3.0,30.22,19.7,3.0,0
72.0,77.51,47.9,0.0,0.0,5.67,100.0,1.0,1
59.0,118.93,59.16,4.0,2.0,19.2,34.46,6.0,0
70.0,84.12,79.8,0.0,1.0,17.26,58.41,3.0,0
9.0,49.54,46.47,2.0,0.0,0.0,35.09,4.0,0
56.0,90.4,47.31,6.0,0.0,87.51,45.6,4.0,1
72.0,52.68,88.4,0.0,1.0,7.61,39.54,2.0,0
63.0,83.01,53.89,0.0,1.0,36.43,30.73,4.0,0
43.0,52.17,55.8,5.0,0.0,30.25,39.48,4.0,1
6.0,15.0,49.96,3.0,2.0,1.33,9.61,4.0,0
43.0,53.35,46.09,0.0,1.0,72.23,77.18,1.0,0
40.0,31.75,67.17,4.0,0.0,30.17,31.68,3.0,1
36.0,62.51,1.32,0.0,2.0,26.92,61.19,2.0,0
13.0,45.57,35.23,0.0,1.0,84.08,51.38,2.0,0
59.0,88.44,37.39,6.0,0.0,76.46,36.56,4.0,1
19.0,35.9,28.93,0.0,2.0,29.35,35.36,2.0,0
72.0,70.84,29.75,2.0,1.0,70.68,23.69,3.0,1
29.0,116.61,48.37,1.0,1.0,86.46,58.88,5.0,1
37.0,75.31,3.78,2.0,0.0,2.7,50.92,3.0,1
72.0,87.19,63.08,3.0,1.0,29.08,22.12,4.0,0
13.0,21.75,22.92,4.0,1.0,23.42,29.32,3.0,0
72.0,100.9,38.82,3.0,1.0,0.93,73.96,3.0,1
6.0,56.19,40.62,0.0,1.0,15.52,36.51,4.0,0
18.0,19.94,23.82,0.0,2.0,54.14,33.11,2.0,0
1.0,48.26,20.49,2.0,1.0,64.14,33.4,4.0,0
1.0,15.0,26.31,5.0,0.0,50.83,3.36,4.0,0
72.0,127.44,71.72,5.0,0.0,10.15,57.89,5.0,0
16.0,28.91,15.92,0.0,1.0,56.11,29.49,2.0,0
43.0,55.74,40.74,0.0,0.0,82.57,77.13,1.0,0
18.0,25.49,51.64,0.0,0.0,45.8,33.72,2.0,0
59.0,54.99,64.09,0.0,2.0,33.23,21.4,3.0,0
40.0,87.6,64.7,0.0,1.0,28.52,53.39,3.0,0
65.0,111.19,71.77,1.0,3.0,9.26,63.71,4.0,0
72.0,42.22,93.57,0.0,1.0,26.13,44.81,2.0,0
19.0,35.99,22.42,0.0,2.0,44.5,39.47,2.0,0
30.0,119.15,25.82,0.0,1.0,0.0,77.2,4.0,0
1.0,61.77,11.42,0.0,1.0,55.68,41.47,3.0,0
65.0,78.59,1.63,10.0,0.0,6.17,9.4,6.0,1
32.0,28.75,14.71,0.0,1.0,36.47,47.99,1.0,0
18.0,128.43,45.27,2.0,0.0,35.6,19.69,7.0,0
68.0,109.33,43.07,4.0,1.0,0.0,75.53,4.0,1
50.0,67.29,29.95,4.0,2.0,40.61,21.67,4.0,1
72.0,15.0,100.0,6.0,2.0,10.61,0.0,2.0,0
32.0,59.53,21.11,0.0,1.0,21.59,57.63,2.0,0
39.0,59.16,59.22,3.0,0.0,2.63,39.88,4.0,1
23.0,79.89,49.05,0.0,2.0,23.26,55.29,3.0,0
68.0,68.89,52.72,2.0,1.0,20.88,46.75,3.0,1
29.0,106.61,50.23,0.0,1.0,36.13,40.85,5.0,0
44.0,32.28,0.0,0.0,3.0,52.44,59.7,1.0,0
69.0,63.89,74.72,1.0,1.0,17.84,16.64,4.0,0
66.0,119.05,18.25,5.0,2.0,54.83,29.83,5.0,1
72.0,106.14,69.03,2.0,0.0,10.55,54.43,4.0,0
48.0,80.57,59.77,0.0,0.0,39.83,47.71,3.0,0
15.0,71.72,36.97,0.0,1.0,48.88,42.75,3.0,0
57.0,19.01,50.21,6.0,2.0,96.69,0.0,4.0,1
72.0,107.08,54.81,3.0,0.0,20.6,32.85,5.0,0
55.0,120.22,58.89,3.0,1.0,19.2,42.95,5.0,0
56.0,140.9,21.2,7.0,1.0,92.56,72.56,5.0,1
46.0,91.34,59.36,0.0,0.0,34.85,46.93,4.0,0
72.0,80.12,14.23,6.0,2.0,57.45,18.55,4.0,1
27.0,84.8,27.85,0.0,1.0,50.42,67.02,2.0,0
5.0,15.0,28.6,5.0,1.0,47.06,24.03,2.0,0
38.0,70.29,15.02,0.0,2.0,46.54,70.28,1.0,0
44.0,36.25,81.51,0.0,2.0,31.77,18.0,3.0,0
19.0,48.36,24.36,0.0,1.0,61.56,47.36,2.0,0
26.0,160.0,28.59,3.0,0.0,27.4,61.15,8.0,0
45.0,83.13,66.39,0.0,2.0,42.86,46.14,4.0,0
50.0,48.17,19.2,0.0,2.0,23.52,63.06,1.0,0
36.0,57.09,42.17,3.0,1.0,26.29,47.85,3.0,1
33.0,39.28,6.9,0.0,3.0,51.27,54.47,1.0,0
1.0,15.0,50.07,5.0,1.0,25.07,0.0,5.0,0
49.0,106.42,37.77,4.0,2.0,78.68,54.76,4.0,1
59.0,73.4,41.44,4.0,0.0,64.81,26.82,4.0,1
28.0,139.11,29.06,0.0,1.0,51.28,50.09,6.0,0
11.0,56.89,49.61,1.0,1.0,9.83,35.06,4.0,0
16.0,42.92,10.06,0.0,0.0,50.64,36.87,2.0,0
1.0,98.3,73.0,0.0,0.0,31.51,52.48,5.0,0
66.0,103.5,56.93,6.0,2.0,35.38,0.16,6.0,0
47.0,15.0,75.87,1.0,0.0,61.24,21.05,2.0,1
71.0,86.28,38.39,0.0,0.0,100.0,30.18,3.0,1
28.0,96.8,8.43,1.0,2.0,12.84,67.98,3.0,1
39.0,77.07,38.96,7.0,2.0,34.52,37.53,5.0,1
67.0,56.26,75.46,0.0,1.0,35.44,49.5,2.0,0
1.0,17.07,29.49,4.0,1.0,47.65,11.34,4.0,0
34.0,20.32,15.15,0.0,1.0,34.34,37.61,1.0,0
72.0,71.92,84.14,0.0,0.0,25.63,63.55,2.0,0
29.0,115.28,39.69,5.0,1.0,53.48,57.22,5.0,1
1.0,42.4,4.61,3.0,3.0,32.48,24.38,4.0,0
72.0,31.4,100.0,0.0,0.0,20.97,67.36,1.0,0
9.0,45.76,60.05,0.0,2.0,57.22,44.46,3.0,0
48.0,15.0,79.39,3.0,1.0,44.17,16.63,2.0,1
64.0,101.58,59.36,0.0,0.0,9.98,49.86,3.0,0
1.0,15.0,34.24,3.0,1.0,27.19,8.2,3.0,0
63.0,84.73,66.93,0.0,1.0,27.78,44.79,3.0,0
24.0,131.94,41.83,3.0,1.0,36.8,16.6,7.0,0
31.0,111.94,42.47,0.0,1.0,34.4,63.76,4.0,0
22.0,15.0,81.09,6.0,0.0,59.87,56.05,2.0,1
68.0,78.6,58.47,0.0,2.0,34.4,52.25,2.0,0
53.0,106.54,9.44,5.0,2.0,32.07,50.11,4.0,1
10.0,53.01,60.81,0.0,3.0,46.43,44.69,3.0,0
24.0,15.0,49.69,2.0,2.0,6.61,25.27,2.0,0
1.0,15.0,21.01,6.0,2.0,38.04,16.14,3.0,0
38.0,64.53,41.42,0.0,0.0,26.73,58.77,2.0,0
37.0,81.19,54.65,0.0,1.0,45.07,8.41,5.0,0
72.0,69.19,81.22,0.0,1.0,18.33,45.74,3.0,0
35.0,106.09,70.37,0.0,1.0,32.75,69.04,4.0,0
1.0,15.0,22.87,6.0,2.0,45.03,18.68,3.0,0
50.0,67.1,0.0,0.0,1.0,93.09,90.36,1.0,0
3.0,15.0,31.62,2.0,0.0,27.59,8.24,3.0,0
47.0,160.0,22.55,2.0,1.0,8.02,56.73,7.0,0
72.0,58.94,90.44,3.0,1.0,10.92,44.15,2.0,0
72.0,53.17,87.31,0.0,1.0,2.28,51.73,1.0,0
7.0,82.91,46.47,0.0,0.0,68.87,26.49,5.0,0
36.0,69.66,33.38,0.0,0.0,10.88,56.84,2.0,0
30.0,15.0,13.11,2.0,1.0,31.91,37.06,1.0,0
70.0,103.7,71.47,3.0,1.0,10.15,50.4,4.0,0
59.0,60.32,48.52,3.0,1.0,33.27,33.37,3.0,1
15.0,58.54,26.42,2.0,2.0,3.22,48.06,3.0,0
57.0,38.34,64.42,3.0,0.0,31.27,82.16,1.0,1
72.0,65.08,73.73,0.0,0.0,17.41,34.88,3.0,0
30.0,48.39,0.0,0.0,2.0,21.99,38.06,2.0,0
60.0,65.34,48.07,2.0,1.0,23.77,56.58,2.0,1
8.0,65.8,39.36,0.0,2.0,43.92,43.1,3.0,0
50.0,68.38,33.25,2.0,0.0,67.69,38.89,3.0,1
1.0,48.98,29.68,0.0,0.0,56.61,30.03,4.0,0
10.0,73.93,26.58,0.0,1.0,50.37,56.42,3.0,0
1.0,68.36,25.22,0.0,1.0,39.43,23.49,5.0,0
47.0,78.06,29.7,7.0,0.0,77.33,38.24,4.0,1
1.0,38.48,20.66,0.0,0.0,98.02,28.63,3.0,0
64.0,79.12,0.0,0.0,1.0,25.8,53.71,2.0,1
9.0,46.1,16.78,0.0,1.0,63.03,38.8,3.0,0
11.0,20.74,46.73,2.0,1.0,21.36,22.47,3.0,0
13.0,26.05,32.03,2.0,2.0,27.69,31.29,3.0,0
41.0,15.0,69.39,2.0,1.0,64.29,0.0,3.0,1
68.0,52.35,28.9,6.0,0.0,49.73,16.9,3.0,1
72.0,99.5,71.43,2.0,0.0,15.45,54.15,4.0,0
39.0,75.38,26.51,0.0,1.0,21.54,62.28,2.0,0
26.0,38.1,5.26,3.0,1.0,0.0,39.18,3.0,0
40.0,44.22,39.93,6.0,1.0,53.91,80.22,2.0,1
72.0,106.33,33.95,3.0,2.0,0.0,76.07,3.0,1
72.0,102.19,35.28,5.0,0.0,100.0,39.31,4.0,1
55.0,84.98,46.41,0.0,3.0,83.46,27.76,4.0,1
55.0,15.0,85.47,6.0,0.0,58.2,0.0,4.0,1
59.0,15.0,98.7,0.0,0.0,44.47,55.86,1.0,0
12.0,72.68,39.0,0.0,2.0,58.95,44.54,3.0,0
45.0,56.74,36.57,0.0,4.0,0.0,60.35,2.0,0
67.0,86.06,39.63,2.0,0.0,80.51,25.83,4.0,1
54.0,39.99,45.3,0.0,2.0,0.0,53.58,1.0,0
29.0,91.19,21.74,0.0,1.0,0.57,46.83,3.0,0
44.0,69.38,28.29,5.0,1.0,49.22,15.38,5.0,1
62.0,60.47,76.07,0.0,3.0,13.13,53.5,1.0,0
65.0,94.07,74.19,3.0,0.0,23.48,33.43,5.0,0
50.0,94.93,27.81,0.0,3.0,17.16,87.06,2.0,0
6.0,53.68,58.24,0.0,3.0,29.22,36.57,4.0,0
7.0,142.61,21.27,0.0,0.0,53.62,60.6,5.0,0
21.0,44.87,37.29,0.0,2.0,46.98,52.9,2.0,0
14.0,17.09,4.37,3.0,1.0,22.33,24.04,3.0,0
47.0,92.17,25.98,9.0,0.0,49.25,32.14,5.0,1
32.0,78.47,34.3,0.0,0.0,0.0,68.0,3.0,0
62.0,84.72,65.17,0.0,1.0,30.14,52.46,3.0,0
45.0,96.02,26.07,6.0,2.0,51.18,58.67,4.0,1
65.0,63.08,84.38,0.0,0.0,25.73,54.72,2.0,0
1.0,34.95,38.41,3.0,0.0,24.41,15.35,4.0,0
28.0,79.82,34.86,0.0,2.0,0.11,59.67,3.0,0
51.0,110.46,46.4,1.0,3.0,37.64,41.94,5.0,1
49.0,69.32,40.02,5.0,1.0,43.95,2.46,5.0,1
1.0,60.64,67.37,0.0,2.0,68.92,44.31,4.0,0
37.0,63.74,39.82,5.0,1.0,57.41,23.43,4.0,1
31.0,140.88,30.48,1.0,0.0,37.83,47.47,6.0,0
36.0,68.23,60.5,0.0,2.0,58.84,41.72,3.0,0
54.0,24.94,97.13,0.0,2.0,31.52,24.69,2.0,0
13.0,30.47,9.95,2.0,1.0,26.27,32.43,3.0,0
70.0,32.52,75.34,0.0,1.0,90.8,0.0,3.0,1
52.0,132.09,32.96,3.0,1.0,82.73,63.07,5.0,1
65.0,119.99,47.02,1.0,1.0,17.3,51.28,4.0,0
1.0,42.16,47.81,1.0,2.0,46.17,33.74,4.0,0
70.0,79.31,73.03,1.0,1.0,25.29,26.51,4.0,0
12.0,23.99,33.46,0.0,0.0,80.67,36.82,2.0,0
1.0,16.49,42.75,1.0,2.0,69.85,24.82,3.0,0
20.0,41.57,57.29,0.0,1.0,11.54,35.19,3.0,0
70.0,112.97,54.95,0.0,1.0,17.1,61.48,3.0,0
1.0,45.0,48.56,0.0,1.0,38.79,15.4,4.0,0
35.0,29.96,25.51,0.0,2.0,32.04,40.62,1.0,0
34.0,15.0,78.0,0.0,1.0,36.68,41.33,2.0,1
53.0,25.26,65.92,8.0,0.0,66.92,0.0,4.0,1
72.0,74.17,83.01,0.0,0.0,12.35,54.5,2.0,0
72.0,50.23,57.0,6.0,2.0,42.62,44.41,3.0,1
26.0,145.82,48.54,3.0,3.0,26.62,49.68,7.0,0
30.0,68.4,29.3,0.0,0.0,12.23,55.08,3.0,0
17.0,54.59,43.61,0.0,2.0,3.91,39.38,3.0,0
20.0,45.66,49.1,0.0,2.0,34.03,42.29,2.0,0
24.0,40.59,22.99,3.0,1.0,11.97,49.34,2.0,0
72.0,87.85,64.44,1.0,1.0,26.54,48.98,3.0,0
64.0,57.99,98.16,0.0,0.0,19.25,47.15,3.0,0
44.0,137.76,34.14,0.0,3.0,30.28,65.86,4.0,0
39.0,43.05,49.95,3.0,0.0,41.78,33.49,3.0,1
66.0,117.36,57.98,2.0,0.0,24.83,52.87,4.0,0
29.0,34.95,47.56,2.0,2.0,0.0,34.72,3.0,0
23.0,30.32,33.79,2.0,0.0,22.42,43.16,2.0,0
65.0,49.23,77.57,0.0,1.0,25.8,31.0,2.0,0
16.0,15.0,0.0,4.0,1.0,40.29,24.78,2.0,0
28.0,59.2,59.61,0.0,0.0,55.88,35.18,3.0,0
69.0,97.97,72.28,4.0,1.0,18.48,34.11,5.0,0
39.0,105.22,33.78,6.0,1.0,46.56,33.07,6.0,1
37.0,105.35,39.85,0.0,0.0,48.63,31.42,5.0,0
45.0,81.11,64.6,0.0,3.0,34.33,63.49,2.0,0
17.0,28.15,43.87,2.0,0.0,40.95,44.29,2.0,0
48.0,109.0,27.29,2.0,3.0,0.0,79.76,3.0,1
36.0,104.89,56.43,2.0,0.0,41.48,37.56,5.0,0
39.0,81.73,58.37,0.0,1.0,9.02,81.92,2.0,0
72.0,64.45,78.9,0.0,0.0,24.24,80.74,1.0,0
32.0,160.0,22.18,1.0,2.0,40.79,51.81,7.0,0
10.0,15.0,82.37,3.0,0.0,85.77,3.79,2.0,1
44.0,52.41,76.91,0.0,3.0,0.0,85.21,1.0,1
59.0,77.48,63.58,7.0,0.0,86.27,5.12,5.0,1
72.0,59.75,70.63,0.0,1.0,10.78,45.5,1.0,1
45.0,101.59,39.7,2.0,0.0,41.26,3.12,6.0,0
71.0,52.78,77.5,0.0,1.0,30.05,37.16,2.0,0
16.0,87.82,24.0,0.0,2.0,83.73,70.22,2.0,0
8.0,151.8,22.04,2.0,1.0,58.24,34.43,7.0,0
72.0,130.99,64.95,6.0,0.0,0.0,49.73,5.0,0
9.0,47.16,0.0,3.0,0.0,39.67,46.72,3.0,0
59.0,83.28,30.59,9.0,1.0,34.93,32.87,5.0,1
64.0,90.29,16.42,8.0,0.0,46.95,52.75,4.0,1
26.0,75.52,37.88,0.0,1.0,27.56,53.17,3.0,0
72.0,94.71,67.28,2.0,3.0,19.54,61.74,3.0,0
37.0,116.48,52.25,0.0,0.0,30.1,64.54,4.0,0
20.0,74.13,39.1,0.0,1.0,9.09,49.65,4.0,0
59.0,81.7,64.03,4.0,4.0,35.95,7.78,5.0,0
72.0,70.11,71.75,2.0,1.0,23.12,24.04,3.0,0
53.0,70.03,33.19,3.0,1.0,53.42,15.98,4.0,1
35.0,155.89,23.33,2.0,1.0,36.63,48.83,6.0,0
45.0,98.15,67.45,0.0,3.0,30.26,86.26,2.0,0
72.0,88.8,72.62,1.0,2.0,0.0,77.7,2.0,1
52.0,133.76,25.7,4.0,2.0,92.12,78.23,4.0,1
8.0,15.0,8.74,1.0,1.0,93.52,19.49,1.0,0
57.0,101.86,57.54,1.0,1.0,29.44,40.38,4.0,0
42.0,38.19,68.71,5.0,1.0,26.1,6.57,4.0,1
72.0,26.28,100.0,1.0,3.0,15.88,27.35,2.0,0
60.0,110.39,60.67,4.0,0.0,16.52,20.01,6.0,0
16.0,40.99,17.26,0.0,0.0,80.74,48.03,2.0,0
59.0,42.23,81.28,0.0,1.0,0.0,48.08,2.0,1
28.0,65.94,27.91,0.0,1.0,0.0,51.99,3.0,0
1.0,15.0,46.4,5.0,0.0,35.45,0.0,5.0,0
45.0,67.44,62.21,0.0,1.0,51.11,46.81,3.0,0
40.0,33.89,63.98,7.0,0.0,41.96,41.38,3.0,1
72.0,47.43,77.45,6.0,0.0,29.66,26.18,3.0,1
66.0,56.4,62.31,0.0,1.0,37.34,36.13,2.0,0
48.0,132.37,46.9,0.0,2.0,17.25,52.91,5.0,0
49.0,82.13,61.65,1.0,0.0,36.2,28.67,4.0,0
33.0,78.02,33.64,0.0,2.0,35.29,64.37,2.0,0
59.0,23.62,52.34,0.0,0.0,52.39,67.43,1.0,0
32.0,104.6,36.74,0.0,0.0,0.0,68.69,3.0,0
50.0,116.44,53.45,0.0,2.0,23.43,62.35,4.0,0
16.0,27.94,34.47,1.0,0.0,45.19,40.86,2.0,0
33.0,52.62,22.81,0.0,0.0,43.47,42.6,2.0,0
6.0,25.97,26.98,2.0,1.0,23.55,28.52,3.0,0
34.0,15.0,89.9,2.0,1.0,100.0,5.72,1.0,1
16.0,85.32,32.07,0.0,3.0,22.59,48.63,4.0,0
57.0,93.2,58.95,2.0,0.0,33.61,26.11,5.0,0
45.0,18.57,20.77,0.0,3.0,25.79,50.69,1.0,0
50.0,71.1,72.09,0.0,2.0,37.79,43.81,3.0,0
54.0,99.3,26.84,1.0,1.0,70.03,45.26,4.0,1
55.0,98.23,49.01,4.0,1.0,91.48,31.46,5.0,1
35.0,105.48,29.96,3.0,0.0,59.61,0.0,7.0,0
16.0,59.2,37.26,1.0,0.0,17.16,40.19,3.0,0
7.0,50.8,22.19,0.0,2.0,50.57,34.6,3.0,0
38.0,15.0,71.72,3.0,1.0,87.29,24.06,2.0,1
22.0,144.92,26.71,0.0,3.0,37.73,69.11,5.0,0
28.0,49.3,18.12,1.0,0.0,14.01,50.17,2.0,0
27.0,63.03,37.4,0.0,2.0,36.91,51.37,3.0,0
69.0,127.37,58.08,4.0,0.0,19.8,40.73,5.0,0
17.0,113.98,36.68,0.0,1.0,35.42,64.53,3.0,0
60.0,71.14,74.62,1.0,0.0,30.73,28.52,4.0,0
1.0,55.75,42.86,0.0,1.0,39.38,30.86,4.0,0
53.0,89.33,62.93,0.0,2.0,31.45,58.52,3.0,0
72.0,30.95,88.8,0.0,1.0,37.0,39.23,1.0,0
72.0,28.75,92.9,0.0,2.0,12.8,100.0,1.0,1
24.0,52.85,40.42,0.0,2.0,24.65,58.35,2.0,0
54.0,93.48,31.06,3.0,2.0,87.02,67.05,3.0,1
72.0,81.95,27.9,4.0,0.0,58.85,5.9,4.0,1
34.0,98.16,51.98,1.0,1.0,41.25,17.79,5.0,0
56.0,76.55,34.36,7.0,2.0,77.56,23.53,5.0,1
26.0,15.0,77.97,4.0,0.0,38.45,30.69,3.0,1
19.0,65.3,41.6,0.0,1.0,25.73,48.2,3.0,0
22.0,50.18,32.61,0.0,0.0,55.19,43.9,2.0,0
71.0,70.15,90.35,1.0,2.0,4.15,28.02,4.0,0
43.0,85.67,59.95,7.0,2.0,95.43,47.68,5.0,1
23.0,64.59,35.08,1.0,1.0,10.69,52.96,3.0,0
39.0,38.32,56.97,4.0,0.0,39.77,12.91,4.0,1
32.0,104.87,9.3,6.0,2.0,12.66,42.3,5.0,1
42.0,106.08,41.92,0.0,1.0,31.57,23.13,5.0,0
48.0,62.12,29.67,2.0,0.0,45.54,49.86,3.0,1
41.0,92.51,53.05,0.0,2.0,48.88,61.55,3.0,0
1.0,38.75,35.8,1.0,3.0,68.73,35.89,3.0,0
47.0,92.79,37.76,3.0,3.0,89.46,44.91,4.0,1
72.0,15.0,97.09,4.0,1.0,37.92,36.4,2.0,1
69.0,60.38,63.98,1.0,2.0,3.3,83.65,1.0,1
27.0,69.12,67.63,0.0,0.0,44.94,15.47,4.0,0
24.0,37.32,51.41,0.0,0.0,50.13,47.25,2.0,0
68.0,103.78,18.71,3.0,2.0,82.7,64.88,3.0,1
32.0,62.02,48.17,4.0,1.0,9.11,36.26,4.0,1
35.0,33.0,15.24,1.0,0.0,26.55,49.95,1.0,0
68.0,76.19,71.96,2.0,0.0,32.31,33.58,4.0,0
33.0,93.45,42.86,0.0,0.0,39.08,73.08,2.0,0
37.0,15.0,20.89,0.0,4.0,41.49,26.99,1.0,0
58.0,112.14,30.89,3.0,2.0,77.04,47.82,4.0,1
47.0,117.15,10.26,0.0,0.0,58.29,60.76,3.0,1
72.0,18.09,100.0,0.0,2.0,3.36,60.45,1.0,1
25.0,77.55,24.96,0.0,0.0,33.73,58.71,3.0,0
63.0,76.98,27.67,4.0,0.0,59.46,22.87,4.0,1
55.0,37.9,44.6,2.0,0.0,62.74,39.39,2.0,1
62.0,25.02,85.38,0.0,2.0,41.86,29.56,1.0,0
57.0,75.48,35.66,1.0,1.0,71.0,34.84,3.0,1
42.0,99.74,54.03,0.0,1.0,38.1,57.04,3.0,0
58.0,25.29,72.3,5.0,1.0,51.8,7.31,3.0,1
30.0,77.27,25.78,0.0,1.0,76.61,69.65,2.0,0
14.0,75.33,33.57,0.0,1.0,11.55,44.47,4.0,0
64.0,96.7,62.11,3.0,1.0,21.11,29.13,5.0,0
35.0,68.02,69.4,0.0,1.0,40.59,30.55,4.0,0
35.0,93.61,50.52,0.0,0.0,33.69,44.65,4.0,0
38.0,47.63,34.71,10.0,1.0,66.65,14.59,5.0,1
72.0,97.74,64.31,2.0,0.0,16.66,60.42,3.0,0
69.0,41.08,56.31,1.0,1.0,46.08,62.12,1.0,1
71.0,69.98,52.49,5.0,1.0,21.57,68.27,3.0,1
17.0,55.28,41.06,3.0,0.0,0.0,48.47,4.0,0
1.0,144.29,17.21,0.0,2.0,62.05,44.47,6.0,0
50.0,103.22,8.19,8.0,1.0,54.13,76.28,4.0,1
50.0,61.64,56.88,2.0,2.0,8.81,41.69,3.0,1
69.0,89.55,43.76,2.0,2.0,89.83,18.14,4.0,1
1.0,21.89,34.68,2.0,2.0,79.64,26.49,3.0,0
1.0,15.0,2.33,3.0,1.0,78.59,22.87,3.0,0
71.0,66.81,37.4,5.0,2.0,97.86,19.0,4.0,1
13.0,32.24,28.81,2.0,1.0,35.03,31.11,3.0,0
23.0,35.43,22.83,2.0,0.0,19.61,44.87,2.0,0
37.0,57.65,11.16,0.0,2.0,13.62,61.09,2.0,0
66.0,94.0,61.94,1.0,0.0,20.46,35.3,4.0,0
18.0,22.1,18.81,1.0,1.0,38.66,28.97,2.0,0
3.0,35.45,57.71,0.0,1.0,58.94,37.11,3.0,0
39.0,119.91,22.82,6.0,0.0,47.88,56.64,5.0,1
65.0,42.79,65.52,2.0,2.0,98.85,16.03,3.0,1
72.0,128.99,24.25,7.0,0.0,78.36,44.8,5.0,1
35.0,43.92,19.81,0.0,1.0,16.71,49.81,2.0,0
5.0,40.45,23.61,4.0,1.0,0.0,23.68,4.0,0
72.0,88.95,11.49,6.0,2.0,61.1,57.75,3.0,1
1.0,65.12,39.46,3.0,2.0,11.59,26.19,5.0,0
49.0,128.7,51.19,1.0,0.0,22.26,49.47,5.0,0
45.0,108.39,56.79,1.0,0.0,32.19,39.59,5.0,0
57.0,117.15,49.06,0.0,1.0,19.52,52.26,4.0,0
2.0,54.91,48.5,1.0,0.0,31.4,33.01,4.0,0
30.0,89.61,52.98,0.0,1.0,41.76,57.75,3.0,0
41.0,71.2,64.49,0.0,1.0,50.04,29.36,4.0,0
1.0,15.0,13.22,3.0,0.0,68.1,7.6,3.0,0
60.0,30.5,98.58,0.0,1.0,37.6,41.54,2.0,0
67.0,68.8,69.74,0.0,0.0,34.21,38.82,3.0,0
2.0,24.42,31.52,0.0,3.0,67.48,26.56,3.0,0
67.0,134.38,46.41,3.0,2.0,19.07,47.96,5.0,0
22.0,52.39,38.78,4.0,0.0,34.65,56.17,3.0,1
48.0,94.79,65.23,0.0,1.0,32.85,52.22,4.0,0
68.0,69.26,16.75,4.0,1.0,83.62,41.82,3.0,1
69.0,68.92,54.42,5.0,1.0,20.23,6.4,5.0,1
1.0,69.67,52.01,2.0,1.0,14.32,27.35,5.0,0
55.0,15.0,74.32,3.0,2.0,62.78,18.34,2.0,1
72.0,99.11,77.07,1.0,1.0,14.25,77.43,3.0,0
15.0,91.99,39.44,5.0,1.0,0.0,81.77,4.0,1
26.0,63.45,35.73,9.0,2.0,31.13,42.27,5.0,1
24.0,21.78,20.14,0.0,0.0,26.44,26.7,2.0,0
41.0,62.32,47.75,0.0,2.0,28.22,65.18,2.0,0
58.0,71.19,30.77,6.0,2.0,46.68,46.59,4.0,1
72.0,43.58,79.68,0.0,1.0,41.53,30.89,2.0,0
72.0,78.53,52.07,2.0,1.0,11.21,40.5,3.0,1
61.0,42.48,31.12,2.0,0.0,62.67,31.57,2.0,1
17.0,55.47,72.57,0.0,1.0,50.3,13.01,4.0,0
50.0,43.8,58.17,4.0,2.0,32.77,37.75,3.0,1
69.0,66.84,45.33,7.0,1.0,32.66,38.03,4.0,1
50.0,129.68,2.71,7.0,2.0,0.91,47.42,6.0,1
66.0,78.05,29.14,2.0,2.0,91.71,37.06,3.0,1
53.0,69.38,51.31,4.0,1.0,10.73,57.62,3.0,1
72.0,97.59,13.06,2.0,1.0,65.13,28.38,3.0,1
58.0,60.4,85.38,0.0,0.0,33.72,53.86,2.0,0
1.0,15.0,27.65,6.0,0.0,53.78,0.0,4.0,0
22.0,70.46,15.78,0.0,0.0,65.72,59.38,2.0,0
11.0,15.0,49.83,5.0,2.0,16.2,16.96,3.0,0
53.0,60.32,78.82,0.0,2.0,36.8,32.54,3.0,0
1.0,15.0,20.22,5.0,3.0,73.02,1.63,3.0,0
29.0,58.57,35.75,0.0,2.0,16.13,49.62,2.0,0
45.0,42.04,77.36,1.0,2.0,3.23,52.93,2.0,1
45.0,96.77,64.45,0.0,2.0,30.43,75.79,3.0,0
71.0,93.22,31.59,3.0,2.0,96.88,47.38,3.0,1
72.0,95.71,26.54,4.0,1.0,79.15,28.0,4.0,1
51.0,53.24,15.49,0.0,1.0,56.79,72.99,1.0,0
2.0,26.48,27.31,4.0,1.0,18.52,29.41,3.0,0
21.0,31.47,36.95,0.0,0.0,57.55,43.23,2.0,0
59.0,71.19,77.12,0.0,1.0,41.95,64.99,2.0,0
51.0,65.47,35.88,4.0,0.0,34.79,44.4,3.0,1
72.0,47.09,82.59,1.0,2.0,27.06,28.08,2.0,0
40.0,108.43,59.18,1.0,2.0,30.82,47.05,5.0,0
6.0,15.0,43.35,4.0,1.0,15.14,11.31,3.0,0
62.0,111.1,56.15,2.0,2.0,28.49,46.95,4.0,0
43.0,15.0,85.1,0.0,0.0,42.83,45.82,1.0,1
1.0,111.2,52.56,0.0,2.0,60.1,86.09,4.0,0
1.0,76.41,48.65,0.0,0.0,67.22,42.52,4.0,0
38.0,123.71,42.39,0.0,0.0,29.74,31.77,5.0,0
44.0,93.29,0.0,10.0,2.0,18.99,60.61,4.0,1
65.0,106.55,45.65,4.0,3.0,33.4,12.7,6.0,0
72.0,125.97,66.62,1.0,2.0,0.61,88.15,3.0,0
37.0,15.0,32.29,1.0,0.0,29.12,37.28,1.0,0
56.0,105.88,54.15,2.0,2.0,27.76,39.43,5.0,0
4.0,16.91,24.58,3.0,0.0,13.6,16.0,3.0,0
58.0,94.22,51.14,0.0,1.0,100.0,44.38,3.0,1
46.0,111.32,52.64,0.0,1.0,40.03,58.98,4.0,0
32.0,61.35,8.58,0.0,0.0,9.88,45.3,2.0,0
50.0,76.11,35.0,5.0,1.0,63.54,52.86,3.0,0
27.0,52.54,49.1,0.0,1.0,18.32,49.48,3.0,0
8.0,62.45,25.43,1.0,0.0,23.62,39.28,4.0,0
12.0,15.0,23.06,2.0,1.0,49.18,26.74,2.0,0
39.0,133.7,48.73,1.0,0.0,24.66,38.74,6.0,0
32.0,94.48,51.76,3.0,1.0,50.18,27.3,5.0,1
72.0,84.69,71.12,1.0,0.0,25.7,58.87,3.0,0
72.0,92.1,61.76,1.0,2.0,19.98,48.21,3.0,0
41.0,15.0,64.53,3.0,3.0,58.16,38.54,2.0,1
56.0,140.0,42.42,0.0,1.0,5.19,57.61,5.0,0
53.0,82.83,74.4,0.0,2.0,25.71,45.54,4.0,0
47.0,61.68,30.72,6.0,1.0,51.33,34.36,4.0,1
72.0,132.97,35.52,1.0,1.0,100.0,37.01,4.0,1
34.0,15.0,65.05,7.0,0.0,59.87,24.93,3.0,1
58.0,130.98,48.22,0.0,1.0,15.55,68.74,4.0,0
49.0,88.88,58.78,2.0,1.0,36.99,23.44,5.0,0
72.0,120.11,53.7,2.0,0.0,4.79,40.96,5.0,0
16.0,47.36,28.52,0.0,1.0,38.8,39.28,3.0,0
23.0,24.02,75.7,4.0,1.0,14.11,53.68,3.0,1
72.0,44.14,92.72,2.0,2.0,9.86,23.71,2.0,0
60.0,72.36,63.26,2.0,1.0,33.82,13.74,4.0,0
68.0,81.86,46.3,3.0,0.0,100.0,36.51,3.0,1
58.0,126.71,10.96,7.0,2.0,78.87,88.65,4.0,1
72.0,61.81,39.04,6.0,0.0,58.82,39.06,3.0,1
20.0,102.52,47.02,0.0,3.0,63.35,58.79,4.0,0
18.0,40.34,16.73,2.0,0.0,43.65,48.25,2.0,0
41.0,85.25,38.07,10.0,1.0,60.05,45.44,5.0,1
19.0,56.85,62.1,0.0,1.0,15.22,39.92,3.0,0
54.0,41.44,71.47,3.0,0.0,20.64,53.99,2.0,1
1.0,27.26,16.8,4.0,1.0,9.48,19.42,4.0,0
9.0,58.76,60.49,1.0,2.0,0.0,32.09,4.0,0
21.0,86.51,38.43,0.0,0.0,27.21,51.29,3.0,0
44.0,30.35,26.71,0.0,2.0,43.02,62.3,1.0,0
3.0,15.0,30.86,1.0,2.0,88.18,22.45,2.0,0
65.0,83.66,40.94,4.0,1.0,8.24,42.83,4.0,1
39.0,94.78,27.52,3.0,1.0,64.18,75.74,3.0,1
5.0,35.96,53.85,0.0,0.0,55.92,23.51,3.0,0
41.0,33.64,70.44,6.0,1.0,34.2,11.86,4.0,1
49.0,125.14,43.34,2.0,1.0,29.26,21.33,6.0,0
72.0,99.06,73.41,7.0,2.0,9.3,7.24,6.0,0
49.0,83.18,32.9,7.0,1.0,53.83,39.37,4.0,1
69.0,140.28,40.0,3.0,2.0,7.03,24.9,6.0,0
61.0,27.59,89.34,0.0,1.0,43.68,32.32,2.0,0
70.0,55.22,92.12,3.0,2.0,29.88,24.48,4.0,0
62.0,41.38,78.88,0.0,2.0,33.4,36.42,2.0,0
63.0,62.75,56.25,3.0,0.0,85.15,12.2,4.0,1
72.0,69.18,75.67,1.0,1.0,18.8,22.95,3.0,0
45.0,120.01,45.51,0.0,1.0,31.81,59.68,4.0,0
38.0,45.57,20.49,0.0,0.0,50.47,64.38,1.0,0
50.0,117.72,24.38,7.0,1.0,70.54,69.12,5.0,1
45.0,117.17,44.28,0.0,2.0,32.62,55.0,4.0,0
14.0,20.87,42.54,1.0,1.0,36.74,30.7,3.0,0
42.0,47.85,31.59,2.0,0.0,26.12,6.09,4.0,1
8.0,42.55,20.18,1.0,0.0,28.91,29.5,3.0,0
43.0,48.24,23.93,0.0,2.0,24.19,53.45,1.0,0
60.0,54.85,37.47,6.0,0.0,58.49,42.38,3.0,1
9.0,15.0,28.53,4.0,0.0,49.57,29.07,2.0,0
9.0,78.24,32.56,1.0,2.0,15.66,44.32,4.0,0
27.0,80.66,25.88,0.0,2.0,18.76,58.68,3.0,0
41.0,122.3,11.38,6.0,1.0,25.15,52.25,5.0,1
24.0,48.01,38.59,2.0,2.0,0.0,32.98,3.0,0
72.0,47.14,85.1,0.0,0.0,28.87,47.95,1.0,0
44.0,101.89,36.55,1.0,1.0,87.31,57.29,4.0,1
59.0,58.6,53.36,4.0,1.0,23.15,81.24,2.0,1
19.0,46.91,49.29,0.0,0.0,35.06,45.38,3.0,0
41.0,31.12,19.38,0.0,1.0,32.86,55.37,1.0,0
71.0,57.23,46.2,1.0,1.0,94.35,17.55,3.0,1
35.0,23.81,25.98,0.0,0.0,21.69,43.88,1.0,0
56.0,71.55,29.56,4.0,1.0,39.65,44.98,3.0,1
63.0,126.67,26.72,3.0,2.0,98.17,76.26,4.0,1
71.0,17.35,66.57,3.0,0.0,74.41,57.45,1.0,1
72.0,91.95,63.39,2.0,0.0,5.53,33.48,4.0,0
44.0,79.69,26.38,0.0,0.0,13.24,73.86,2.0,0
47.0,15.0,72.76,3.0,0.0,62.27,48.55,1.0,1
33.0,60.22,25.73,0.0,0.0,35.0,58.5,2.0,0
18.0,73.24,43.72,0.0,2.0,44.04,52.89,3.0,0
27.0,44.17,23.83,0.0,1.0,24.31,46.08,2.0,0
31.0,159.13,29.1,2.0,0.0,31.37,45.69,7.0,0
72.0,86.67,66.37,0.0,2.0,27.68,55.69,3.0,0
1.0,72.13,0.0,2.0,0.0,30.48,37.17,4.0,0
12.0,15.0,26.6,4.0,0.0,28.32,24.9,2.0,0
45.0,134.68,32.49,0.0,2.0,24.15,49.18,5.0,0
65.0,87.23,58.04,1.0,0.0,33.56,35.88,4.0,0
15.0,44.16,44.85,0.0,2.0,26.65,33.52,3.0,0
56.0,68.76,30.71,5.0,1.0,48.27,29.23,4.0,1
25.0,23.4,30.56,0.0,1.0,82.22,64.13,1.0,0
19.0,47.36,42.69,0.0,3.0,53.61,52.67,2.0,0
51.0,99.03,66.93,0.0,0.0,17.45,67.58,3.0,0
72.0,65.02,89.71,3.0,2.0,12.27,42.4,3.0,0
63.0,119.45,41.36,1.0,0.0,19.0,41.51,4.0,0
49.0,18.59,56.83,2.0,1.0,68.28,42.25,1.0,1
72.0,126.29,61.99,7.0,0.0,1.67,33.21,5.0,0
50.0,75.11,17.11,4.0,2.0,44.31,32.63,4.0,1
72.0,47.86,88.43,0.0,3.0,26.66,62.81,1.0,0
62.0,18.32,68.69,1.0,0.0,56.94,14.46,2.0,1
41.0,129.79,25.84,0.0,1.0,38.07,66.96,4.0,0
41.0,117.54,44.54,1.0,1.0,51.23,54.79,5.0,0
67.0,49.37,86.3,0.0,1.0,23.13,36.36,2.0,0
59.0,40.65,83.84,0.0,1.0,0.0,65.03,1.0,1
66.0,119.38,64.25,1.0,0.0,26.29,78.21,4.0,0
72.0,90.58,91.46,7.0,1.0,3.74,33.7,4.0,0
33.0,109.5,37.66,0.0,0.0,45.66,57.27,4.0,0
55.0,87.5,37.04,1.0,2.0,56.35,18.72,4.0,1
72.0,46.82,43.47,3.0,1.0,70.56,3.39,3.0,1
61.0,72.67,65.9,0.0,0.0,30.28,30.01,3.0,0
72.0,88.86,79.76,3.0,2.0,7.96,35.34,4.0,0
37.0,118.7,43.62,0.0,1.0,39.98,45.1,5.0,0
40.0,38.78,43.48,0.0,1.0,20.86,49.58,1.0,0
1.0,15.0,18.73,4.0,0.0,57.71,3.14,3.0,0
21.0,112.76,33.93,0.0,0.0,50.34,23.58,6.0,0
71.0,68.55,61.73,0.0,0.0,37.37,46.62,2.0,0
44.0,102.06,29.05,0.0,1.0,51.12,48.0,4.0,0
22.0,36.21,0.0,0.0,2.0,50.78,47.98,2.0,0
67.0,80.6,71.14,3.0,1.0,30.23,16.74,4.0,0
66.0,89.38,59.74,0.0,0.0,24.15,44.02,3.0,0
30.0,112.94,39.47,1.0,0.0,48.52,29.75,6.0,0
52.0,48.27,22.7,10.0,0.0,96.14,0.0,5.0,1
68.0,160.0,21.44,3.0,0.0,17.44,57.9,6.0,0
42.0,70.48,37.31,0.0,2.0,28.11,70.7,1.0,0
71.0,117.97,56.77,3.0,1.0,19.61,44.67,5.0,0
72.0,86.73,48.12,3.0,0.0,5.85,49.63,3.0,1
18.0,54.72,24.94,0.0,1.0,30.58,31.11,3.0,0
72.0,22.51,61.31,4.0,2.0,72.29,24.84,2.0,1
57.0,133.6,8.31,5.0,2.0,76.02,85.69,4.0,1
43.0,83.05,23.95,0.0,1.0,49.53,46.62,3.0,1
1.0,43.94,48.72,2.0,1.0,25.34,11.53,5.0,0
72.0,46.76,77.3,0.0,2.0,26.75,43.92,1.0,0
26.0,94.34,32.03,5.0,1.0,32.0,40.15,5.0,1
25.0,72.63,59.29,0.0,1.0,44.0,33.11,4.0,0
72.0,56.2,89.15,0.0,1.0,23.79,62.21,1.0,0
29.0,82.21,35.78,0.0,0.0,45.76,65.9,2.0,0
49.0,24.5,63.42,3.0,3.0,50.23,36.6,2.0,1
50.0,82.85,44.84,2.0,1.0,0.0,64.75,3.0,1
43.0,59.0,64.48,0.0,1.0,36.94,32.51,3.0,0
24.0,62.06,3.25,0.0,2.0,26.15,47.15,3.0,0
62.0,64.0,70.09,0.0,1.0,42.41,59.14,2.0,0
65.0,84.32,68.99,0.0,2.0,32.41,53.81,3.0,0
5.0,42.54,43.45,0.0,2.0,30.37,32.56,3.0,0
67.0,48.59,68.08,0.0,1.0,11.58,48.27,2.0,1
62.0,109.03,47.31,3.0,1.0,33.63,30.31,5.0,0
72.0,121.54,72.68,0.0,1.0,0.0,100.0,2.0,0
50.0,49.2,87.31,0.0,0.0,26.3,7.59,4.0,0
1.0,40.23,26.36,1.0,2.0,73.63,32.93,3.0,0
24.0,64.89,34.96,0.0,1.0,1.96,47.68,3.0,0
15.0,71.8,28.56,1.0,1.0,13.51,45.76,4.0,0
32.0,102.68,55.02,0.0,3.0,37.97,70.47,3.0,0
66.0,113.79,15.94,8.0,3.0,65.02,49.81,5.0,1
20.0,30.77,35.86,1.0,2.0,20.81,32.56,3.0,0
63.0,100.88,42.59,1.0,1.0,31.36,30.7,4.0,0
53.0,83.71,18.58,5.0,2.0,27.31,84.21,2.0,1
51.0,60.5,24.48,0.0,1.0,60.49,73.27,1.0,0
42.0,84.14,60.4,3.0,0.0,0.0,62.2,4.0,1
72.0,105.24,61.78,0.0,1.0,15.79,77.19,2.0,0
55.0,68.3,83.83,1.0,1.0,32.73,45.5,3.0,0
49.0,82.53,57.18,0.0,0.0,49.09,50.84,3.0,0
52.0,97.27,42.7,2.0,4.0,44.77,15.96,5.0,0
65.0,56.35,68.04,0.0,2.0,32.75,9.8,3.0,0
33.0,82.5,32.44,0.0,0.0,0.61,60.62,3.0,0
31.0,160.0,20.66,1.0,1.0,32.61,72.16,6.0,0
17.0,94.98,11.26,1.0,2.0,0.0,53.98,4.0,0
12.0,88.25,45.63,0.0,0.0,59.76,47.58,3.0,0
12.0,53.75,21.0,0.0,3.0,37.48,38.14,3.0,0
48.0,69.51,59.44,7.0,1.0,0.0,57.31,4.0,1
64.0,111.49,54.36,0.0,0.0,37.62,85.89,3.0,0
43.0,138.54,39.71,2.0,1.0,30.78,37.68,6.0,0
40.0,119.83,51.25,0.0,2.0,27.01,48.1,5.0,0
11.0,41.26,56.17,3.0,0.0,0.41,34.26,4.0,0
57.0,29.73,85.79,0.0,2.0,11.12,25.08,2.0,1
55.0,65.76,65.95,1.0,1.0,32.01,4.76,4.0,0
36.0,117.57,37.12,0.0,3.0,44.18,69.47,4.0,0
72.0,28.43,100.0,1.0,1.0,13.27,30.95,2.0,0
65.0,106.36,51.86,0.0,2.0,30.98,57.74,3.0,0
20.0,94.18,25.5,0.0,2.0,14.98,52.45,4.0,0
10.0,26.5,23.01,1.0,0.0,50.9,32.55,2.0,0
66.0,44.08,72.08,1.0,2.0,19.18,67.11,1.0,1
1.0,72.44,22.06,2.0,2.0,1.03,36.94,5.0,0
72.0,105.47,71.38,4.0,0.0,4.96,42.32,4.0,0
19.0,61.15,47.82,1.0,0.0,4.2,48.77,3.0,0
48.0,99.42,42.65,0.0,2.0,92.47,59.13,3.0,1
47.0,54.81,20.01,0.0,1.0,38.82,69.53,1.0,0
1.0,28.95,42.31,4.0,0.0,14.29,14.86,4.0,0
38.0,68.45,41.2,0.0,0.0,25.51,64.38,2.0,0
33.0,15.0,63.13,6.0,1.0,68.86,31.15,3.0,1
61.0,45.39,94.68,1.0,0.0,20.71,15.56,3.0,0
31.0,65.9,70.39,0.0,2.0,38.62,38.74,3.0,0
71.0,105.81,41.09,3.0,2.0,100.0,39.02,4.0,1
8.0,61.04,44.09,0.0,1.0,37.39,31.25,4.0,0
51.0,82.86,27.48,5.0,1.0,56.93,49.29,4.0,1
50.0,15.0,94.05,6.0,0.0,58.15,30.25,2.0,1
67.0,84.93,53.93,6.0,0.0,0.0,72.77,3.0,1
14.0,93.05,38.27,0.0,2.0,0.77,43.53,4.0,0
38.0,71.73,40.18,3.0,0.0,51.02,37.94,4.0,1
29.0,30.16,8.52,2.0,2.0,33.44,53.9,1.0,1
52.0,86.54,40.92,3.0,2.0,0.0,52.11,4.0,1
23.0,109.85,0.0,4.0,1.0,24.29,83.71,4.0,1
58.0,94.66,34.94,0.0,0.0,6.01,76.73,1.0,0
72.0,71.78,51.35,5.0,4.0,82.79,11.25,4.0,1
18.0,66.66,69.92,0.0,2.0,56.71,14.66,5.0,0
72.0,69.44,24.6,3.0,0.0,71.89,24.8,3.0,1
62.0,131.74,22.03,5.0,2.0,0.0,79.42,4.0,1
31.0,101.17,46.6,0.0,1.0,44.87,48.85,4.0,0
54.0,96.93,46.91,0.0,1.0,79.14,26.1,4.0,1
1.0,30.36,27.41,0.0,1.0,62.84,15.35,3.0,0
64.0,89.35,55.8,2.0,1.0,27.18,14.74,5.0,0
41.0,76.81,52.14,5.0,1.0,59.71,24.19,5.0,1
61.0,62.56,58.86,7.0,1.0,29.05,18.47,5.0,1
55.0,115.61,39.39,2.0,1.0,33.45,13.61,6.0,0
1.0,49.43,52.56,0.0,1.0,47.46,26.66,4.0,0
1.0,47.02,13.71,4.0,1.0,16.17,18.4,5.0,0
29.0,66.48,12.19,0.0,2.0,22.24,52.06,2.0,0
45.0,95.4,15.82,7.0,1.0,33.77,54.39,4.0,1
1.0,45.75,39.26,3.0,2.0,30.26,28.62,4.0,0
72.0,15.0,77.05,3.0,1.0,85.92,25.74,1.0,1
72.0,61.36,85.56,2.0,1.0,9.19,13.32,4.0,0
1.0,31.35,22.05,4.0,1.0,47.85,19.38,4.0,0
58.0,72.05,71.17,0.0,0.0,35.32,42.3,3.0,0
1.0,130.62,27.5,0.0,0.0,62.21,85.2,4.0,0
65.0,137.43,55.01,2.0,3.0,10.73,68.46,5.0,0
72.0,81.15,68.51,1.0,2.0,29.14,51.54,3.0,0
5.0,42.5,9.02,0.0,0.0,59.82,42.66,3.0,0
27.0,59.14,18.46,0.0,0.0,68.39,61.23,2.0,0
70.0,29.31,66.74,0.0,0.0,45.35,19.84,2.0,1
58.0,59.53,83.8,0.0,2.0,36.19,48.79,3.0,0
60.0,113.46,45.7,0.0,1.0,100.0,46.61,4.0,1
72.0,88.05,68.69,2.0,2.0,12.57,27.16,4.0,0
1.0,50.97,63.23,0.0,1.0,39.82,21.59,5.0,0
63.0,72.5,66.41,0.0,0.0,37.68,39.64,3.0,0
27.0,136.26,24.26,0.0,1.0,57.76,58.53,5.0,0
25.0,99.23,67.63,0.0,1.0,48.91,85.9,3.0,0
62.0,121.54,10.67,5.0,2.0,61.82,50.26,5.0,1
72.0,85.65,60.66,1.0,0.0,22.49,32.24,3.0,0
52.0,49.31,62.86,5.0,2.0,20.71,94.8,1.0,1
31.0,54.88,39.05,0.0,2.0,20.05,55.48,2.0,0
61.0,71.03,26.53,7.0,1.0,62.53,41.04,4.0,1
47.0,128.66,23.9,3.0,1.0,78.98,60.98,5.0,1
1.0,67.51,49.81,0.0,1.0,46.56,37.28,4.0,0
48.0,133.28,19.07,0.0,1.0,41.81,45.97,5.0,0
48.0,23.62,69.56,0.0,1.0,39.82,77.5,1.0,1
43.0,42.14,69.59,0.0,2.0,51.49,2.7,3.0,0
20.0,125.56,39.74,0.0,0.0,44.98,37.36,6.0,0
21.0,28.49,22.66,0.0,2.0,87.99,43.56,1.0,0
72.0,15.0,100.0,1.0,1.0,56.84,4.86,1.0,1
63.0,86.05,47.5,3.0,1.0,0.0,75.68,3.0,1
53.0,77.42,45.18,6.0,1.0,86.71,35.07,4.0,1
4.0,36.65,76.02,2.0,1.0,1.97,21.47,4.0,0
24.0,15.0,15.72,2.0,0.0,73.93,48.45,1.0,0
52.0,32.76,64.21,4.0,2.0,41.49,48.22,2.0,1
1.0,48.32,35.86,4.0,0.0,0.0,11.63,5.0,0
13.0,30.74,39.04,0.0,2.0,66.1,48.44,2.0,0
47.0,88.65,19.86,9.0,1.0,38.86,24.91,6.0,1
28.0,35.92,49.11,0.0,0.0,67.69,60.47,1.0,0
30.0,30.33,73.42,0.0,1.0,58.45,2.37,3.0,0
69.0,78.08,35.85,7.0,0.0,66.51,14.36,5.0,1
51.0,105.78,50.99,0.0,0.0,38.3,52.64,4.0,0
59.0,119.12,40.37,0.0,1.0,18.14,52.4,4.0,0
31.0,113.61,50.76,0.0,1.0,35.82,43.42,5.0,0
7.0,15.0,47.82,4.0,1.0,34.56,19.81,3.0,0
42.0,64.84,38.75,0.0,2.0,28.16,62.33,2.0,0
29.0,99.79,49.82,0.0,0.0,50.53,75.09,3.0,0
47.0,91.11,53.41,0.0,1.0,25.78,33.24,4.0,0
37.0,100.87,56.13,0.0,1.0,35.69,72.46,3.0,0
28.0,104.2,51.76,0.0,2.0,30.87,42.52,4.0,0
63.0,46.8,38.99,7.0,2.0,65.78,30.9,3.0,1
22.0,31.58,27.82,0.0,1.0,42.84,40.25,2.0,0
28.0,63.58,42.41,0.0,1.0,0.0,55.14,3.0,0
55.0,95.38,25.74,5.0,2.0,62.08,47.89,4.0,1
10.0,84.3,23.69,4.0,1.0,30.53,85.46,4.0,1
25.0,112.87,41.61,1.0,2.0,52.67,33.99,5.0,0
39.0,39.34,38.8,7.0,0.0,67.14,4.4,4.0,1
70.0,132.56,47.65,5.0,1.0,14.79,31.91,6.0,0
1.0,26.91,42.24,1.0,2.0,65.72,18.86,4.0,0
57.0,94.55,24.65,4.0,2.0,63.81,40.15,4.0,1
26.0,104.65,58.25,0.0,2.0,37.66,50.27,5.0,0
72.0,48.38,86.25,2.0,0.0,28.73,17.14,3.0,0
20.0,60.76,30.49,0.0,2.0,23.08,46.7,3.0,0
3.0,150.71,17.59,0.0,2.0,49.56,52.7,6.0,0
54.0,91.17,74.66,0.0,1.0,22.2,54.65,4.0,0
49.0,137.89,29.53,8.0,2.0,63.44,44.8,6.0,1
29.0,21.6,34.85,0.0,2.0,45.8,38.84,2.0,0
72.0,15.0,89.3,0.0,1.0,64.87,45.7,1.0,1
9.0,53.32,59.12,0.0,1.0,29.42,37.81,4.0,0
20.0,80.77,42.14,0.0,0.0,30.15,57.47,3.0,0
61.0,160.0,17.54,4.0,0.0,22.3,47.51,7.0,0
49.0,95.43,49.14,0.0,0.0,100.0,71.77,3.0,1
21.0,54.94,34.93,5.0,2.0,38.02,33.59,4.0,1
29.0,58.31,25.58,0.0,2.0,56.77,53.42,2.0,0
50.0,78.9,57.41,0.0,2.0,38.14,23.98,4.0,0
4.0,57.68,25.74,0.0,2.0,64.58,36.72,3.0,0
62.0,85.67,73.14,1.0,1.0,24.85,53.56,3.0,0
46.0,75.81,61.44,0.0,2.0,36.81,17.51,4.0,0
70.0,97.65,55.15,2.0,1.0,29.01,34.88,4.0,0
36.0,15.0,100.0,1.0,1.0,50.88,4.61,2.0,1
30.0,63.52,16.33,1.0,2.0,0.0,39.8,3.0,0
72.0,79.65,67.05,2.0,1.0,19.96,26.41,3.0,0
48.0,116.09,41.96,1.0,1.0,37.15,38.94,5.0,0
39.0,96.52,50.14,1.0,0.0,45.32,23.09,5.0,0
53.0,32.16,30.09,0.0,1.0,30.24,70.26,1.0,0
55.0,70.41,20.18,4.0,1.0,32.6,35.35,3.0,1
46.0,15.0,74.58,3.0,1.0,67.09,8.91,2.0,1
28.0,52.38,1.26,1.0,0.0,0.0,41.49,3.0,0
46.0,57.2,24.07,0.0,0.0,18.67,69.87,1.0,0
56.0,114.04,25.15,0.0,1.0,77.55,47.19,4.0,1
47.0,96.37,61.52,0.0,1.0,27.31,29.77,5.0,0
14.0,143.65,23.37,0.0,1.0,41.63,52.3,6.0,0
30.0,91.48,19.46,0.0,1.0,74.57,81.17,2.0,0
58.0,142.75,43.87,0.0,2.0,20.4,93.79,3.0,0
58.0,89.7,64.63,3.0,0.0,37.01,32.37,4.0,0
60.0,84.25,6.05,2.0,0.0,42.49,42.41,3.0,1
72.0,114.7,57.62,5.0,0.0,10.15,15.26,6.0,0
16.0,37.36,16.46,1.0,1.0,31.33,30.18,3.0,0
62.0,73.81,80.8,1.0,1.0,20.99,36.64,4.0,0
42.0,96.41,33.12,4.0,2.0,62.56,52.41,4.0,1
72.0,31.09,84.08,0.0,1.0,20.37,89.76,1.0,1
52.0,67.5,62.66,0.0,0.0,35.7,23.59,3.0,0
46.0,30.47,0.0,0.0,0.0,20.38,48.87,1.0,0
12.0,62.12,54.44,0.0,1.0,14.68,36.72,4.0,0
44.0,58.39,26.19,0.0,1.0,33.96,64.68,1.0,0
35.0,80.05,12.48,0.0,2.0,26.0,63.5,2.0,0
8.0,23.57,43.15,4.0,2.0,1.25,26.16,4.0,0
64.0,84.86,24.52,7.0,1.0,67.99,39.52,4.0,1
56.0,93.67,52.45,1.0,2.0,37.38,34.48,4.0,0
72.0,56.56,71.14,1.0,2.0,1.75,95.02,1.0,1
30.0,98.46,34.71,0.0,0.0,61.94,62.87,3.0,0
70.0,102.64,30.85,3.0,0.0,71.27,30.31,4.0,1
72.0,74.65,80.14,6.0,2.0,7.07,0.0,5.0,0
28.0,65.56,67.05,0.0,0.0,0.47,51.28,3.0,0
40.0,17.87,75.2,5.0,0.0,47.4,31.03,3.0,1
72.0,21.74,100.0,0.0,2.0,20.01,30.39,1.0,0
61.0,15.0,88.8,4.0,0.0,80.92,0.0,3.0,1
1.0,25.43,23.76,3.0,1.0,65.31,15.13,4.0,0
43.0,60.08,13.8,0.0,1.0,25.43,62.24,1.0,0
58.0,62.87,30.21,4.0,1.0,52.94,19.04,4.0,1
72.0,82.45,69.41,3.0,2.0,17.01,9.41,5.0,0
60.0,96.62,65.19,2.0,1.0,11.78,21.12,5.0,0
59.0,47.45,0.0,0.0,0.0,20.82,69.38,1.0,0
12.0,24.01,7.27,4.0,1.0,11.93,29.86,3.0,0
41.0,76.25,37.0,2.0,2.0,64.65,39.99,4.0,1
50.0,78.66,59.99,0.0,2.0,37.18,58.6,2.0,0
1.0,90.7,53.77,0.0,0.0,34.81,40.39,5.0,0
1.0,57.46,40.86,1.0,1.0,30.22,31.83,4.0,0
67.0,90.46,68.14,5.0,1.0,24.38,16.87,5.0,0
1.0,60.74,53.53,0.0,3.0,40.71,34.85,4.0,0
65.0,58.81,72.28,0.0,0.0,16.16,14.28,3.0,0
59.0,15.0,78.3,4.0,0.0,77.61,4.9,2.0,1
8.0,59.13,35.26,0.0,0.0,42.58,36.45,4.0,0
63.0,72.35,68.15,0.0,2.0,0.0,97.07,1.0,1
1.0,20.72,49.39,4.0,0.0,54.96,25.05,4.0,0
6.0,39.22,22.98,1.0,0.0,39.16,27.9,3.0,0
1.0,15.0,44.62,3.0,1.0,63.61,19.84,3.0,0
1.0,43.35,29.91,4.0,2.0,17.4,13.19,5.0,0
40.0,102.22,65.92,0.0,1.0,22.2,81.42,2.0,0
15.0,38.72,5.98,0.0,1.0,65.97,43.48,2.0,0
72.0,62.7,86.36,2.0,0.0,1.46,36.49,2.0,0
14.0,45.94,18.44,3.0,2.0,15.21,39.26,3.0,0
46.0,80.37,52.56,0.0,2.0,53.05,54.73,3.0,0
50.0,15.0,27.51,0.0,0.0,70.36,56.41,1.0,0
15.0,51.51,36.89,0.0,1.0,43.85,36.7,3.0,0
21.0,61.59,7.11,0.0,0.0,36.4,49.75,2.0,0
72.0,112.7,65.13,3.0,1.0,6.99,41.02,5.0,0
17.0,51.45,51.37,0.0,2.0,52.18,53.43,3.0,0
36.0,95.88,27.04,0.0,2.0,16.66,74.02,3.0,0
1.0,25.09,42.24,2.0,3.0,40.39,14.53,4.0,0
2.0,43.41,35.02,1.0,2.0,19.01,23.53,4.0,0
13.0,34.04,13.12,2.0,1.0,13.32,19.21,3.0,0
54.0,19.47,80.62,1.0,1.0,40.64,3.56,3.0,1
71.0,102.49,38.97,2.0,0.0,91.21,23.71,4.0,1
37.0,127.27,3.08,7.0,3.0,0.0,58.67,6.0,1
58.0,56.61,55.36,0.0,3.0,94.94,18.97,3.0,1
43.0,76.7,57.93,2.0,1.0,53.44,17.84,5.0,0
58.0,71.51,68.39,0.0,2.0,42.48,65.01,2.0,0
18.0,35.14,26.67,0.0,2.0,68.26,44.25,2.0,0
5.0,44.77,52.37,1.0,0.0,19.2,25.68,4.0,0
7.0,55.47,37.32,0.0,1.0,66.13,50.31,3.0,0
32.0,56.49,7.02,2.0,2.0,4.66,50.93,2.0,0
25.0,80.58,69.85,0.0,1.0,45.44,32.88,5.0,0
41.0,135.37,33.05,2.0,2.0,40.14,43.3,6.0,0
71.0,147.85,13.28,2.0,0.0,97.56,80.35,4.0,1
35.0,103.07,46.74,0.0,0.0,33.88,31.59,5.0,0
44.0,83.72,48.89,0.0,0.0,46.87,59.6,2.0,0
32.0,15.0,98.78,4.0,0.0,75.42,0.0,2.0,1
15.0,26.98,13.14,0.0,2.0,73.59,41.13,2.0,0
23.0,82.7,37.21,3.0,1.0,59.39,56.5,4.0,1
3.0,47.88,37.27,1.0,0.0,38.46,37.28,3.0,0
57.0,66.41,72.25,0.0,0.0,25.53,43.59,3.0,0
65.0,100.25,15.68,7.0,1.0,41.93,26.92,5.0,1
1.0,45.25,53.13,3.0,1.0,54.86,40.97,4.0,0
42.0,130.85,49.5,3.0,0.0,32.68,42.13,6.0,0
51.0,117.01,46.59,1.0,3.0,34.41,50.22,4.0,0
55.0,160.0,28.45,6.0,1.0,95.71,75.54,6.0,1
51.0,113.89,14.87,10.0,2.0,60.02,52.32,6.0,1
72.0,57.28,11.52,3.0,1.0,42.54,17.28,3.0,1
48.0,37.15,88.57,0.0,1.0,42.71,26.62,3.0,0
72.0,43.79,46.92,9.0,2.0,86.18,0.0,5.0,1
8.0,20.19,46.87,0.0,1.0,68.68,36.38,2.0,0
54.0,136.78,45.01,0.0,1.0,13.52,62.93,5.0,0
12.0,15.0,30.53,2.0,1.0,67.11,21.86,2.0,0
42.0,61.76,40.95,7.0,0.0,38.58,49.95,4.0,0
2.0,37.89,28.09,3.0,0.0,37.2,32.85,4.0,1
44.0,121.35,42.69,0.0,0.0,18.36,69.62,4.0,0
43.0,48.66,8.55,0.0,1.0,43.15,56.28,1.0,0
70.0,79.29,64.7,3.0,1.0,24.86,13.55,4.0,0
51.0,101.95,60.1,1.0,2.0,32.99,39.54,5.0,0
18.0,87.9,28.15,0.0,2.0,43.99,63.36,3.0,0
54.0,127.4,47.05,2.0,2.0,27.52,59.1,5.0,0
72.0,47.16,57.44,6.0,0.0,48.06,71.33,1.0,1
4.0,41.37,5.78,0.0,3.0,62.03,33.99,3.0,0
50.0,74.34,64.58,0.0,2.0,40.87,35.31,3.0,0
72.0,40.38,93.55,4.0,0.0,15.62,11.74,3.0,0
44.0,37.4,71.85,4.0,2.0,20.61,39.79,3.0,1
60.0,117.66,57.97,1.0,0.0,31.09,72.07,4.0,0
72.0,56.44,24.41,0.0,0.0,57.72,0.0,2.0,1
5.0,41.35,27.68,3.0,1.0,19.13,24.86,4.0,0
72.0,74.99,82.23,2.0,0.0,29.94,43.67,3.0,0
43.0,55.63,73.72,2.0,0.0,51.85,5.91,4.0,0
72.0,69.08,82.34,0.0,1.0,18.5,55.08,2.0,0
28.0,37.3,57.92,5.0,0.0,23.73,52.13,3.0,1
37.0,103.72,55.0,1.0,1.0,37.43,35.79,5.0,0
71.0,64.33,68.56,0.0,2.0,13.82,36.9,2.0,0
11.0,28.46,28.17,2.0,1.0,38.76,28.59,3.0,0
59.0,160.0,25.36,0.0,2.0,95.87,58.29,5.0,1
72.0,44.55,86.22,0.0,0.0,20.27,52.04,1.0,0
42.0,67.23,62.75,2.0,0.0,95.82,33.12,4.0,1
19.0,15.0,33.91,2.0,1.0,29.88,24.38,2.0,0
34.0,42.1,38.4,0.0,0.0,24.44,50.94,2.0,0
6.0,22.72,32.42,4.0,1.0,16.82,24.4,3.0,0
35.0,31.98,30.67,0.0,1.0,30.05,50.4,1.0,0
46.0,64.88,20.87,8.0,1.0,68.6,0.45,5.0,1
10.0,47.31,28.71,0.0,0.0,26.2,26.22,3.0,0
3.0,42.75,42.42,0.0,0.0,61.06,37.45,3.0,0
71.0,27.08,85.81,1.0,2.0,22.02,48.58,1.0,1
60.0,15.0,98.68,0.0,0.0,69.09,42.02,1.0,1
37.0,75.66,12.25,0.0,1.0,52.84,62.28,2.0,0
53.0,108.21,57.11,0.0,2.0,19.69,51.27,4.0,0
72.0,56.16,74.74,4.0,1.0,2.95,0.6,3.0,0
16.0,60.43,42.9,7.0,0.0,14.64,59.48,4.0,1
72.0,86.4,69.81,0.0,1.0,17.13,65.72,2.0,0
47.0,71.29,69.4,0.0,0.0,41.93,72.65,2.0,0
50.0,61.82,84.57,0.0,3.0,22.42,61.09,2.0,0
10.0,59.61,35.94,1.0,4.0,25.39,40.07,4.0,0
64.0,56.62,73.54,2.0,1.0,0.0,22.05,3.0,1
1.0,58.45,45.24,2.0,0.0,14.06,27.66,5.0,0
11.0,55.1,12.49,0.0,1.0,56.65,42.13,3.0,0
54.0,38.18,11.26,0.0,1.0,78.81,84.07,1.0,0
57.0,101.57,19.06,0.0,1.0,77.89,58.19,3.0,1
1.0,75.65,47.9,1.0,2.0,0.0,28.68,5.0,0
2.0,35.32,58.34,3.0,1.0,16.04,27.25,4.0,0
28.0,109.78,46.32,0.0,0.0,38.57,45.54,5.0,0
50.0,86.1,37.74,8.0,0.0,73.44,43.26,5.0,1
16.0,56.22,54.09,0.0,2.0,14.47,38.12,3.0,0
40.0,79.96,65.18,0.0,1.0,40.18,44.85,4.0,0
72.0,121.25,26.26,4.0,3.0,100.0,46.97,4.0,1
37.0,98.78,41.57,0.0,1.0,39.32,74.51,2.0,0
33.0,77.49,53.99,1.0,0.0,58.36,12.0,5.0,0
48.0,55.54,80.67,0.0,1.0,34.24,28.67,3.0,0
66.0,103.35,49.24,5.0,1.0,85.99,26.84,5.0,1
27.0,15.0,51.35,0.0,1.0,13.05,18.34,2.0,0
6.0,43.3,20.07,0.0,1.0,61.97,34.51,3.0,0
42.0,72.39,51.82,4.0,2.0,1.67,57.49,4.0,1
61.0,100.12,60.19,0.0,1.0,18.5,65.01,3.0,0
55.0,73.81,76.64,0.0,0.0,20.56,49.55,3.0,0
40.0,67.13,34.39,0.0,1.0,18.89,68.39,2.0,0
61.0,40.72,69.41,4.0,1.0,29.51,39.2,3.0,1
29.0,130.8,4.65,5.0,0.0,27.55,81.49,5.0,1
12.0,17.64,53.52,4.0,1.0,4.96,22.44,3.0,0
11.0,15.23,40.14,2.0,1.0,46.8,35.05,2.0,0
41.0,99.58,42.33,0.0,2.0,47.03,52.23,3.0,0
39.0,80.59,61.6,0.0,0.0,41.31,45.76,3.0,0
62.0,65.24,53.17,4.0,0.0,88.28,24.7,4.0,1
11.0,27.72,37.55,1.0,0.0,44.86,34.74,3.0,0
35.0,31.81,15.11,2.0,2.0,6.8,49.54,2.0,0
43.0,40.62,64.73,0.0,2.0,50.27,3.05,3.0,0
55.0,92.56,26.66,3.0,1.0,56.11,45.5,4.0,1
47.0,16.51,69.84,5.0,2.0,57.37,23.24,3.0,1
22.0,46.17,4.4,0.0,0.0,67.82,47.81,2.0,0
38.0,130.08,38.1,3.0,0.0,43.96,28.35,6.0,0
32.0,74.58,51.78,0.0,0.0,54.3,53.64,2.0,0
45.0,56.23,25.86,0.0,1.0,37.04,58.37,1.0,0
72.0,119.2,59.75,1.0,0.0,10.56,60.89,4.0,0
57.0,135.16,55.2,4.0,0.0,24.86,52.39,6.0,0
40.0,108.04,42.54,0.0,0.0,41.72,40.85,4.0,0
9.0,15.0,39.18,4.0,2.0,2.21,17.72,3.0,0
42.0,38.08,6.72,0.0,0.0,52.51,59.25,1.0,0
21.0,54.55,13.25,0.0,1.0,25.55,48.44,2.0,0
33.0,148.87,30.96,0.0,0.0,36.48,94.51,4.0,0
33.0,90.42,54.48,3.0,1.0,42.81,0.0,6.0,0
40.0,138.65,19.65,3.0,0.0,84.34,78.78,5.0,1
55.0,62.02,0.25,10.0,2.0,17.76,28.48,4.0,1
72.0,49.62,49.57,7.0,3.0,66.96,38.93,2.0,1
72.0,85.91,41.69,3.0,2.0,11.43,87.8,2.0,1
67.0,109.65,56.24,3.0,1.0,20.28,26.07,5.0,0
12.0,28.21,26.87,1.0,1.0,70.1,47.24,2.0,0
11.0,32.03,22.2,2.0,1.0,17.99,20.77,3.0,0
6.0,68.35,44.68,0.0,2.0,47.51,50.33,4.0,0
52.0,61.25,26.18,3.0,1.0,49.6,31.55,3.0,1
72.0,95.55,60.61,0.0,0.0,20.88,53.1,3.0,0
72.0,40.5,94.4,0.0,2.0,0.0,22.7,2.0,1
41.0,19.72,45.67,0.0,1.0,52.64,64.93,1.0,0
1.0,20.72,36.86,3.0,2.0,41.85,16.56,4.0,0
10.0,86.88,19.81,0.0,1.0,18.6,41.14,4.0,0
54.0,91.26,0.0,6.0,0.0,31.97,58.97,3.0,1
39.0,43.46,0.0,0.0,1.0,23.89,52.47,1.0,0
68.0,27.34,81.62,1.0,3.0,34.26,10.94,3.0,1
65.0,144.92,51.29,4.0,1.0,17.78,60.23,5.0,0
72.0,70.56,74.13,2.0,1.0,19.31,37.91,3.0,0
10.0,72.97,17.91,0.0,2.0,39.4,49.03,3.0,0
13.0,57.96,15.55,0.0,1.0,45.21,53.25,3.0,0
45.0,69.11,16.98,1.0,1.0,0.0,62.32,2.0,0
71.0,37.97,91.33,1.0,3.0,7.65,37.43,2.0,1
8.0,48.11,22.24,0.0,1.0,73.74,42.07,3.0,0
49.0,91.78,41.93,0.0,0.0,41.71,36.85,3.0,0
33.0,15.0,14.25,0.0,3.0,50.88,51.71,1.0,0
52.0,146.3,12.78,1.0,1.0,85.22,96.98,4.0,1
72.0,160.0,14.94,6.0,3.0,100.0,81.35,6.0,1
4.0,38.41,28.44,3.0,2.0,23.09,24.91,4.0,0
21.0,49.81,25.16,0.0,1.0,38.24,52.51,2.0,0
7.0,26.03,30.72,2.0,1.0,61.31,39.29,3.0,0
72.0,74.56,76.77,1.0,2.0,33.59,54.85,3.0,0
31.0,15.62,67.97,1.0,3.0,43.91,74.55,1.0,1
51.0,79.77,61.95,0.0,0.0,32.16,46.9,3.0,0
33.0,17.64,5.63,0.0,0.0,80.02,47.99,1.0,0
72.0,93.18,42.78,2.0,3.0,100.0,16.16,4.0,1
61.0,95.46,59.62,0.0,1.0,30.19,63.16,3.0,0
17.0,114.96,19.85,0.0,0.0,58.62,24.95,5.0,0
72.0,66.47,72.41,3.0,0.0,32.04,6.12,4.0,0
1.0,60.39,53.78,1.0,2.0,39.28,30.52,5.0,0
58.0,82.42,29.16,2.0,0.0,65.05,25.14,4.0,1
72.0,50.39,56.72,5.0,2.0,43.28,66.97,2.0,1
48.0,135.03,4.74,7.0,2.0,61.15,74.9,5.0,1
12.0,58.12,43.24,1.0,0.0,0.0,35.32,4.0,0
14.0,47.16,32.17,0.0,1.0,56.49,50.53,2.0,0
53.0,31.18,82.3,0.0,1.0,5.16,64.04,1.0,1
9.0,59.2,42.51,0.0,1.0,58.97,48.94,3.0,0
72.0,80.29,50.27,1.0,0.0,82.18,10.98,4.0,1
52.0,160.0,5.59,1.0,0.0,38.44,52.17,6.0,0
62.0,108.92,28.71,6.0,0.0,0.0,75.75,4.0,1
34.0,49.54,21.84,0.0,0.0,5.97,49.95,2.0,0
72.0,89.43,64.54,4.0,2.0,31.0,24.29,5.0,0
13.0,44.67,30.2,0.0,3.0,11.7,27.24,3.0,0
25.0,93.04,24.32,1.0,1.0,46.04,56.59,4.0,1
33.0,76.85,36.74,0.0,1.0,3.39,69.34,3.0,0
28.0,62.58,59.36,0.0,1.0,53.64,14.54,4.0,0
4.0,73.25,39.95,0.0,2.0,44.83,44.68,4.0,0
39.0,91.18,56.37,0.0,0.0,49.45,37.3,4.0,0
20.0,60.87,51.83,0.0,2.0,64.64,6.53,4.0,0
55.0,84.89,70.41,1.0,1.0,40.88,59.27,3.0,0
36.0,97.35,35.02,0.0,2.0,29.53,66.81,2.0,0
29.0,52.26,0.3,0.0,1.0,53.91,69.7,1.0,0
55.0,90.79,58.97,4.0,2.0,43.85,11.43,5.0,0
60.0,103.53,52.88,0.0,1.0,22.31,61.31,3.0,0
27.0,142.35,25.38,0.0,0.0,36.99,58.3,5.0,0
72.0,66.42,75.85,3.0,1.0,23.56,25.25,3.0,0
53.0,86.02,63.51,0.0,0.0,28.44,44.85,3.0,0
21.0,69.36,40.7,0.0,0.0,39.01,51.72,3.0,0
71.0,60.44,75.38,0.0,0.0,22.01,75.35,1.0,0
66.0,39.14,81.8,1.0,0.0,32.64,15.0,3.0,0
21.0,48.16,14.06,0.0,0.0,16.83,35.27,3.0,0
7.0,65.7,46.4,0.0,1.0,9.17,31.91,4.0,0
35.0,68.9,19.84,1.0,1.0,6.87,60.24,3.0,0
72.0,146.96,40.59,4.0,0.0,6.51,42.47,6.0,0
32.0,42.6,79.03,0.0,2.0,41.41,30.93,2.0,0
11.0,91.44,12.1,0.0,1.0,4.89,53.33,4.0,0
65.0,75.14,76.55,3.0,0.0,22.53,20.77,4.0,0
14.0,119.76,47.01,0.0,1.0,54.48,63.86,5.0,0
23.0,31.58,17.27,1.0,0.0,25.21,30.6,2.0,0
15.0,15.0,24.83,3.0,1.0,18.38,24.27,2.0,0
14.0,58.82,44.59,0.0,2.0,35.37,54.13,3.0,0
72.0,72.3,82.54,5.0,0.0,19.3,12.39,5.0,0
24.0,117.92,27.29,2.0,0.0,53.55,80.93,4.0,1
63.0,139.73,32.58,5.0,1.0,100.0,55.25,5.0,1
36.0,47.99,0.0,0.0,1.0,41.26,53.83,1.0,0
49.0,15.0,78.0,7.0,1.0,67.04,11.11,3.0,1
38.0,80.09,35.84,1.0,0.0,59.08,47.79,3.0,1
27.0,42.3,17.97,2.0,1.0,0.38,43.29,2.0,0
46.0,118.25,43.04,0.0,0.0,33.74,67.86,3.0,0
33.0,70.98,65.98,0.0,2.0,45.0,55.29,3.0,0
38.0,77.85,27.94,5.0,2.0,56.28,57.58,4.0,1
48.0,143.94,44.89,4.0,1.0,20.76,37.83,6.0,0
72.0,129.68,58.44,1.0,0.0,5.11,61.85,4.0,0
62.0,96.06,58.21,2.0,0.0,37.33,32.74,4.0,0
49.0,65.12,65.04,0.0,1.0,42.27,53.17,2.0,0
61.0,24.38,96.06,0.0,3.0,41.44,33.53,2.0,0
9.0,43.5,53.95,2.0,0.0,4.48,36.41,4.0,0
56.0,110.55,59.79,0.0,3.0,27.08,70.98,4.0,0
48.0,72.14,65.31,0.0,1.0,43.01,34.11,4.0,0
4.0,72.22,0.0,1.0,1.0,19.95,33.79,4.0,0
55.0,28.76,68.73,2.0,1.0,38.8,37.13,2.0,1
1.0,53.2,49.78,3.0,0.0,13.78,33.11,5.0,0
46.0,72.43,72.54,0.0,2.0,32.65,56.72,3.0,0
11.0,44.33,29.71,0.0,2.0,22.05,25.22,3.0,0
38.0,67.97,40.36,3.0,0.0,4.12,100.0,2.0,1
16.0,74.13,29.52,0.0,0.0,40.48,57.95,3.0,0
37.0,68.54,34.63,3.0,2.0,30.74,32.46,4.0,1
16.0,33.39,11.54,0.0,1.0,67.19,47.29,2.0,0
72.0,83.81,38.16,4.0,1.0,100.0,44.57,3.0,1
21.0,74.23,31.31,0.0,0.0,40.76,65.86,3.0,0
24.0,24.36,49.0,1.0,1.0,32.65,36.98,2.0,0
64.0,44.13,39.27,4.0,1.0,71.16,26.31,3.0,1
50.0,107.94,61.85,1.0,1.0,22.38,41.61,5.0,0
64.0,109.37,11.56,2.0,2.0,85.41,60.21,3.0,1
60.0,109.87,36.85,0.0,1.0,96.73,45.95,3.0,1
44.0,25.09,24.74,2.0,3.0,3.61,60.57,1.0,0
72.0,15.0,100.0,0.0,0.0,26.18,51.13,1.0,0
72.0,68.85,47.55,0.0,1.0,100.0,19.26,3.0,1
16.0,59.42,58.42,2.0,1.0,0.0,42.86,4.0,0
20.0,123.47,17.6,0.0,0.0,50.24,72.64,4.0,0
32.0,34.56,57.08,0.0,4.0,5.19,46.63,2.0,0
55.0,45.25,79.82,1.0,1.0,46.11,16.55,3.0,0
49.0,124.22,42.75,0.0,2.0,13.69,27.74,5.0,0
71.0,98.83,7.56,3.0,0.0,59.55,42.56,3.0,1
61.0,117.22,17.18,8.0,2.0,7.33,50.06,5.0,1
12.0,69.27,37.27,0.0,2.0,7.86,36.4,4.0,0
2.0,33.02,45.13,0.0,1.0,50.51,27.07,3.0,0
26.0,95.39,42.53,3.0,1.0,56.99,39.68,5.0,1
40.0,74.74,59.27,0.0,2.0,44.81,54.44,2.0,0
7.0,40.06,22.81,1.0,1.0,33.63,26.98,3.0,0
46.0,73.28,5.98,4.0,1.0,20.16,38.28,3.0,1
41.0,106.34,66.1,0.0,0.0,28.09,74.05,4.0,0
1.0,25.26,24.88,1.0,1.0,88.01,23.83,3.0,0
72.0,103.35,63.15,3.0,2.0,30.11,58.2,4.0,0
72.0,74.62,73.69,0.0,1.0,20.99,40.78,3.0,0
41.0,118.6,33.01,5.0,3.0,58.96,49.81,5.0,1
72.0,64.97,81.46,0.0,1.0,10.43,39.17,3.0,0
55.0,151.82,18.17,0.0,0.0,100.0,77.99,4.0,1
41.0,106.52,41.46,0.0,0.0,36.21,50.05,4.0,0
29.0,47.36,31.87,0.0,2.0,36.54,46.96,2.0,0
28.0,58.64,27.63,0.0,0.0,34.58,50.82,2.0,0
18.0,45.3,36.15,0.0,2.0,37.21,47.08,3.0,0
48.0,126.9,41.23,2.0,1.0,36.54,43.37,5.0,0
18.0,79.52,41.23,0.0,3.0,6.62,54.02,4.0,0
16.0,43.15,21.8,0.0,2.0,60.8,47.31,2.0,0
31.0,27.68,45.21,1.0,0.0,0.55,38.14,2.0,0
57.0,78.4,46.13,3.0,2.0,39.83,0.0,6.0,0
27.0,15.0,77.8,3.0,1.0,54.01,22.88,2.0,1
3.0,31.78,27.68,1.0,1.0,44.55,23.26,3.0,0
42.0,67.83,54.99,1.0,2.0,43.73,12.99,4.0,1
29.0,59.5,63.54,0.0,2.0,53.05,18.03,4.0,0
33.0,42.06,58.04,3.0,0.0,21.05,40.22,3.0,1
23.0,50.45,30.33,10.0,1.0,63.28,4.83,6.0,1
57.0,133.04,60.08,0.0,0.0,21.49,96.44,3.0,0
72.0,62.76,72.63,1.0,0.0,19.57,13.48,3.0,0
72.0,31.83,100.0,1.0,2.0,21.27,36.52,2.0,0
71.0,138.12,36.07,5.0,0.0,20.19,19.25,6.0,0
61.0,87.7,7.31,3.0,0.0,54.85,60.98,3.0,1
72.0,69.7,69.41,2.0,1.0,27.84,19.46,4.0,0
26.0,15.0,68.06,7.0,1.0,54.61,23.66,4.0,1
37.0,136.61,30.96,2.0,0.0,100.0,100.0,4.0,1
11.0,53.29,72.16,0.0,0.0,75.83,49.97,3.0,0
23.0,28.45,32.02,0.0,1.0,41.91,45.24,2.0,0
13.0,41.35,36.73,2.0,2.0,3.64,26.1,4.0,0
42.0,90.17,31.43,0.0,2.0,27.65,76.61,2.0,0
72.0,96.53,51.54,0.0,1.0,100.0,33.04,3.0,1
66.0,93.31,64.63,2.0,3.0,24.67,36.65,4.0,0
29.0,127.7,32.64,0.0,2.0,51.45,55.34,5.0,0
69.0,44.53,100.0,2.0,1.0,22.08,30.45,3.0,0
44.0,84.24,11.84,6.0,1.0,24.43,33.86,5.0,1
18.0,15.0,33.27,1.0,3.0,49.27,29.85,2.0,0
35.0,26.9,35.06,0.0,1.0,38.06,50.82,1.0,0
36.0,59.24,37.02,0.0,1.0,13.16,59.8,2.0,0
19.0,86.88,31.74,0.0,0.0,22.62,62.47,4.0,0
30.0,35.92,6.77,1.0,1.0,14.85,37.67,2.0,0
32.0,132.82,41.58,2.0,2.0,43.01,50.66,6.0,0
30.0,131.32,42.46,0.0,3.0,33.12,53.65,5.0,0
59.0,95.75,58.75,0.0,0.0,40.05,67.79,3.0,0
53.0,81.27,53.87,0.0,0.0,37.47,32.77,3.0,0
26.0,28.37,62.47,0.0,2.0,13.85,37.83,2.0,0
23.0,50.67,36.66,8.0,2.0,51.6,29.24,5.0,1
27.0,70.93,36.03,0.0,2.0,0.0,47.25,3.0,0
72.0,74.95,48.83,4.0,3.0,100.0,0.0,4.0,1
22.0,83.45,4.97,0.0,2.0,8.28,43.81,3.0,0
72.0,58.25,73.55,1.0,1.0,26.76,26.37,3.0,0
26.0,44.83,47.43,7.0,1.0,34.13,57.69,3.0,1
35.0,90.07,62.29,0.0,1.0,28.0,55.53,3.0,0
60.0,20.12,90.12,1.0,2.0,21.92,49.85,1.0,1
62.0,93.76,73.67,0.0,0.0,31.28,60.23,3.0,0
50.0,15.0,100.0,3.0,1.0,100.0,0.0,1.0,1
36.0,15.0,90.16,0.0,0.0,23.54,18.11,2.0,1
7.0,50.09,33.49,2.0,1.0,15.31,27.66,4.0,0
29.0,15.0,32.56,0.0,1.0,73.16,52.15,1.0,0
60.0,60.3,32.14,4.0,1.0,45.08,73.87,2.0,1
72.0,74.72,73.46,0.0,1.0,30.54,56.3,2.0,0
69.0,147.29,41.23,6.0,3.0,20.78,35.7,6.0,0
72.0,54.26,78.62,2.0,1.0,27.6,20.97,3.0,0
60.0,58.33,75.84,1.0,1.0,35.58,12.5,4.0,0
53.0,15.0,89.14,5.0,2.0,61.45,0.0,3.0,1
51.0,92.6,50.96,0.0,1.0,34.62,71.52,2.0,0
56.0,65.01,46.64,0.0,2.0,91.67,37.58,2.0,1
56.0,92.39,57.32,0.0,2.0,25.28,42.55,3.0,0
39.0,128.77,28.39,0.0,1.0,40.11,48.65,5.0,0
13.0,15.92,11.96,4.0,0.0,31.33,28.75,3.0,0
42.0,78.01,30.48,0.0,0.0,6.48,62.45,2.0,0
72.0,52.04,93.04,2.0,2.0,35.35,44.02,3.0,0
37.0,110.35,38.27,0.0,1.0,36.36,62.07,3.0,0
35.0,113.6,48.41,0.0,1.0,51.09,60.72,4.0,0
24.0,99.11,47.01,0.0,1.0,52.74,52.63,4.0,0
9.0,49.9,29.34,0.0,3.0,21.2,37.64,3.0,0
56.0,88.07,72.52,0.0,2.0,27.11,78.84,2.0,0
50.0,109.0,50.65,2.0,1.0,30.68,24.38,5.0,0
41.0,93.88,58.62,0.0,1.0,34.83,71.14,3.0,0
54.0,108.43,48.4,1.0,1.0,16.93,23.47,5.0,0
15.0,73.74,62.74,0.0,0.0,3.79,38.28,4.0,0
59.0,104.11,54.32,3.0,0.0,22.87,6.34,6.0,0
48.0,116.17,61.3,0.0,1.0,21.45,63.22,4.0,0
36.0,134.64,23.12,1.0,0.0,90.74,84.75,4.0,1
17.0,144.47,28.41,0.0,2.0,41.1,58.63,5.0,0
54.0,41.29,69.5,0.0,3.0,55.81,16.42,3.0,0
62.0,75.28,43.96,5.0,0.0,86.01,28.92,4.0,1
29.0,43.22,46.31,0.0,1.0,13.54,47.29,2.0,0
72.0,87.5,56.63,3.0,1.0,0.0,84.99,2.0,1
47.0,112.28,11.94,6.0,2.0,9.26,80.53,4.0,1
64.0,41.7,74.65,0.0,1.0,21.75,43.62,2.0,1
14.0,79.28,47.61,0.0,1.0,55.66,15.81,5.0,0
59.0,98.53,42.16,8.0,2.0,87.32,40.59,5.0,1
4.0,62.95,33.16,0.0,0.0,33.14,32.06,4.0,0
47.0,79.31,66.84,0.0,3.0,32.04,53.06,3.0,0
62.0,15.0,99.31,0.0,1.0,31.71,55.05,1.0,1
1.0,71.12,41.1,0.0,0.0,51.22,30.98,5.0,0
26.0,76.66,46.99,9.0,1.0,0.0,71.58,4.0,1
72.0,89.76,71.86,1.0,2.0,14.05,48.62,3.0,0
51.0,101.25,12.23,3.0,2.0,56.34,66.31,3.0,1
72.0,66.34,49.03,4.0,1.0,100.0,21.63,3.0,1
65.0,115.25,54.11,4.0,0.0,15.87,23.04,6.0,0
34.0,87.09,40.71,0.0,0.0,50.47,36.12,3.0,0
26.0,40.28,36.51,1.0,0.0,0.07,38.39,3.0,0
27.0,149.23,41.4,1.0,2.0,42.99,71.76,6.0,0
32.0,15.0,70.29,4.0,1.0,54.67,50.69,2.0,1
66.0,15.0,8.59,0.0,2.0,29.97,58.9,1.0,0
2.0,42.62,34.6,0.0,3.0,53.34,30.32,3.0,0
63.0,107.97,18.54,8.0,2.0,65.42,54.81,5.0,1
11.0,28.75,35.64,0.0,1.0,60.52,41.57,2.0,0
49.0,116.15,54.64,9.0,1.0,77.26,28.25,7.0,1
52.0,112.51,4.14,4.0,0.0,33.67,50.41,4.0,1
72.0,126.95,62.35,3.0,2.0,0.0,49.69,5.0,0
5.0,52.65,51.61,1.0,1.0,0.53,29.56,4.0,0
29.0,142.0,28.63,0.0,3.0,38.92,54.98,5.0,0
72.0,101.01,56.76,4.0,1.0,16.35,17.9,5.0,0
37.0,65.04,0.0,0.0,2.0,31.53,56.27,2.0,0
1.0,38.75,25.49,3.0,0.0,42.44,30.01,4.0,0
21.0,15.0,12.54,3.0,0.0,20.02,31.36,2.0,0
34.0,124.68,32.68,0.0,2.0,51.07,50.58,5.0,0
28.0,49.88,34.32,0.0,1.0,5.98,42.28,3.0,0
29.0,105.26,17.19,0.0,2.0,0.0,61.8,4.0,0
55.0,27.56,88.09,0.0,1.0,42.79,29.67,2.0,0
64.0,84.89,82.09,1.0,0.0,15.38,45.48,4.0,0
30.0,79.86,56.55,1.0,0.0,47.53,12.16,5.0,0
36.0,60.49,27.86,0.0,1.0,60.82,66.58,1.0,0
23.0,15.0,44.81,1.0,0.0,37.08,38.65,2.0,0
72.0,21.23,86.47,3.0,2.0,39.0,32.24,2.0,1
50.0,142.69,40.82,3.0,0.0,28.3,49.36,6.0,0
24.0,61.27,9.08,1.0,1.0,21.93,50.43,3.0,0
62.0,80.16,60.76,3.0,0.0,37.87,21.03,4.0,0
14.0,42.91,36.59,1.0,1.0,14.28,38.45,3.0,0
3.0,15.0,22.44,5.0,2.0,32.66,14.87,3.0,0
69.0,95.39,32.54,4.0,1.0,58.35,17.92,5.0,1
42.0,97.79,55.76,0.0,0.0,32.72,37.02,4.0,0
72.0,108.04,64.48,3.0,1.0,12.58,47.19,4.0,0
25.0,64.42,4.44,1.0,2.0,7.21,51.35,3.0,0
26.0,26.73,21.37,0.0,2.0,70.97,40.22,1.0,0
72.0,128.89,22.87,4.0,0.0,81.78,44.84,5.0,1
1.0,57.48,17.0,1.0,2.0,74.2,19.88,5.0,0
40.0,67.08,40.55,0.0,1.0,17.05,67.31,2.0,0
42.0,126.27,48.9,2.0,3.0,32.19,47.45,5.0,0
32.0,55.3,41.53,0.0,2.0,19.59,50.41,2.0,0
14.0,96.76,38.13,7.0,0.0,50.54,65.29,5.0,1
55.0,79.14,52.18,5.0,1.0,76.31,0.82,5.0,1
14.0,65.95,53.53,3.0,0.0,0.0,86.48,3.0,1
43.0,54.51,85.74,0.0,0.0,25.07,44.72,2.0,0
60.0,98.33,64.49,3.0,4.0,20.23,29.92,5.0,0
1.0,58.63,7.44,0.0,3.0,65.22,38.08,3.0,0
46.0,79.77,56.02,2.0,1.0,0.0,78.48,3.0,1
27.0,93.62,61.52,10.0,0.0,74.61,56.01,6.0,1
47.0,121.83,18.52,6.0,1.0,52.69,66.59,5.0,1
45.0,110.74,40.83,1.0,2.0,37.79,31.0,5.0,0
72.0,57.18,36.42,7.0,1.0,69.61,35.23,3.0,1
46.0,116.1,58.58,0.0,1.0,21.68,66.16,4.0,0
23.0,34.46,16.12,0.0,1.0,39.46,41.67,2.0,0
51.0,55.82,67.89,2.0,3.0,0.37,55.9,3.0,1
43.0,99.07,53.01,0.0,0.0,39.66,55.8,4.0,0
43.0,62.25,67.78,1.0,2.0,46.1,15.08,4.0,0
45.0,101.94,24.93,4.0,1.0,58.91,48.34,4.0,1
25.0,46.06,24.01,0.0,2.0,69.14,57.79,1.0,0
55.0,49.72,24.18,0.0,2.0,14.75,64.25,1.0,0
52.0,73.2,46.02,0.0,2.0,32.38,73.43,1.0,0
19.0,73.73,43.7,0.0,0.0,31.38,52.82,3.0,0
56.0,55.9,18.96,0.0,0.0,34.1,11.44,3.0,1
72.0,61.03,79.27,0.0,2.0,20.51,47.96,2.0,0
48.0,74.69,61.12,1.0,0.0,47.43,23.84,4.0,0
50.0,79.98,30.46,6.0,0.0,39.62,44.73,4.0,1
23.0,101.15,25.97,0.0,0.0,60.86,22.89,5.0,0
71.0,100.58,65.05,3.0,0.0,12.14,22.18,5.0,0
62.0,111.25,3.78,4.0,2.0,64.36,67.03,3.0,1
49.0,28.51,25.17,0.0,1.0,31.5,65.07,1.0,0
72.0,54.12,81.22,0.0,2.0,17.79,42.31,2.0,0
37.0,53.89,31.18,0.0,2.0,33.73,55.25,2.0,0
32.0,70.74,27.99,0.0,1.0,18.75,58.66,2.0,0
9.0,66.45,34.66,0.0,3.0,21.58,36.79,4.0,0
35.0,15.0,6.52,2.0,0.0,32.36,38.93,1.0,0
11.0,51.93,0.0,2.0,1.0,46.12,43.26,3.0,0
5.0,28.01,67.01,2.0,0.0,24.61,34.46,3.0,0
6.0,28.21,72.98,1.0,1.0,24.66,31.72,3.0,0
49.0,149.99,34.38,1.0,2.0,20.75,52.39,6.0,0
28.0,48.25,38.82,0.0,0.0,41.62,50.74,2.0,0
62.0,119.21,38.26,2.0,1.0,36.69,40.67,5.0,0
28.0,106.64,41.11,0.0,1.0,51.73,57.24,4.0,0
52.0,64.48,77.87,0.0,1.0,32.94,47.07,3.0,0
72.0,126.7,74.21,6.0,2.0,2.81,42.11,6.0,0
20.0,22.78,13.53,1.0,1.0,52.2,34.27,2.0,0
46.0,43.54,40.73,0.0,3.0,0.0,52.95,2.0,0
5.0,73.04,45.27,3.0,2.0,0.0,40.81,5.0,0
19.0,38.92,21.21,0.0,2.0,31.27,30.84,2.0,0
14.0,156.96,0.56,0.0,2.0,61.33,38.85,6.0,0
72.0,76.61,91.46,7.0,0.0,0.0,0.0,5.0,0
72.0,72.71,72.99,0.0,0.0,24.46,44.08,3.0,0
21.0,64.37,55.57,0.0,1.0,65.04,52.19,2.0,0
32.0,62.86,19.27,0.0,2.0,5.75,37.97,3.0,1
1.0,43.21,49.24,2.0,3.0,14.61,23.86,4.0,0
72.0,15.0,100.0,2.0,2.0,0.0,33.27,1.0,0
13.0,83.05,23.38,0.0,1.0,13.01,51.5,4.0,0
54.0,25.41,62.9,2.0,0.0,58.36,36.49,2.0,1
25.0,59.88,12.25,0.0,3.0,29.76,51.77,2.0,0
53.0,82.92,18.11,2.0,2.0,38.42,55.81,3.0,1
13.0,29.91,26.25,2.0,2.0,16.87,29.8,3.0,0
61.0,126.61,33.54,2.0,0.0,29.09,47.25,5.0,0
10.0,70.42,47.71,2.0,2.0,0.0,33.53,5.0,0
19.0,15.0,18.67,3.0,0.0,26.14,23.1,2.0,0
66.0,58.15,77.98,2.0,0.0,29.28,19.2,4.0,0
45.0,83.27,70.53,0.0,1.0,40.61,40.33,4.0,0
72.0,90.25,62.31,1.0,2.0,22.53,33.47,4.0,0
1.0,18.95,22.21,2.0,1.0,60.14,28.98,3.0,0
1.0,66.9,44.93,0.0,0.0,44.28,35.18,4.0,0
49.0,139.23,29.31,3.0,1.0,30.92,21.28,7.0,0
65.0,79.93,77.3,3.0,1.0,22.16,18.77,5.0,0
72.0,70.61,42.35,1.0,1.0,91.1,22.43,3.0,1
25.0,144.73,29.07,2.0,1.0,80.16,98.45,5.0,1
52.0,104.49,24.46,7.0,2.0,65.98,54.14,5.0,1
65.0,127.21,54.53,2.0,2.0,12.4,37.67,5.0,0
71.0,101.05,28.68,5.0,2.0,11.98,50.32,4.0,1
15.0,32.5,10.84,0.0,2.0,35.94,23.74,3.0,0
9.0,39.19,17.07,1.0,1.0,35.75,27.66,3.0,0
46.0,52.11,16.63,0.0,0.0,47.1,65.34,1.0,0
30.0,70.18,54.95,1.0,3.0,0.0,57.21,3.0,0
72.0,86.15,70.46,4.0,0.0,15.16,20.58,5.0,0
67.0,97.26,59.36,3.0,1.0,32.83,25.43,5.0,0
55.0,74.55,74.03,0.0,1.0,29.36,44.49,3.0,0
22.0,38.31,46.03,1.0,0.0,6.21,37.93,3.0,0
1.0,25.33,29.43,3.0,2.0,22.03,17.76,4.0,0
1.0,39.95,36.12,3.0,0.0,38.59,31.47,4.0,0
45.0,31.18,78.94,3.0,0.0,19.4,32.37,3.0,1
24.0,62.47,57.12,1.0,2.0,0.0,48.62,3.0,0
12.0,15.0,22.87,1.0,0.0,53.77,20.89,2.0,0
32.0,116.88,54.32,1.0,0.0,40.32,57.32,5.0,0
51.0,83.09,73.16,1.0,2.0,32.14,43.47,4.0,0
1.0,27.64,11.68,5.0,2.0,19.61,15.22,4.0,0
36.0,36.44,84.92,0.0,1.0,37.7,37.82,2.0,0
21.0,112.31,40.22,0.0,0.0,47.93,38.85,5.0,0
42.0,111.81,8.99,8.0,0.0,13.1,44.87,6.0,1
1.0,18.63,57.17,3.0,1.0,17.4,20.08,4.0,0
72.0,86.93,45.76,4.0,3.0,10.16,94.85,2.0,1
59.0,80.76,76.41,0.0,1.0,24.38,46.74,3.0,0
72.0,29.16,70.56,2.0,0.0,50.9,51.12,1.0,1
40.0,111.04,37.39,0.0,2.0,21.32,81.59,3.0,0
6.0,15.0,15.78,4.0,1.0,50.84,14.63,2.0,0
16.0,23.84,8.7,3.0,0.0,32.76,36.38,2.0,0
36.0,15.4,39.86,1.0,2.0,0.0,26.34,2.0,0
1.0,40.7,33.65,1.0,2.0,39.18,22.02,4.0,0
72.0,126.34,7.18,7.0,2.0,56.23,48.89,5.0,1
20.0,15.0,23.26,1.0,2.0,55.54,39.21,2.0,0
19.0,46.57,43.0,1.0,2.0,9.62,39.17,3.0,0
45.0,56.89,32.58,6.0,1.0,55.3,55.21,3.0,1
72.0,82.45,69.77,0.0,1.0,16.67,64.46,2.0,0
45.0,104.77,48.6,0.0,0.0,22.74,33.47,4.0,0
72.0,89.87,39.11,0.0,2.0,0.0,83.65,2.0,1
53.0,83.27,75.88,0.0,2.0,33.48,60.59,3.0,0
1.0,43.84,37.05,4.0,1.0,0.0,18.73,5.0,0
31.0,50.48,11.27,2.0,0.0,6.95,53.22,2.0,0
35.0,64.19,25.04,0.0,1.0,65.97,60.31,1.0,0
39.0,76.26,32.8,4.0,0.0,21.52,50.34,4.0,1
45.0,133.15,34.88,1.0,2.0,31.55,40.91,6.0,0
55.0,121.93,8.72,5.0,0.0,44.53,34.83,5.0,1
16.0,36.88,23.37,0.0,0.0,76.67,49.49,2.0,0
59.0,93.25,59.3,0.0,1.0,21.02,24.85,4.0,0
15.0,28.02,41.77,1.0,1.0,44.2,34.45,3.0,1
27.0,129.91,12.69,8.0,0.0,34.91,71.18,6.0,1
31.0,152.35,13.36,2.0,2.0,42.31,21.24,7.0,0
53.0,101.44,62.09,0.0,2.0,29.07,80.15,3.0,0
47.0,32.02,98.81,0.0,1.0,35.72,71.2,1.0,0
45.0,50.93,47.62,0.0,0.0,0.0,55.92,2.0,0
42.0,126.66,3.04,1.0,0.0,35.44,54.93,4.0,1
17.0,67.25,23.64,0.0,1.0,37.92,41.93,3.0,0
35.0,53.69,9.85,0.0,1.0,21.55,45.01,2.0,0
35.0,71.25,61.27,0.0,3.0,44.7,37.62,3.0,0
32.0,32.97,11.51,0.0,0.0,28.02,47.71,1.0,0
10.0,45.55,54.68,0.0,3.0,26.67,35.18,3.0,0
55.0,66.08,66.61,0.0,0.0,37.5,23.29,3.0,0
72.0,67.57,96.59,1.0,2.0,11.88,52.43,3.0,0
54.0,43.27,75.47,3.0,3.0,16.17,50.75,2.0,1
23.0,71.34,37.18,0.0,2.0,25.19,57.95,3.0,0
72.0,72.27,16.26,2.0,1.0,57.65,19.49,3.0,1
26.0,99.41,31.38,6.0,1.0,38.23,61.3,5.0,1
20.0,78.22,33.87,0.0,0.0,29.39,50.04,3.0,0
4.0,54.43,24.51,1.0,2.0,38.18,37.24,4.0,0
72.0,80.27,77.3,0.0,0.0,25.17,72.02,2.0,0
29.0,71.23,17.37,0.0,1.0,28.4,59.24,2.0,0
30.0,125.66,29.93,1.0,1.0,43.52,17.96,6.0,0
13.0,74.61,28.38,1.0,0.0,0.0,44.25,4.0,0
9.0,62.74,36.86,1.0,1.0,12.3,41.0,4.0,0
37.0,140.39,41.62,1.0,1.0,32.47,56.17,5.0,0
17.0,15.0,31.05,2.0,1.0,51.2,39.16,2.0,0
1.0,15.0,36.26,4.0,0.0,56.64,11.61,4.0,0
47.0,79.75,33.9,0.0,0.0,48.39,23.9,4.0,1
47.0,144.24,43.4,2.0,1.0,12.19,45.89,6.0,0
25.0,120.47,32.94,0.0,1.0,47.76,42.01,5.0,0
72.0,84.32,49.08,4.0,3.0,16.13,48.75,3.0,1
37.0,127.28,41.2,2.0,2.0,38.59,31.74,6.0,0
56.0,53.82,45.82,3.0,0.0,69.93,21.78,3.0,1
72.0,108.85,33.96,5.0,1.0,7.98,31.2,5.0,1
61.0,31.63,71.96,3.0,2.0,41.04,56.43,2.0,1
72.0,49.15,92.02,1.0,0.0,19.55,38.58,3.0,0
72.0,67.67,20.72,1.0,2.0,71.94,26.7,2.0,1
1.0,18.8,32.6,3.0,1.0,21.35,9.6,4.0,0
36.0,74.66,21.12,0.0,0.0,28.25,63.12,2.0,0
45.0,129.41,42.0,0.0,2.0,31.53,78.17,4.0,0
28.0,101.49,38.16,0.0,0.0,0.0,66.15,4.0,0
34.0,61.9,22.75,0.0,0.0,35.14,61.15,2.0,0
4.0,96.05,42.79,0.0,0.0,62.9,15.38,6.0,0
72.0,87.51,51.74,3.0,1.0,10.14,63.29,2.0,1
48.0,30.17,80.24,0.0,1.0,63.77,27.79,2.0,0
62.0,115.18,46.83,4.0,2.0,31.58,15.15,6.0,0
10.0,73.03,56.83,0.0,0.0,13.23,41.79,4.0,0
72.0,66.51,66.29,0.0,3.0,28.35,49.79,2.0,0
23.0,104.41,10.46,5.0,1.0,32.7,78.93,4.0,1
65.0,65.74,72.33,2.0,0.0,43.1,40.77,3.0,0
20.0,15.0,50.7,1.0,2.0,72.19,33.57,1.0,0
72.0,145.65,33.43,10.0,0.0,100.0,57.2,6.0,1
1.0,57.42,33.27,1.0,1.0,31.33,29.75,4.0,0
51.0,82.88,63.77,0.0,0.0,32.14,80.92,2.0,0
25.0,53.31,68.45,0.0,0.0,55.99,32.69,3.0,0
35.0,142.55,31.33,4.0,1.0,41.31,26.25,7.0,0
64.0,84.84,57.18,2.0,3.0,0.0,74.06,3.0,1
19.0,15.0,41.04,4.0,3.0,11.42,27.6,2.0,0
34.0,72.01,15.19,0.0,1.0,71.97,71.53,1.0,0
36.0,33.17,26.25,5.0,2.0,0.0,36.51,3.0,0
19.0,146.52,18.17,0.0,1.0,42.5,47.22,6.0,0
50.0,88.86,35.47,9.0,0.0,48.89,32.65,5.0,1
53.0,117.97,45.27,4.0,1.0,27.0,6.81,6.0,0
1.0,46.58,44.76,1.0,1.0,5.65,19.47,4.0,0
58.0,127.62,20.39,4.0,0.0,72.3,59.68,5.0,1
1.0,15.0,19.94,3.0,2.0,92.78,12.31,3.0,0
54.0,84.95,43.75,2.0,1.0,93.16,41.6,4.0,1
19.0,118.9,35.99,0.0,1.0,52.63,52.21,5.0,0
68.0,51.77,87.44,0.0,0.0,19.09,56.53,1.0,0
72.0,80.52,75.43,2.0,1.0,7.07,53.17,2.0,0
1.0,40.55,39.11,3.0,0.0,42.84,21.01,5.0,0
21.0,42.11,11.2,0.0,2.0,54.33,47.1,2.0,0
33.0,97.55,52.87,0.0,0.0,47.45,46.24,4.0,0
29.0,125.52,28.46,0.0,3.0,76.62,72.64,4.0,1
9.0,15.0,43.36,2.0,1.0,49.11,21.09,2.0,0
21.0,55.08,55.19,1.0,1.0,0.0,43.87,3.0,0
13.0,73.86,65.53,0.0,2.0,61.59,71.22,3.0,0
72.0,37.64,95.48,4.0,0.0,25.81,16.75,3.0,0
33.0,62.02,66.01,1.0,0.0,63.36,15.86,4.0,0
60.0,15.0,92.35,1.0,0.0,52.04,42.87,1.0,1
28.0,64.93,12.94,0.0,2.0,20.57,55.59,2.0,0
72.0,104.73,74.13,5.0,1.0,17.9,43.19,5.0,0
20.0,75.24,54.67,0.0,1.0,8.04,49.44,4.0,0
36.0,103.94,50.76,0.0,3.0,35.61,69.3,3.0,0
53.0,104.44,51.89,4.0,2.0,92.0,38.99,5.0,1
63.0,39.58,71.01,0.0,0.0,14.95,73.12,1.0,1
7.0,25.54,0.44,0.0,0.0,85.71,36.11,2.0,0
1.0,77.67,44.09,1.0,1.0,13.02,41.79,5.0,0
31.0,46.91,50.65,6.0,0.0,32.03,32.14,4.0,1
4.0,17.2,42.0,2.0,2.0,24.23,16.25,3.0,0
31.0,92.2,8.75,0.0,1.0,23.58,69.25,3.0,0
72.0,96.15,82.34,1.0,0.0,0.0,70.29,3.0,0
68.0,83.88,52.65,3.0,2.0,34.18,13.72,4.0,0
37.0,160.0,24.71,2.0,0.0,35.87,58.45,6.0,0
19.0,152.16,24.49,0.0,0.0,51.26,66.05,5.0,0
66.0,46.12,58.39,5.0,1.0,51.27,0.0,5.0,1
1.0,160.0,1.55,0.0,0.0,64.9,66.97,6.0,0
72.0,114.89,44.33,0.0,1.0,17.81,67.0,3.0,0
64.0,113.37,44.11,0.0,3.0,100.0,53.89,3.0,1
52.0,160.0,35.78,0.0,0.0,25.42,95.83,5.0,0
29.0,96.75,55.76,0.0,1.0,44.82,43.07,4.0,0
1.0,48.22,42.88,0.0,2.0,35.44,21.92,4.0,0
59.0,82.79,44.0,6.0,2.0,8.56,39.73,4.0,1
72.0,34.08,100.0,1.0,1.0,2.67,41.26,1.0,0
39.0,24.13,83.24,0.0,1.0,52.46,22.4,2.0,0
56.0,85.72,75.6,2.0,2.0,22.49,40.38,4.0,0
10.0,19.05,34.11,0.0,1.0,71.5,29.28,2.0,0
67.0,81.19,72.99,1.0,1.0,26.78,39.78,3.0,0
69.0,37.63,87.92,0.0,1.0,25.73,18.69,3.0,0
43.0,82.74,31.56,6.0,1.0,15.66,44.66,4.0,1
27.0,117.27,40.84,0.0,2.0,45.91,29.6,6.0,0
13.0,75.4,60.78,0.0,1.0,14.6,43.56,4.0,0
69.0,109.16,27.59,4.0,2.0,94.02,39.83,4.0,1
3.0,41.14,47.4,1.0,1.0,58.01,36.96,3.0,0
42.0,39.42,61.05,4.0,1.0,36.75,0.0,4.0,1
6.0,43.78,36.46,2.0,0.0,29.94,43.43,3.0,0
6.0,81.27,29.91,0.0,1.0,51.24,45.47,4.0,0
48.0,44.65,59.24,3.0,1.0,27.33,40.87,3.0,1
1.0,62.76,66.81,1.0,1.0,26.48,23.06,5.0,0
64.0,96.04,64.19,0.0,0.0,24.27,57.75,3.0,0
12.0,61.68,41.3,1.0,0.0,3.56,32.51,4.0,0
35.0,108.1,47.31,4.0,2.0,45.41,0.0,7.0,0
2.0,65.86,42.34,0.0,0.0,25.62,33.74,4.0,0
13.0,35.46,55.6,1.0,1.0,30.26,34.16,3.0,0
1.0,66.8,57.65,1.0,1.0,0.0,35.26,5.0,0
1.0,24.78,52.74,1.0,1.0,40.4,23.55,3.0,0
43.0,94.38,35.34,0.0,2.0,57.49,49.03,3.0,0
51.0,63.9,34.83,0.0,0.0,58.43,78.2,1.0,0
59.0,157.18,5.73,3.0,1.0,81.52,82.72,5.0,1
71.0,92.36,69.21,0.0,0.0,19.41,63.59,3.0,0
41.0,36.07,2.34,1.0,1.0,6.2,40.98,2.0,0
45.0,59.3,37.01,0.0,0.0,54.32,25.25,3.0,1
19.0,48.71,34.72,1.0,2.0,16.09,45.68,3.0,0
4.0,54.52,35.89,2.0,3.0,15.28,37.32,4.0,0
52.0,59.22,76.9,0.0,1.0,45.26,48.9,2.0,0
72.0,24.1,80.84,1.0,2.0,45.35,0.4,3.0,1
72.0,38.32,98.37,0.0,2.0,14.17,51.79,1.0,0
3.0,15.0,51.28,7.0,1.0,68.0,24.46,4.0,1
72.0,91.01,67.4,3.0,1.0,5.3,22.98,4.0,0
35.0,52.41,22.69,0.0,0.0,4.38,44.99,2.0,0
72.0,65.2,93.35,5.0,2.0,21.48,44.99,3.0,0
43.0,50.61,47.19,2.0,0.0,38.18,26.58,3.0,1
22.0,52.66,0.0,1.0,2.0,36.38,49.09,2.0,0
54.0,35.47,77.49,0.0,2.0,41.97,36.61,1.0,0
24.0,86.36,48.14,0.0,3.0,17.01,54.27,3.0,0
52.0,107.77,60.34,0.0,1.0,18.08,53.53,4.0,0
72.0,80.58,84.12,1.0,0.0,0.0,54.93,2.0,0
52.0,84.42,43.16,5.0,3.0,0.0,46.06,4.0,1
66.0,62.95,19.51,4.0,1.0,60.34,32.62,3.0,1
1.0,15.0,42.3,5.0,2.0,25.83,13.38,3.0,0
27.0,15.0,35.6,0.0,2.0,69.2,36.2,1.0,0
55.0,81.72,63.17,1.0,2.0,100.0,38.74,4.0,1
35.0,63.18,33.19,0.0,2.0,12.75,56.84,2.0,0
9.0,25.52,11.68,2.0,0.0,50.29,28.68,3.0,0
36.0,59.35,24.44,0.0,2.0,41.98,54.9,2.0,0
1.0,68.78,25.22,0.0,0.0,44.66,33.15,4.0,0
64.0,76.34,89.74,2.0,0.0,16.68,46.41,4.0,0
43.0,106.73,59.93,1.0,1.0,31.5,45.11,5.0,0
63.0,64.48,44.64,0.0,2.0,31.61,54.12,2.0,1
61.0,81.02,35.61,0.0,1.0,63.6,19.15,3.0,1
1.0,15.0,43.33,1.0,1.0,67.28,15.37,3.0,0
64.0,75.34,71.9,1.0,0.0,29.63,26.13,4.0,0
59.0,57.76,53.06,0.0,0.0,20.5,69.79,1.0,1
72.0,39.97,92.55,0.0,0.0,8.46,27.33,2.0,0
1.0,29.32,59.99,0.0,1.0,55.7,29.76,3.0,1
49.0,87.42,62.58,0.0,2.0,41.1,58.68,3.0,0
35.0,113.75,51.26,0.0,2.0,32.97,53.43,4.0,0
63.0,114.92,58.09,0.0,1.0,16.96,65.94,4.0,0
1.0,15.0,40.92,1.0,2.0,68.87,19.78,3.0,0
2.0,26.82,15.69,0.0,1.0,53.43,20.65,3.0,0
56.0,125.79,46.55,0.0,2.0,22.35,67.67,4.0,0
62.0,110.35,24.52,9.0,2.0,79.97,55.8,5.0,1
1.0,40.83,31.46,2.0,0.0,55.24,28.8,4.0,0
54.0,80.91,33.56,5.0,1.0,54.36,20.56,5.0,1
1.0,56.6,51.15,0.0,1.0,42.31,24.95,5.0,0
31.0,110.01,34.58,0.0,0.0,49.96,17.82,5.0,0
19.0,52.83,0.0,0.0,1.0,56.07,37.71,2.0,0
46.0,154.14,4.06,1.0,1.0,65.57,88.05,4.0,1
44.0,98.16,36.31,3.0,1.0,66.65,56.29,4.0,1
22.0,48.38,43.66,6.0,1.0,41.59,26.0,4.0,1
39.0,39.5,55.89,0.0,1.0,26.32,59.68,1.0,0
72.0,63.69,75.82,1.0,2.0,26.77,55.86,2.0,0
30.0,60.22,50.99,4.0,0.0,4.57,57.46,3.0,1
40.0,118.92,56.31,4.0,0.0,23.63,29.05,6.0,0
38.0,40.19,23.79,0.0,2.0,35.41,61.47,1.0,0
13.0,144.3,26.39,0.0,0.0,57.69,59.65,6.0,0
50.0,79.18,71.72,0.0,0.0,36.44,58.29,3.0,0
39.0,111.21,32.29,0.0,3.0,70.37,68.7,4.0,1
14.0,20.37,21.58,2.0,0.0,46.45,35.44,2.0,0
45.0,50.74,18.14,0.0,0.0,3.61,61.63,1.0,0
38.0,88.09,49.06,0.0,1.0,43.95,79.99,2.0,0
8.0,35.53,43.93,1.0,0.0,40.68,37.97,3.0,0
33.0,160.0,20.02,6.0,3.0,93.2,100.0,6.0,1
56.0,125.25,42.34,1.0,1.0,30.34,59.67,4.0,0
13.0,49.7,3.96,0.0,2.0,78.71,44.61,2.0,0
40.0,106.68,57.09,0.0,0.0,42.79,74.07,3.0,0
49.0,80.4,16.6,0.0,1.0,31.72,77.94,1.0,0
24.0,160.0,17.21,2.0,1.0,46.53,41.25,7.0,0
22.0,80.2,36.82,0.0,2.0,0.91,54.67,3.0,0
72.0,79.98,29.48,1.0,1.0,80.32,14.13,3.0,1
29.0,67.52,61.14,0.0,2.0,61.01,60.15,2.0,0
50.0,33.53,34.11,0.0,2.0,68.42,64.39,1.0,0
53.0,45.77,78.88,0.0,3.0,34.03,37.26,2.0,0
62.0,51.3,53.97,7.0,2.0,45.82,39.83,3.0,1
70.0,107.14,38.72,2.0,1.0,83.25,33.39,4.0,1
61.0,60.95,57.0,5.0,0.0,21.68,50.79,3.0,1
72.0,21.18,73.77,6.0,0.0,86.99,0.0,3.0,1
20.0,21.82,13.3,3.0,2.0,27.25,32.75,2.0,0
1.0,25.31,49.99,4.0,0.0,27.92,19.28,4.0,0
20.0,93.91,54.17,0.0,0.0,53.42,51.11,4.0,0
56.0,131.2,34.52,2.0,2.0,30.55,39.54,5.0,0
20.0,52.12,23.74,0.0,0.0,37.82,42.23,3.0,0
49.0,121.79,52.79,0.0,2.0,26.3,56.91,4.0,0
8.0,17.19,44.01,2.0,0.0,8.82,11.74,3.0,0
33.0,39.25,18.93,0.0,3.0,75.04,50.75,1.0,0
54.0,92.63,42.81,1.0,2.0,85.15,44.91,4.0,1
33.0,87.49,43.79,0.0,0.0,29.59,54.25,3.0,0
63.0,81.76,62.75,6.0,0.0,0.0,32.98,5.0,1
19.0,60.53,36.17,2.0,1.0,11.99,52.21,3.0,0
1.0,160.0,5.75,1.0,2.0,65.78,63.82,8.0,0
13.0,15.0,33.96,4.0,2.0,17.92,12.67,3.0,0
47.0,109.28,16.11,3.0,1.0,59.74,60.95,4.0,1
55.0,24.52,77.54,5.0,0.0,41.65,13.16,3.0,1
70.0,83.45,54.69,2.0,2.0,0.0,76.12,2.0,1
12.0,15.0,40.86,3.0,1.0,33.14,24.65,2.0,0
68.0,36.12,66.34,5.0,0.0,50.78,51.13,2.0,1
2.0,20.17,17.95,2.0,1.0,56.2,27.35,3.0,0
3.0,49.29,32.19,1.0,2.0,55.92,38.3,3.0,0
26.0,124.83,38.21,0.0,3.0,34.77,33.57,6.0,0
41.0,120.2,52.99,1.0,1.0,39.94,62.9,5.0,0
35.0,83.69,53.97,0.0,2.0,0.0,67.03,3.0,0
72.0,106.05,53.25,2.0,1.0,14.11,34.28,4.0,0
65.0,24.62,83.13,0.0,0.0,40.74,25.15,1.0,0
65.0,22.61,92.31,0.0,0.0,23.5,10.08,2.0,0
28.0,104.11,44.84,0.0,0.0,0.94,65.24,4.0,0
72.0,91.21,23.87,4.0,0.0,89.76,27.65,4.0,1
57.0,97.14,61.69,0.0,1.0,18.98,46.5,4.0,0
68.0,108.06,23.78,6.0,2.0,76.5,51.41,4.0,1
35.0,78.17,54.87,0.0,2.0,49.3,39.58,3.0,0
72.0,77.03,73.91,2.0,0.0,21.01,40.38,3.0,0
33.0,144.21,23.16,2.0,0.0,36.16,23.74,7.0,0
66.0,33.85,62.44,4.0,1.0,55.77,37.96,2.0,1
43.0,62.17,78.7,0.0,3.0,38.79,35.53,3.0,0
70.0,21.11,80.13,2.0,1.0,45.79,42.82,1.0,1
68.0,67.96,47.51,3.0,2.0,85.5,13.96,4.0,1
56.0,60.97,77.92,0.0,1.0,0.0,100.0,1.0,1
72.0,55.67,64.25,5.0,2.0,26.37,26.83,3.0,1
71.0,88.77,71.76,0.0,0.0,20.94,76.12,2.0,0
24.0,24.15,77.82,2.0,2.0,0.0,39.01,3.0,0
15.0,40.36,6.82,1.0,1.0,31.38,29.7,3.0,0
32.0,122.35,53.26,1.0,1.0,44.81,71.53,5.0,0
72.0,124.41,57.2,3.0,0.0,26.68,70.4,4.0,0
72.0,96.92,74.05,4.0,2.0,10.99,58.36,3.0,0
16.0,31.09,11.02,1.0,2.0,52.49,35.68,2.0,0
48.0,24.35,83.7,0.0,0.0,5.31,100.0,1.0,1
21.0,59.99,43.66,0.0,0.0,50.99,43.42,3.0,0
72.0,81.68,36.49,5.0,2.0,94.75,11.75,4.0,1
8.0,41.05,23.74,4.0,1.0,11.78,34.5,4.0,1
19.0,27.37,6.28,0.0,3.0,95.77,52.24,1.0,0
57.0,109.64,44.08,4.0,1.0,0.0,71.72,4.0,1
18.0,74.92,43.43,0.0,3.0,66.91,29.57,4.0,0
63.0,78.21,45.3,0.0,1.0,79.69,14.33,3.0,1
70.0,15.0,89.76,0.0,2.0,38.71,52.87,1.0,1
49.0,34.98,68.7,2.0,2.0,25.63,29.07,3.0,1
71.0,104.54,55.53,0.0,0.0,21.97,70.29,3.0,0
22.0,95.03,47.75,0.0,0.0,58.07,14.93,5.0,0
46.0,84.1,43.79,5.0,1.0,0.0,55.61,4.0,1
56.0,67.35,47.38,5.0,1.0,23.69,33.55,4.0,1
71.0,94.23,67.59,0.0,0.0,17.4,67.06,3.0,0
22.0,52.42,20.32,0.0,0.0,74.79,51.92,2.0,0
64.0,19.42,74.67,4.0,0.0,53.0,29.46,2.0,1
31.0,49.19,29.56,0.0,2.0,23.55,46.24,2.0,0
20.0,58.7,27.91,0.0,2.0,39.36,47.97,3.0,0
60.0,74.88,46.01,4.0,1.0,9.51,53.97,3.0,1
9.0,64.15,28.6,0.0,0.0,31.88,42.85,3.0,0
63.0,86.18,37.29,7.0,0.0,19.5,32.71,5.0,1
54.0,36.17,71.02,0.0,1.0,44.46,34.94,1.0,0
15.0,95.09,27.34,0.0,0.0,81.26,28.9,5.0,0
58.0,15.0,86.25,2.0,1.0,53.35,31.39,1.0,1
15.0,86.86,26.62,0.0,1.0,77.26,60.34,3.0,0
58.0,48.71,77.13,1.0,0.0,44.24,16.0,3.0,0
1.0,22.94,42.73,2.0,2.0,29.67,8.59,4.0,0
37.0,56.76,0.0,0.0,1.0,59.24,61.56,1.0,0
40.0,67.74,9.87,0.0,2.0,30.37,60.36,2.0,0
45.0,99.18,52.91,0.0,0.0,26.46,34.95,4.0,0
1.0,64.14,25.24,1.0,1.0,41.16,43.13,4.0,0
43.0,15.0,18.72,0.0,1.0,37.47,58.1,1.0,0
35.0,15.0,33.34,2.0,1.0,15.15,36.14,1.0,0
34.0,91.21,54.58,3.0,1.0,50.64,17.91,5.0,0
50.0,70.67,69.62,0.0,3.0,37.31,40.52,3.0,0
49.0,97.02,43.35,1.0,2.0,94.54,46.59,4.0,1
63.0,67.24,28.09,0.0,0.0,68.74,30.93,3.0,1
35.0,126.28,29.45,10.0,1.0,51.88,47.17,7.0,1
53.0,99.7,48.94,3.0,2.0,46.01,23.69,5.0,0
72.0,51.61,49.12,3.0,0.0,56.62,39.89,2.0,1
36.0,154.45,33.19,2.0,2.0,24.37,43.94,7.0,0
46.0,56.89,8.33,0.0,1.0,21.19,62.75,1.0,0
1.0,140.99,0.0,0.0,1.0,84.38,18.53,7.0,0
52.0,15.0,98.42,2.0,0.0,19.4,17.28,3.0,1
66.0,38.89,74.41,2.0,2.0,27.79,54.16,2.0,1
7.0,32.75,38.5,4.0,2.0,1.33,25.54,4.0,0
32.0,18.3,26.64,1.0,0.0,21.36,32.73,2.0,0
32.0,99.66,43.95,0.0,1.0,54.19,33.14,5.0,0
55.0,107.44,57.75,0.0,1.0,34.74,68.39,3.0,0
48.0,139.62,34.56,1.0,2.0,38.42,62.39,5.0,0
8.0,39.72,4.11,0.0,1.0,69.19,42.11,2.0,0
69.0,104.26,73.39,1.0,2.0,12.01,58.27,4.0,0
20.0,64.23,14.49,0.0,1.0,41.84,45.41,3.0,0
72.0,111.59,64.4,5.0,3.0,13.2,33.03,5.0,0
50.0,15.0,86.77,5.0,3.0,61.51,2.24,3.0,1
69.0,33.22,76.48,1.0,0.0,32.21,51.43,1.0,1
13.0,52.35,25.27,3.0,1.0,3.05,39.16,4.0,0
32.0,53.93,0.0,1.0,1.0,32.18,57.48,2.0,0
71.0,60.37,41.92,7.0,0.0,80.41,12.48,4.0,1
7.0,160.0,0.0,2.0,1.0,54.67,25.47,8.0,0
27.0,32.1,30.61,0.0,2.0,12.67,28.9,2.0,0
17.0,57.18,13.02,3.0,1.0,0.0,41.62,4.0,0
40.0,37.6,24.04,0.0,1.0,34.15,58.93,1.0,0
72.0,79.02,45.06,0.0,0.0,96.49,13.89,2.0,1
40.0,134.27,32.68,0.0,2.0,23.6,51.68,5.0,0
55.0,97.41,60.42,0.0,0.0,23.56,37.88,4.0,0
56.0,74.36,68.7,0.0,0.0,32.7,33.7,4.0,0
44.0,95.33,50.9,2.0,1.0,90.46,38.29,4.0,1
43.0,90.34,4.6,6.0,2.0,15.04,56.17,4.0,1
72.0,99.13,60.58,0.0,1.0,18.91,62.4,3.0,0
28.0,54.58,0.24,0.0,0.0,58.98,57.1,1.0,0
64.0,15.0,95.68,0.0,0.0,45.37,40.44,1.0,1
1.0,15.0,53.03,2.0,2.0,46.25,0.0,4.0,0
22.0,27.65,13.16,1.0,1.0,61.3,48.71,1.0,0
1.0,52.02,32.61,2.0,1.0,26.11,28.61,4.0,0
42.0,86.02,19.33,0.0,0.0,20.98,65.91,2.0,0
68.0,85.52,57.57,0.0,1.0,23.34,46.2,3.0,0
49.0,64.43,23.99,0.0,1.0,0.0,63.56,2.0,0
72.0,79.88,63.13,0.0,3.0,11.31,51.22,2.0,0
43.0,60.67,48.8,5.0,1.0,21.08,54.99,3.0,1
6.0,20.54,43.63,3.0,0.0,4.82,16.2,4.0,0
36.0,96.95,8.91,5.0,2.0,29.62,55.1,4.0,1
33.0,56.82,60.6,0.0,2.0,52.05,30.2,3.0,0
22.0,69.31,48.04,0.0,2.0,0.0,38.6,4.0,0
72.0,70.17,54.97,2.0,1.0,100.0,4.31,4.0,1
49.0,99.52,12.34,4.0,1.0,53.57,57.58,4.0,1
70.0,87.09,37.68,0.0,0.0,100.0,30.0,3.0,1
53.0,62.49,32.81,8.0,2.0,54.02,20.65,5.0,1
25.0,15.0,100.0,2.0,3.0,27.33,17.18,2.0,1
38.0,54.35,70.21,0.0,0.0,48.42,33.85,3.0,0
30.0,38.38,30.78,0.0,2.0,69.47,54.59,1.0,0
14.0,43.99,14.73,0.0,1.0,65.65,43.21,2.0,0
27.0,53.36,17.2,2.0,1.0,0.0,45.85,3.0,0
27.0,44.5,33.49,1.0,1.0,13.93,51.76,2.0,0
72.0,47.78,92.98,4.0,2.0,6.89,7.77,3.0,0
36.0,37.59,58.76,8.0,0.0,39.95,3.69,5.0,1
72.0,15.0,100.0,0.0,1.0,25.04,63.79,1.0,1
72.0,65.54,75.17,0.0,1.0,25.82,58.74,2.0,0
48.0,22.75,66.59,1.0,0.0,48.47,19.73,2.0,1
6.0,35.37,14.37,0.0,0.0,59.57,29.2,3.0,0
42.0,93.27,55.65,0.0,0.0,30.15,32.0,4.0,0
45.0,105.01,49.48,0.0,1.0,34.33,53.07,4.0,0
32.0,75.31,60.4,0.0,2.0,55.86,54.63,3.0,0
72.0,92.82,30.17,5.0,0.0,31.06,28.1,4.0,1
33.0,110.04,43.64,1.0,1.0,43.69,29.1,5.0,0
46.0,15.0,94.59,3.0,3.0,53.28,17.94,2.0,1
59.0,88.8,76.18,2.0,0.0,17.19,33.25,4.0,0
52.0,96.89,61.42,2.0,2.0,35.7,37.86,4.0,0
64.0,93.57,39.27,2.0,1.0,100.0,45.04,3.0,1
57.0,29.76,39.41,0.0,1.0,25.26,56.8,1.0,0
1.0,66.46,49.65,0.0,1.0,43.52,42.36,4.0,0
19.0,33.34,19.85,2.0,1.0,54.43,47.37,2.0,0
64.0,125.73,62.54,2.0,0.0,10.9,54.53,5.0,0
38.0,113.04,55.75,2.0,1.0,47.16,50.46,5.0,0
54.0,98.99,27.18,4.0,0.0,52.13,20.8,5.0,1
49.0,15.0,100.0,0.0,1.0,40.75,52.21,1.0,1
72.0,25.76,95.99,0.0,2.0,25.94,32.23,1.0,1
44.0,20.78,85.07,3.0,1.0,20.67,52.38,2.0,1
72.0,83.09,24.36,3.0,0.0,72.85,0.0,4.0,1
35.0,71.25,45.59,0.0,0.0,0.0,46.45,3.0,0
72.0,61.14,50.67,6.0,1.0,52.45,13.85,4.0,1
17.0,28.32,26.05,0.0,1.0,59.3,42.18,2.0,0
38.0,62.94,35.49,5.0,1.0,33.9,54.44,3.0,1
6.0,63.46,57.57,2.0,2.0,0.0,39.65,5.0,0
43.0,66.46,76.47,0.0,2.0,46.68,60.13,2.0,0
46.0,82.79,24.41,0.0,0.0,47.43,34.59,3.0,1
51.0,15.0,77.31,6.0,1.0,64.82,37.73,2.0,1
1.0,15.0,41.83,3.0,2.0,32.04,8.13,4.0,0
34.0,74.83,25.22,0.0,1.0,17.05,69.54,2.0,0
47.0,28.72,71.0,5.0,1.0,40.65,8.44,4.0,1
58.0,85.92,57.23,0.0,2.0,41.65,45.01,3.0,0
46.0,80.8,10.23,6.0,0.0,25.41,53.85,4.0,1
32.0,141.81,41.18,1.0,2.0,31.16,49.83,6.0,0
16.0,125.58,37.0,0.0,1.0,45.67,29.4,6.0,0
9.0,77.6,11.66,0.0,0.0,23.76,36.69,4.0,0
53.0,112.2,50.58,3.0,3.0,33.88,23.97,6.0,0
2.0,39.34,0.0,4.0,1.0,0.59,19.67,4.0,0
72.0,88.83,26.42,1.0,0.0,78.7,29.81,3.0,1
67.0,96.94,36.87,2.0,0.0,79.35,34.51,4.0,1
1.0,26.21,37.44,4.0,1.0,50.23,16.59,4.0,0
28.0,94.14,45.8,0.0,0.0,56.02,31.64,5.0,0
13.0,19.78,67.77,0.0,2.0,44.98,29.08,3.0,0
24.0,40.38,32.97,1.0,1.0,23.75,43.47,2.0,0
16.0,32.95,28.99,1.0,1.0,22.57,20.81,3.0,0
65.0,98.9,14.97,9.0,1.0,69.27,52.42,4.0,1
1.0,45.88,55.52,4.0,3.0,28.99,24.46,5.0,0
55.0,79.97,52.08,0.0,0.0,42.45,23.95,4.0,0
16.0,92.19,35.54,1.0,1.0,0.03,57.85,4.0,0
1.0,19.16,32.78,4.0,2.0,42.56,11.79,4.0,0
17.0,15.0,86.51,5.0,0.0,45.68,8.58,4.0,1
44.0,73.42,35.81,0.0,0.0,10.82,57.07,2.0,0
72.0,75.16,93.73,4.0,3.0,0.0,35.06,3.0,0
49.0,28.93,79.43,3.0,1.0,24.51,33.26,3.0,1
36.0,89.68,52.53,0.0,2.0,58.35,59.44,3.0,0
34.0,72.91,20.3,0.0,1.0,21.6,64.43,2.0,0
45.0,160.0,5.73,4.0,0.0,29.68,26.17,8.0,0
32.0,128.11,35.36,0.0,2.0,41.37,50.58,5.0,0
1.0,39.23,23.18,3.0,2.0,45.85,18.54,4.0,0
49.0,74.62,65.64,0.0,2.0,31.18,35.45,3.0,0
24.0,54.16,32.84,1.0,1.0,3.79,44.04,3.0,0
56.0,71.45,64.23,0.0,2.0,0.0,60.19,2.0,1
7.0,36.42,45.42,2.0,1.0,36.53,36.8,3.0,0
55.0,79.72,42.2,4.0,0.0,67.88,30.05,4.0,1
72.0,42.8,87.01,3.0,2.0,8.51,74.89,1.0,1
72.0,79.34,74.87,0.0,1.0,25.43,50.94,3.0,0
56.0,128.58,56.39,1.0,2.0,27.1,72.21,4.0,0
71.0,33.34,60.42,0.0,3.0,49.26,49.36,1.0,1
60.0,118.65,42.51,1.0,2.0,23.27,48.49,4.0,0
18.0,34.22,0.0,1.0,1.0,33.83,36.95,2.0,0
72.0,83.54,74.88,2.0,1.0,18.04,28.25,4.0,0
68.0,137.77,37.9,2.0,2.0,24.16,52.18,5.0,0
72.0,67.06,69.33,0.0,0.0,32.9,54.27,2.0,0
47.0,158.88,26.99,0.0,1.0,19.09,54.9,6.0,0
72.0,60.39,60.36,0.0,1.0,22.91,77.33,1.0,1
56.0,110.39,53.44,1.0,1.0,30.2,53.05,4.0,0
72.0,37.34,88.71,0.0,1.0,29.65,40.58,1.0,0
42.0,70.19,22.65,0.0,1.0,0.0,56.22,2.0,0
15.0,48.28,50.54,1.0,1.0,15.53,42.48,3.0,0
63.0,107.12,39.53,6.0,2.0,86.41,35.81,5.0,1
43.0,41.37,78.08,0.0,1.0,51.25,30.18,2.0,0
59.0,73.8,59.71,4.0,1.0,75.14,0.0,5.0,1
26.0,47.32,17.4,0.0,0.0,25.65,45.2,2.0,0
72.0,95.79,51.45,0.0,0.0,28.45,50.32,3.0,0
70.0,98.77,28.31,0.0,0.0,84.95,30.77,3.0,1
8.0,21.42,32.19,2.0,0.0,19.46,17.23,3.0,0
21.0,58.5,17.87,0.0,2.0,46.57,52.38,2.0,0
47.0,127.24,0.0,7.0,1.0,36.21,92.05,4.0,1
46.0,121.39,30.59,4.0,2.0,66.84,65.33,5.0,1
26.0,51.77,20.41,0.0,2.0,55.13,60.79,2.0,0
30.0,51.22,38.51,6.0,1.0,55.56,10.7,5.0,1
27.0,106.96,37.11,0.0,0.0,57.48,30.55,5.0,0
33.0,53.46,48.99,0.0,2.0,4.51,47.94,3.0,0
45.0,112.47,3.04,4.0,0.0,30.92,46.83,5.0,1
14.0,56.23,55.27,0.0,1.0,33.03,41.92,3.0,0
57.0,104.41,15.52,3.0,0.0,82.19,74.28,3.0,1
1.0,44.38,23.01,5.0,2.0,0.0,17.26,5.0,0
25.0,58.0,69.26,0.0,0.0,41.59,11.96,4.0,0
5.0,41.06,16.55,1.0,0.0,59.87,35.11,3.0,0
68.0,123.99,32.8,0.0,1.0,100.0,44.67,4.0,1
72.0,160.0,29.43,2.0,0.0,7.17,60.19,5.0,0
19.0,75.67,10.9,0.0,1.0,65.74,61.53,2.0,0
72.0,93.39,82.31,3.0,1.0,7.86,55.3,4.0,0
72.0,134.8,51.81,2.0,0.0,0.14,49.3,5.0,0
10.0,41.08,51.26,3.0,1.0,0.77,29.41,4.0,0
56.0,144.2,21.73,0.0,1.0,38.38,63.43,4.0,0
44.0,34.36,67.58,0.0,1.0,54.76,20.88,2.0,0
65.0,99.92,39.82,2.0,1.0,80.78,26.66,4.0,1
57.0,98.29,70.77,0.0,2.0,18.16,73.4,3.0,0
4.0,50.32,34.54,0.0,2.0,34.92,23.7,4.0,0
72.0,32.7,90.48,4.0,0.0,22.57,25.71,3.0,1
72.0,104.82,59.11,0.0,2.0,17.54,58.38,3.0,0
47.0,35.11,58.2,6.0,2.0,55.59,2.23,4.0,1
53.0,63.75,47.36,3.0,2.0,17.92,65.37,2.0,1
47.0,130.83,36.95,0.0,0.0,28.21,64.77,4.0,0
69.0,115.27,58.97,1.0,3.0,27.47,65.75,4.0,0
72.0,107.73,69.69,1.0,2.0,13.32,77.0,3.0,0
36.0,15.0,30.19,0.0,2.0,64.58,53.99,1.0,0
50.0,125.93,61.54,2.0,2.0,22.0,56.65,5.0,0
72.0,66.91,69.66,2.0,1.0,20.16,6.54,4.0,0
47.0,114.3,46.91,2.0,1.0,36.31,37.3,5.0,0
60.0,15.0,92.95,3.0,1.0,74.31,43.33,1.0,0
1.0,15.0,26.4,4.0,0.0,43.37,2.67,3.0,1
72.0,61.02,41.61,3.0,2.0,49.56,34.44,2.0,1
65.0,103.68,55.6,0.0,1.0,27.75,48.87,4.0,0
72.0,95.66,70.63,2.0,0.0,24.98,58.11,3.0,0
37.0,79.15,57.45,1.0,1.0,44.92,16.21,5.0,0
10.0,15.0,52.06,1.0,1.0,43.91,20.64,2.0,0
51.0,78.53,66.29,0.0,3.0,28.34,54.49,3.0,0
35.0,17.71,30.7,2.0,2.0,15.81,44.84,2.0,0
45.0,101.39,0.0,8.0,1.0,46.64,51.56,5.0,1
56.0,77.82,74.96,0.0,2.0,33.12,50.18,3.0,0
36.0,15.0,14.84,1.0,0.0,41.15,48.88,1.0,0
1.0,160.0,0.0,0.0,0.0,73.49,54.12,6.0,0
48.0,28.88,86.09,1.0,1.0,10.12,54.31,2.0,1
52.0,115.21,41.62,2.0,3.0,78.41,38.24,5.0,1
61.0,75.11,44.47,5.0,0.0,21.17,44.05,4.0,1
52.0,26.85,85.11,3.0,2.0,27.84,33.0,3.0,1
63.0,101.11,6.33,7.0,2.0,62.73,56.12,4.0,1
1.0,160.0,0.0,0.0,0.0,72.59,55.11,7.0,0
53.0,52.98,72.75,0.0,0.0,31.66,18.22,3.0,0
1.0,40.56,52.39,3.0,1.0,16.15,45.13,4.0,1
33.0,15.0,14.71,5.0,2.0,0.0,32.18,2.0,0
72.0,81.81,37.94,5.0,1.0,65.63,0.0,5.0,1
44.0,32.66,87.64,2.0,1.0,0.0,90.05,1.0,1
72.0,77.83,74.37,2.0,2.0,19.4,37.95,3.0,0
40.0,107.35,42.6,3.0,1.0,49.22,21.59,6.0,0
60.0,111.76,34.95,6.0,1.0,78.31,28.93,5.0,1
46.0,90.09,72.55,1.0,2.0,28.46,34.71,5.0,0
38.0,66.52,38.56,6.0,1.0,25.13,47.85,4.0,1
72.0,84.08,52.53,2.0,0.0,0.0,100.0,1.0,1
42.0,147.58,30.96,1.0,0.0,36.67,66.85,5.0,0
61.0,100.45,53.05,1.0,1.0,30.31,37.49,4.0,0
72.0,76.85,77.69,2.0,1.0,23.02,43.1,3.0,0
32.0,120.86,33.78,1.0,1.0,35.98,12.93,6.0,0
72.0,69.55,36.67,1.0,2.0,39.52,42.45,2.0,1
46.0,110.02,42.66,0.0,0.0,44.33,48.48,4.0,0
72.0,65.64,63.98,1.0,1.0,4.58,78.35,1.0,1
72.0,58.5,43.55,9.0,0.0,60.12,16.83,4.0,1
35.0,71.77,60.39,0.0,0.0,55.09,21.04,4.0,0
1.0,40.56,23.99,1.0,2.0,57.55,21.52,4.0,0
7.0,40.7,51.63,1.0,0.0,34.21,35.65,3.0,0
69.0,115.93,41.56,2.0,1.0,92.32,42.24,4.0,1
64.0,112.21,58.46,1.0,0.0,19.76,50.49,4.0,0
60.0,106.81,28.25,5.0,1.0,65.16,22.4,5.0,1
42.0,47.55,71.74,0.0,0.0,49.81,21.98,3.0,0
44.0,85.67,60.49,1.0,2.0,43.15,27.9,4.0,0
25.0,32.01,58.44,4.0,2.0,34.76,47.01,3.0,1
39.0,130.49,30.09,1.0,3.0,35.09,18.77,6.0,0
42.0,131.65,34.01,2.0,1.0,32.24,23.91,6.0,0
17.0,87.46,52.07,0.0,0.0,23.07,66.02,4.0,0
48.0,86.04,9.2,9.0,0.0,26.07,51.62,4.0,1
1.0,15.0,25.39,3.0,0.0,72.37,31.42,3.0,0
52.0,90.6,33.26,0.0,1.0,73.47,49.21,3.0,1
67.0,50.77,26.77,1.0,0.0,32.63,0.0,3.0,1
55.0,106.28,0.0,0.0,1.0,0.0,83.73,1.0,0
72.0,86.63,32.48,3.0,2.0,62.88,3.3,4.0,1
17.0,38.82,23.69,0.0,1.0,83.25,46.08,2.0,0
53.0,104.05,61.48,1.0,0.0,32.06,58.31,4.0,0
66.0,90.08,9.89,3.0,0.0,51.57,36.49,3.0,1
1.0,57.95,45.64,1.0,0.0,11.93,25.15,5.0,0
34.0,50.6,60.8,0.0,2.0,78.23,70.8,1.0,0
1.0,15.0,35.99,6.0,2.0,31.02,3.45,4.0,0
35.0,122.21,46.26,0.0,1.0,38.43,47.07,5.0,0
31.0,74.78,29.38,0.0,2.0,4.68,56.26,3.0,0
57.0,102.9,53.68,0.0,1.0,18.96,53.84,3.0,0
42.0,62.4,16.6,0.0,1.0,5.09,63.46,2.0,0
41.0,24.86,67.36,0.0,1.0,36.57,49.61,2.0,1
44.0,105.67,62.7,0.0,0.0,29.04,47.89,4.0,0
20.0,93.33,25.15,4.0,0.0,46.36,80.16,4.0,1
64.0,119.42,36.38,3.0,1.0,100.0,63.45,4.0,1
1.0,40.31,47.47,3.0,1.0,14.24,17.64,4.0,0
52.0,89.89,9.79,0.0,0.0,0.0,71.39,2.0,0
56.0,103.95,50.03,0.0,1.0,21.31,31.31,4.0,0
50.0,69.25,28.97,0.0,1.0,1.16,62.87,2.0,0
60.0,108.09,8.55,7.0,1.0,55.81,45.59,5.0,1
29.0,120.17,39.95,0.0,1.0,28.88,22.92,6.0,0
43.0,47.38,61.47,5.0,0.0,16.5,56.36,3.0,1
25.0,21.23,59.99,5.0,3.0,41.16,57.33,2.0,1
19.0,57.19,5.72,2.0,1.0,0.0,29.89,4.0,0
49.0,111.02,42.2,1.0,0.0,33.31,28.34,5.0,0
63.0,51.95,21.74,3.0,0.0,35.96,22.28,3.0,1
1.0,49.02,15.85,1.0,1.0,54.86,29.01,4.0,0
72.0,15.0,100.0,0.0,1.0,65.66,34.45,1.0,1
23.0,75.71,55.83,0.0,0.0,9.69,54.17,3.0,0
58.0,122.96,47.54,2.0,2.0,23.5,47.2,5.0,0
12.0,22.3,42.0,3.0,1.0,23.12,32.14,3.0,0
20.0,125.98,41.3,0.0,1.0,48.05,73.92,4.0,0
30.0,15.0,13.11,3.0,1.0,23.49,36.66,1.0,0
72.0,35.43,85.43,3.0,1.0,14.4,71.08,1.0,1
27.0,44.08,12.76,0.0,1.0,75.26,53.75,1.0,0
42.0,91.25,36.4,7.0,2.0,48.05,26.07,6.0,1
41.0,92.23,67.77,0.0,0.0,23.6,58.15,3.0,0
63.0,79.07,70.47,1.0,3.0,28.01,27.51,4.0,0
44.0,47.14,31.04,0.0,0.0,27.79,65.1,1.0,0
24.0,34.97,14.85,1.0,0.0,36.48,42.13,2.0,0
72.0,105.09,57.32,5.0,0.0,21.49,20.61,5.0,0
48.0,93.61,69.45,0.0,2.0,26.7,40.13,4.0,0
72.0,45.66,58.14,7.0,1.0,52.63,6.98,4.0,1
72.0,30.2,65.51,5.0,0.0,63.67,13.96,3.0,1
72.0,108.02,67.66,2.0,3.0,11.14,52.95,4.0,0
56.0,79.57,80.83,0.0,1.0,31.96,52.94,3.0,0
26.0,68.72,40.1,0.0,1.0,35.98,59.03,2.0,0
39.0,90.91,50.68,0.0,2.0,37.28,46.14,3.0,0
1.0,62.39,17.53,0.0,1.0,26.77,23.62,4.0,0
57.0,95.25,18.91,5.0,1.0,50.23,37.84,4.0,1
17.0,77.31,32.76,0.0,0.0,19.85,43.62,4.0,0
4.0,17.52,9.31,5.0,1.0,22.88,26.51,3.0,0
72.0,76.48,26.04,4.0,2.0,56.9,3.95,4.0,1
27.0,57.08,35.58,0.0,0.0,53.55,61.38,2.0,0
44.0,137.88,38.24,2.0,1.0,22.19,39.61,6.0,0
41.0,98.11,6.81,5.0,2.0,29.28,64.4,4.0,1
48.0,55.27,62.28,2.0,0.0,8.15,56.77,3.0,1
72.0,64.85,87.82,1.0,2.0,0.0,59.75,1.0,0
24.0,52.19,20.05,0.0,1.0,14.11,42.13,3.0,0
22.0,113.32,56.5,0.0,2.0,38.11,46.74,5.0,0
51.0,114.11,51.86,0.0,1.0,30.78,62.68,4.0,0
41.0,111.56,47.84,2.0,1.0,71.21,33.46,5.0,1
25.0,98.83,59.99,3.0,2.0,43.82,3.21,7.0,0
72.0,46.16,91.95,2.0,1.0,18.37,29.64,2.0,0
26.0,54.58,71.03,3.0,1.0,0.0,42.89,4.0,0
65.0,67.06,64.33,1.0,0.0,45.43,31.03,3.0,0
1.0,15.0,24.41,5.0,1.0,46.74,5.99,3.0,0
72.0,113.8,53.6,2.0,2.0,19.75,50.75,4.0,0
72.0,82.9,77.18,4.0,0.0,19.76,42.26,4.0,0
20.0,78.32,37.48,0.0,1.0,24.99,49.4,3.0,0
63.0,99.27,37.69,4.0,1.0,85.17,24.45,5.0,1
20.0,15.0,63.04,6.0,2.0,59.05,8.88,4.0,1
38.0,101.19,36.56,2.0,1.0,0.0,100.0,3.0,1
59.0,104.75,34.75,0.0,2.0,0.0,84.98,2.0,0
42.0,69.58,39.35,0.0,0.0,43.69,64.99,1.0,0
1.0,61.25,56.99,3.0,1.0,5.65,29.59,5.0,0
31.0,62.57,72.74,0.0,1.0,41.7,26.58,4.0,0
18.0,46.51,37.77,2.0,0.0,0.0,36.82,3.0,0
1.0,38.11,52.25,2.0,1.0,44.98,31.21,4.0,0
72.0,85.27,24.02,7.0,1.0,66.77,28.47,4.0,1
40.0,109.49,51.93,3.0,0.0,42.18,20.52,6.0,0
10.0,60.22,42.69,0.0,1.0,27.49,38.34,4.0,0
19.0,70.21,44.38,1.0,1.0,0.0,46.48,4.0,0
28.0,59.17,23.99,0.0,2.0,19.76,49.95,2.0,0
37.0,102.95,27.03,0.0,0.0,74.17,66.2,3.0,1
39.0,84.31,12.59,2.0,2.0,20.11,53.46,3.0,1
9.0,23.61,27.28,2.0,2.0,46.4,36.62,3.0,0
63.0,78.14,32.16,7.0,1.0,71.97,41.26,4.0,1
46.0,35.89,44.11,0.0,0.0,11.27,59.25,1.0,0
28.0,49.23,30.96,0.0,1.0,44.1,62.49,2.0,0
72.0,132.74,55.32,3.0,2.0,17.11,64.58,5.0,0
56.0,88.81,65.69,1.0,1.0,34.59,46.2,4.0,0
37.0,51.42,49.77,0.0,0.0,26.38,57.82,2.0,0
67.0,49.37,60.41,4.0,1.0,69.64,0.0,5.0,1
49.0,97.75,34.09,4.0,1.0,100.0,60.84,4.0,1
64.0,96.13,65.17,1.0,1.0,0.0,100.0,2.0,1
1.0,73.26,64.31,1.0,0.0,0.0,25.77,5.0,0
31.0,41.24,63.13,4.0,0.0,15.01,46.85,3.0,1
46.0,92.83,44.36,0.0,0.0,19.76,77.23,2.0,0
66.0,52.75,53.91,7.0,0.0,45.0,34.72,3.0,1
57.0,90.78,54.03,0.0,1.0,30.49,41.34,4.0,0
1.0,33.87,29.55,3.0,2.0,22.25,29.27,4.0,0
1.0,15.0,5.85,3.0,2.0,84.67,20.74,3.0,0
43.0,63.06,41.99,0.0,3.0,0.0,52.22,3.0,0
20.0,15.0,13.03,1.0,0.0,71.85,41.73,1.0,0
40.0,128.08,25.36,4.0,0.0,56.74,57.1,5.0,1
27.0,49.68,14.56,0.0,0.0,21.15,41.97,2.0,0
33.0,108.09,12.1,5.0,1.0,31.8,74.48,4.0,1
31.0,70.99,0.78,0.0,1.0,15.7,61.13,2.0,0
24.0,62.43,15.98,0.0,0.0,22.35,57.57,2.0,0
42.0,156.11,29.13,1.0,2.0,33.76,78.36,5.0,0
28.0,131.11,30.97,0.0,2.0,39.66,56.4,5.0,0
23.0,43.52,20.79,1.0,0.0,0.92,37.36,3.0,0
23.0,112.69,31.53,0.0,1.0,50.15,57.64,4.0,0
54.0,142.49,33.04,2.0,0.0,29.9,50.88,5.0,0
50.0,109.87,14.42,9.0,0.0,10.75,64.05,5.0,1
28.0,87.26,53.64,0.0,1.0,50.2,51.52,3.0,0
20.0,59.87,39.5,1.0,1.0,11.51,49.71,3.0,0
18.0,43.51,20.16,0.0,1.0,46.5,43.67,2.0,0
44.0,39.74,70.38,1.0,0.0,24.78,26.78,3.0,1
5.0,16.86,45.05,3.0,1.0,10.4,11.65,4.0,0
72.0,42.61,92.64,3.0,1.0,17.31,1.44,3.0,0
1.0,15.0,40.03,4.0,0.0,66.11,0.89,4.0,0
2.0,33.58,60.94,1.0,0.0,20.15,23.62,4.0,0
72.0,58.14,83.63,0.0,2.0,17.51,23.67,3.0,0
63.0,135.45,54.21,5.0,1.0,22.43,39.51,6.0,0
47.0,15.0,30.94,1.0,0.0,55.53,49.75,1.0,0
56.0,85.43,34.8,3.0,1.0,70.85,38.03,4.0,1
40.0,119.98,46.99,3.0,0.0,42.33,36.06,6.0,0
11.0,17.6,51.49,0.0,1.0,33.04,18.24,3.0,0
65.0,87.54,74.0,0.0,1.0,34.83,100.0,1.0,0
72.0,91.39,57.12,3.0,0.0,24.57,24.62,4.0,0
46.0,62.91,70.08,0.0,2.0,40.29,65.11,1.0,0
26.0,63.45,55.83,0.0,2.0,49.2,26.26,3.0,0
1.0,57.81,51.87,0.0,0.0,28.94,9.95,5.0,0
1.0,27.06,32.45,3.0,2.0,39.75,14.33,4.0,0
67.0,62.42,32.77,10.0,0.0,72.5,0.0,6.0,1
12.0,17.9,30.01,2.0,2.0,35.53,25.66,3.0,0
20.0,27.21,33.14,2.0,0.0,12.76,28.51,3.0,0
42.0,101.54,53.71,0.0,2.0,29.55,42.01,4.0,0
72.0,44.7,66.37,0.0,0.0,43.18,37.4,2.0,0
38.0,39.21,19.45,0.0,0.0,37.61,54.7,1.0,0
52.0,51.47,75.49,0.0,1.0,37.58,27.49,3.0,0
70.0,39.12,59.04,5.0,0.0,57.72,75.82,1.0,1
23.0,34.3,34.26,0.0,1.0,40.44,44.55,2.0,0
36.0,153.07,24.21,0.0,4.0,41.57,74.12,5.0,0
51.0,90.82,36.83,2.0,1.0,0.0,66.08,3.0,1
42.0,35.66,47.91,7.0,0.0,61.83,25.21,4.0,1
30.0,93.6,33.85,0.0,3.0,42.59,12.55,5.0,0
25.0,114.34,39.24,0.0,0.0,41.3,20.88,6.0,0
38.0,90.81,59.11,0.0,2.0,47.97,55.19,3.0,0
35.0,63.41,26.44,0.0,0.0,59.96,67.26,1.0,0
15.0,106.57,40.06,0.0,2.0,0.0,48.4,5.0,0
12.0,46.74,13.07,0.0,2.0,52.72,36.42,3.0,0
15.0,95.67,0.0,0.0,1.0,38.66,59.67,3.0,0
61.0,41.77,79.97,0.0,0.0,40.55,33.38,2.0,0
72.0,160.0,24.44,5.0,1.0,16.7,48.44,6.0,0
67.0,28.57,100.0,0.0,2.0,22.88,64.39,1.0,0
72.0,95.69,53.51,0.0,2.0,100.0,31.49,4.0,1
72.0,50.91,69.22,3.0,1.0,25.26,43.81,2.0,1
42.0,105.67,47.07,0.0,1.0,32.02,48.08,4.0,0
3.0,52.28,35.12,0.0,0.0,54.94,35.98,3.0,0
72.0,69.42,91.04,5.0,2.0,28.97,26.3,4.0,0
4.0,37.02,27.07,3.0,2.0,0.0,15.43,4.0,0
23.0,51.72,50.96,0.0,1.0,16.4,34.31,3.0,0
72.0,62.15,78.93,0.0,1.0,16.32,51.46,2.0,0
42.0,67.2,39.93,6.0,2.0,22.39,38.76,4.0,1
53.0,113.03,25.7,0.0,2.0,0.0,81.67,2.0,0
67.0,123.9,8.29,4.0,0.0,72.7,57.67,4.0,1
12.0,47.76,19.79,0.0,2.0,79.72,37.3,2.0,0
36.0,111.55,8.23,1.0,3.0,40.13,65.69,4.0,1
43.0,98.74,48.63,0.0,0.0,44.13,45.86,4.0,0
2.0,15.0,32.76,3.0,1.0,86.04,22.7,1.0,0
25.0,80.42,61.65,0.0,1.0,57.53,34.05,4.0,0
60.0,95.0,28.0,9.0,0.0,59.13,35.15,5.0,1
54.0,15.97,84.35,1.0,1.0,32.75,37.09,2.0,1
17.0,35.07,51.7,0.0,1.0,25.07,30.65,3.0,0
22.0,41.88,37.38,0.0,2.0,61.69,41.21,2.0,0
56.0,94.83,60.18,1.0,1.0,27.75,41.65,4.0,0
51.0,111.26,34.57,3.0,0.0,95.72,72.55,4.0,1
51.0,34.39,7.97,0.0,0.0,29.8,71.73,1.0,0
54.0,94.17,42.7,3.0,1.0,0.0,87.01,3.0,1
37.0,45.61,13.71,1.0,2.0,8.31,54.52,2.0,0
43.0,90.18,54.11,0.0,1.0,41.29,43.35,4.0,0
54.0,35.12,94.06,0.0,1.0,38.05,55.54,1.0,0
60.0,61.8,67.95,0.0,1.0,29.11,37.19,2.0,0
67.0,117.31,50.86,0.0,0.0,28.08,63.84,3.0,0
62.0,87.68,84.96,0.0,2.0,13.58,64.76,3.0,0
21.0,35.0,53.62,0.0,2.0,0.0,24.97,3.0,0
72.0,27.26,87.39,3.0,0.0,33.01,5.36,3.0,0
10.0,33.36,26.44,0.0,0.0,56.0,27.53,3.0,0
71.0,115.19,53.46,0.0,0.0,5.78,55.15,4.0,0
20.0,15.0,2.74,3.0,0.0,38.92,27.87,1.0,0
46.0,135.73,22.23,4.0,0.0,66.92,71.92,5.0,1
22.0,18.42,27.0,0.0,2.0,59.11,39.98,1.0,0
45.0,43.36,31.94,0.0,3.0,55.24,73.27,1.0,0
41.0,15.0,82.85,2.0,1.0,43.64,60.6,1.0,1
58.0,89.1,73.28,0.0,1.0,15.03,48.56,3.0,0
13.0,78.24,27.85,0.0,1.0,14.41,45.11,4.0,0
36.0,28.52,15.91,4.0,0.0,0.0,42.53,2.0,0
39.0,15.0,100.0,0.0,0.0,7.3,51.83,1.0,1
28.0,40.76,19.3,0.0,1.0,17.61,34.56,2.0,0
47.0,100.17,53.12,0.0,0.0,26.28,55.88,3.0,0
72.0,80.11,27.47,5.0,2.0,51.94,54.86,3.0,1
72.0,117.93,46.25,1.0,1.0,12.74,33.2,5.0,0
40.0,104.89,26.65,5.0,0.0,48.7,53.86,5.0,1
72.0,97.17,58.07,2.0,1.0,0.0,82.08,2.0,1
21.0,45.2,24.96,0.0,0.0,33.19,42.88,2.0,0
25.0,48.82,8.87,0.0,2.0,42.97,46.8,2.0,0
50.0,115.93,43.15,2.0,0.0,94.6,58.88,4.0,1
13.0,76.95,45.08,0.0,0.0,28.52,52.99,4.0,0
28.0,124.08,17.45,0.0,1.0,57.15,43.14,5.0,0
28.0,81.18,28.24,0.0,1.0,24.68,58.18,3.0,0
68.0,86.48,38.46,6.0,1.0,14.8,51.55,4.0,1
41.0,48.85,68.78,0.0,0.0,0.0,82.03,1.0,1
29.0,143.68,30.95,0.0,2.0,45.33,58.36,5.0,0
12.0,140.41,31.54,0.0,2.0,36.69,58.63,5.0,0
42.0,65.89,36.21,0.0,0.0,21.66,63.67,2.0,0
15.0,35.36,43.29,1.0,1.0,45.7,48.17,2.0,0
1.0,40.94,35.39,3.0,1.0,40.78,23.92,4.0,0
45.0,68.35,21.87,0.0,0.0,6.94,74.64,2.0,0
72.0,62.04,86.93,2.0,1.0,18.19,22.56,3.0,0
60.0,129.45,43.56,1.0,2.0,28.78,65.25,4.0,0
50.0,97.17,56.61,0.0,3.0,22.26,58.67,3.0,0
1.0,17.18,28.71,5.0,0.0,18.48,9.39,4.0,0
1.0,53.63,62.04,0.0,0.0,57.19,26.7,4.0,0
11.0,47.4,37.95,1.0,1.0,40.51,38.36,3.0,0
72.0,106.18,61.27,0.0,1.0,11.15,76.7,2.0,0
5.0,150.85,15.77,0.0,0.0,67.86,54.4,6.0,0
38.0,15.0,100.0,5.0,2.0,33.55,0.0,3.0,1
46.0,89.5,60.79,0.0,1.0,39.82,52.83,3.0,0
36.0,15.0,87.53,1.0,1.0,52.69,25.63,2.0,1
29.0,87.82,11.4,4.0,1.0,41.95,62.04,4.0,1
72.0,56.67,66.16,7.0,1.0,41.12,54.13,2.0,1
69.0,66.26,34.32,9.0,2.0,63.05,20.12,4.0,1
39.0,84.12,61.85,1.0,0.0,96.55,46.02,4.0,1
27.0,53.96,23.76,0.0,0.0,70.62,60.56,1.0,0
38.0,69.05,30.03,0.0,1.0,16.96,68.26,2.0,0
11.0,69.34,5.52,8.0,0.0,53.22,30.46,5.0,1
72.0,64.58,78.01,1.0,1.0,18.77,42.8,3.0,0
58.0,20.21,65.02,3.0,1.0,55.96,38.27,2.0,1
14.0,19.36,11.16,2.0,1.0,33.31,24.53,2.0,0
66.0,42.59,51.27,0.0,1.0,83.17,25.75,2.0,1
21.0,30.25,21.88,1.0,1.0,16.11,20.05,3.0,0
3.0,25.0,41.08,3.0,2.0,40.38,43.48,3.0,0
54.0,69.97,59.93,0.0,2.0,0.0,39.54,3.0,1
72.0,124.25,62.86,3.0,0.0,0.0,41.81,5.0,0
42.0,65.65,51.01,5.0,1.0,8.56,45.34,4.0,1
20.0,57.49,40.1,1.0,0.0,8.09,44.98,3.0,0
44.0,74.16,33.5,0.0,0.0,0.0,54.37,2.0,0
26.0,73.24,14.17,0.0,0.0,44.9,57.05,2.0,0
21.0,67.41,41.55,0.0,2.0,33.48,47.09,3.0,0
8.0,71.34,56.89,0.0,2.0,16.47,42.33,4.0,0
72.0,112.56,69.04,5.0,0.0,9.66,45.03,5.0,0
45.0,152.47,30.72,5.0,2.0,28.38,19.53,8.0,0
37.0,114.1,40.3,0.0,0.0,48.15,61.33,4.0,0
7.0,57.7,37.6,1.0,1.0,43.34,47.4,3.0,0
55.0,74.14,52.89,5.0,1.0,8.74,51.4,4.0,1
24.0,150.06,34.18,0.0,3.0,42.5,83.44,5.0,0
27.0,15.0,18.79,2.0,0.0,38.25,34.26,1.0,0
1.0,15.0,26.94,4.0,1.0,59.63,30.6,3.0,0
8.0,34.7,46.33,2.0,2.0,5.18,21.78,4.0,0
57.0,85.02,47.88,4.0,2.0,100.0,43.32,4.0,1
28.0,57.87,14.91,1.0,0.0,0.0,40.36,3.0,0
60.0,100.02,60.44,0.0,3.0,20.45,69.15,3.0,0
52.0,104.65,61.38,2.0,2.0,100.0,43.58,4.0,1
59.0,15.0,82.65,1.0,1.0,45.36,51.13,1.0,1
5.0,34.09,25.53,2.0,1.0,45.32,32.88,3.0,0
3.0,50.38,50.06,0.0,2.0,52.16,31.66,4.0,0
70.0,64.18,79.54,0.0,0.0,22.65,36.65,3.0,0
33.0,56.75,29.24,0.0,2.0,6.27,52.86,2.0,0
61.0,48.67,53.75,0.0,1.0,68.41,0.0,3.0,1
44.0,65.67,36.0,0.0,0.0,0.61,63.52,2.0,0
55.0,27.99,61.81,2.0,0.0,54.46,36.43,2.0,1
33.0,41.68,45.56,0.0,0.0,17.23,44.28,2.0,0
20.0,61.99,11.62,1.0,1.0,29.05,47.09,3.0,0
40.0,31.0,73.97,4.0,0.0,18.61,51.99,3.0,1
71.0,32.8,100.0,0.0,1.0,17.87,26.15,2.0,0
45.0,98.71,45.16,0.0,2.0,40.25,49.55,3.0,0
10.0,15.0,33.38,2.0,2.0,51.67,20.02,2.0,0
23.0,15.64,51.7,2.0,0.0,0.0,27.19,3.0,0
4.0,16.6,35.09,2.0,1.0,58.31,33.93,3.0,0
62.0,74.81,75.84,0.0,2.0,24.17,34.26,3.0,0
72.0,63.43,83.75,0.0,1.0,14.5,52.41,2.0,0
54.0,75.03,19.47,5.0,0.0,60.08,19.37,4.0,1
55.0,78.42,83.2,0.0,1.0,24.91,56.15,3.0,0
40.0,56.49,19.95,0.0,1.0,37.4,57.97,1.0,0
72.0,86.29,51.38,3.0,2.0,100.0,17.5,4.0,1
63.0,110.74,55.62,4.0,1.0,23.15,14.84,6.0,0
14.0,146.28,17.48,1.0,3.0,47.68,37.01,7.0,0
29.0,110.25,30.66,0.0,4.0,50.95,59.07,4.0,0
63.0,89.49,58.87,0.0,1.0,35.56,51.87,3.0,0
20.0,43.95,43.73,0.0,0.0,70.7,52.53,2.0,0
1.0,58.41,35.9,0.0,2.0,88.38,52.59,3.0,0
51.0,65.07,54.91,2.0,1.0,1.79,51.86,3.0,1
72.0,82.5,14.39,5.0,1.0,60.41,28.97,3.0,1
23.0,57.67,21.51,0.0,1.0,60.77,51.52,2.0,0
27.0,86.41,32.54,0.0,1.0,10.66,66.23,3.0,0
1.0,39.63,60.05,2.0,2.0,25.49,20.51,5.0,0
72.0,15.0,100.0,1.0,1.0,70.71,2.05,1.0,1
72.0,57.38,56.16,2.0,0.0,94.61,5.5,3.0,1
47.0,43.78,0.0,0.0,1.0,33.83,58.75,1.0,0
21.0,15.0,39.63,1.0,3.0,43.77,39.14,2.0,0
29.0,100.6,38.29,4.0,0.0,0.0,59.39,5.0,1
10.0,36.52,32.43,1.0,1.0,45.7,34.31,3.0,0
17.0,20.18,3.67,4.0,1.0,0.0,15.97,3.0,0
50.0,57.87,33.44,0.0,1.0,43.14,18.32,3.0,1
57.0,40.3,64.57,0.0,1.0,52.51,21.48,2.0,0
31.0,62.66,55.35,0.0,3.0,21.65,54.28,2.0,0
26.0,15.0,0.0,1.0,2.0,47.9,37.72,1.0,0
62.0,59.04,63.26,0.0,2.0,49.7,36.03,3.0,0
5.0,151.27,27.02,0.0,0.0,51.59,57.71,6.0,0
3.0,40.14,44.15,2.0,0.0,18.55,26.22,4.0,0
38.0,22.32,75.17,6.0,0.0,41.64,19.93,4.0,1
65.0,66.81,46.35,7.0,1.0,34.18,49.58,3.0,1
38.0,53.7,17.73,0.0,1.0,36.75,57.67,1.0,0
37.0,81.96,55.96,0.0,2.0,46.47,41.68,4.0,0
72.0,94.7,77.26,2.0,1.0,0.35,52.58,3.0,0
7.0,44.51,38.16,1.0,1.0,38.44,32.44,3.0,0
45.0,112.65,36.76,2.0,1.0,42.5,24.97,5.0,0
64.0,79.04,48.7,7.0,2.0,13.51,66.22,3.0,1
41.0,95.42,55.35,1.0,1.0,47.57,27.82,5.0,0
71.0,113.46,35.29,2.0,1.0,89.22,41.83,4.0,1
61.0,100.13,45.74,1.0,3.0,82.33,26.78,4.0,1
29.0,131.55,47.38,0.0,2.0,39.99,49.78,5.0,0
64.0,107.61,64.17,0.0,1.0,26.93,81.57,3.0,0
12.0,48.43,0.0,1.0,2.0,30.32,30.62,3.0,0
46.0,147.58,15.87,2.0,2.0,59.56,62.03,5.0,1
19.0,33.22,56.78,1.0,0.0,29.12,44.22,3.0,1
39.0,126.1,46.14,0.0,1.0,34.17,46.09,5.0,0
29.0,20.38,78.89,1.0,0.0,18.49,63.94,2.0,1
2.0,45.45,34.18,3.0,0.0,22.69,36.58,4.0,0
38.0,97.38,20.54,4.0,2.0,28.69,30.71,5.0,1
13.0,57.37,31.37,3.0,0.0,0.0,41.92,4.0,0
50.0,67.78,76.29,3.0,1.0,33.56,12.46,5.0,0
12.0,70.35,29.1,0.0,0.0,66.12,54.21,3.0,0
38.0,88.04,45.47,0.0,0.0,45.68,8.77,5.0,0
25.0,160.0,13.21,0.0,1.0,46.64,70.07,5.0,0
50.0,44.59,21.05,0.0,1.0,13.65,59.97,1.0,0
72.0,31.03,100.0,1.0,0.0,15.64,43.5,1.0,0
11.0,65.77,41.48,0.0,0.0,55.11,43.62,3.0,0
1.0,30.39,42.92,2.0,1.0,58.41,29.25,3.0,0
1.0,42.84,42.63,5.0,2.0,0.6,22.36,5.0,0
12.0,57.48,26.68,1.0,1.0,26.12,40.31,3.0,0
67.0,52.17,84.32,1.0,0.0,32.18,21.24,3.0,0
72.0,97.98,52.2,5.0,1.0,10.05,23.34,4.0,0
67.0,73.55,76.94,1.0,1.0,24.28,33.72,3.0,0
25.0,32.6,32.51,0.0,1.0,47.76,53.98,2.0,0
33.0,83.01,42.25,0.0,2.0,23.69,60.9,3.0,0
1.0,18.18,43.19,4.0,2.0,0.0,4.62,4.0,0
72.0,66.57,32.25,4.0,1.0,56.67,25.44,3.0,1
72.0,66.25,73.61,4.0,1.0,4.28,85.64,1.0,1
25.0,55.94,33.27,0.0,2.0,16.35,46.59,3.0,0
36.0,160.0,12.37,2.0,3.0,24.96,37.96,7.0,0
6.0,88.24,33.03,0.0,1.0,47.59,43.79,4.0,0
45.0,15.0,80.85,5.0,3.0,51.29,4.87,3.0,1
34.0,102.01,44.28,1.0,2.0,54.21,18.67,5.0,0
60.0,125.68,57.56,0.0,0.0,15.0,100.0,1.0,0
69.0,40.69,86.25,2.0,2.0,42.36,15.35,3.0,0
34.0,56.39,20.86,0.0,0.0,72.61,61.65,1.0,0
29.0,91.88,44.61,0.0,1.0,55.15,46.91,4.0,0
41.0,49.19,76.95,0.0,1.0,38.29,24.26,3.0,0
62.0,42.72,61.37,2.0,2.0,63.14,0.0,3.0,1
33.0,103.18,50.66,0.0,2.0,39.6,46.79,4.0,0
1.0,15.0,53.7,2.0,3.0,70.97,27.24,3.0,0
68.0,135.89,53.57,3.0,3.0,100.0,71.97,4.0,1
44.0,132.24,24.9,1.0,1.0,73.26,77.72,4.0,1
22.0,31.55,42.15,4.0,1.0,51.07,14.22,4.0,1
23.0,39.3,36.03,0.0,1.0,55.04,45.48,2.0,0
16.0,61.17,39.46,0.0,1.0,35.56,42.32,3.0,0
5.0,62.24,0.0,0.0,0.0,47.92,39.96,3.0,0
10.0,18.93,0.0,3.0,0.0,48.04,32.86,2.0,0
72.0,88.5,85.96,3.0,3.0,4.36,70.66,2.0,0
55.0,74.47,69.0,2.0,1.0,41.75,26.9,4.0,0
14.0,62.77,1.69,1.0,2.0,21.69,41.67,3.0,0
30.0,30.11,72.22,0.0,0.0,6.6,36.83,2.0,1
41.0,158.61,28.28,1.0,2.0,36.35,55.12,6.0,0
69.0,90.11,43.59,3.0,0.0,0.0,87.69,2.0,1
61.0,98.38,46.98,0.0,0.0,35.09,38.5,4.0,0
8.0,90.49,25.11,0.0,2.0,75.81,5.84,5.0,0
70.0,100.8,64.36,4.0,1.0,24.03,24.21,5.0,0
44.0,81.85,47.03,0.0,0.0,39.46,20.26,4.0,0
56.0,76.67,70.94,0.0,2.0,30.05,44.4,3.0,0
30.0,120.18,5.79,8.0,2.0,0.0,39.96,6.0,1
72.0,44.57,71.45,3.0,0.0,22.59,48.59,2.0,1
28.0,129.69,26.99,3.0,1.0,52.97,10.75,7.0,0
59.0,60.41,86.6,0.0,2.0,25.66,51.57,2.0,0
60.0,122.39,57.47,0.0,2.0,21.56,74.56,4.0,0
72.0,85.0,50.25,4.0,0.0,100.0,27.28,4.0,1
43.0,107.35,18.7,4.0,0.0,51.12,45.81,5.0,1
9.0,37.69,49.32,1.0,0.0,28.97,30.2,3.0,0
20.0,63.74,51.15,0.0,1.0,26.92,45.07,3.0,0
4.0,58.28,47.86,0.0,2.0,36.2,27.98,4.0,0
7.0,50.54,28.39,0.0,0.0,49.59,43.75,3.0,0
72.0,106.89,29.25,5.0,1.0,6.52,16.39,5.0,1
66.0,106.65,22.85,0.0,1.0,75.57,39.59,3.0,1
27.0,58.53,64.12,0.0,2.0,0.0,41.86,3.0,0
69.0,90.31,74.3,4.0,2.0,9.44,15.64,5.0,0
70.0,99.88,61.88,1.0,1.0,20.2,45.12,4.0,0
37.0,26.17,37.43,0.0,0.0,34.85,37.22,1.0,0
72.0,87.7,76.59,3.0,1.0,14.26,41.96,4.0,0
10.0,61.05,15.34,3.0,1.0,7.69,43.0,4.0,0
31.0,160.0,9.13,4.0,1.0,39.09,12.91,8.0,0
32.0,15.0,28.57,2.0,2.0,46.46,45.15,1.0,0
10.0,31.64,0.0,3.0,0.0,49.6,36.85,2.0,0
19.0,15.0,57.36,7.0,0.0,67.83,29.21,3.0,1
72.0,76.96,74.23,0.0,1.0,22.7,53.05,2.0,0
26.0,61.22,59.14,0.0,3.0,20.03,45.33,3.0,0
72.0,28.82,69.42,1.0,1.0,59.02,13.44,2.0,1
71.0,81.94,58.95,0.0,1.0,19.28,27.26,3.0,0
59.0,110.6,19.98,10.0,0.0,65.26,44.4,5.0,1
24.0,92.35,54.14,0.0,1.0,49.72,27.03,5.0,0
45.0,87.5,59.5,1.0,1.0,39.4,25.0,5.0,0
36.0,88.25,56.76,2.0,2.0,47.03,20.68,5.0,0
1.0,61.63,41.02,2.0,2.0,46.1,29.58,5.0,0
37.0,28.7,64.06,2.0,0.0,31.25,60.88,2.0,1
22.0,25.88,22.88,3.0,2.0,19.63,35.19,2.0,0
31.0,68.57,72.06,0.0,0.0,42.05,31.58,4.0,0
25.0,55.15,4.53,0.0,2.0,55.1,50.27,2.0,0
36.0,139.6,44.13,3.0,0.0,30.05,32.87,7.0,0
25.0,38.61,44.78,1.0,1.0,0.0,37.75,3.0,0
1.0,15.0,43.78,0.0,2.0,84.62,5.13,3.0,0
10.0,29.01,21.12,2.0,0.0,39.94,33.39,3.0,0
32.0,33.42,65.56,6.0,1.0,33.97,25.18,4.0,1
24.0,77.33,49.29,0.0,1.0,2.03,50.92,4.0,0
1.0,38.55,36.2,4.0,2.0,0.0,13.58,5.0,0
65.0,100.96,51.29,5.0,1.0,23.09,0.0,6.0,0
33.0,39.81,78.87,2.0,3.0,0.0,79.58,2.0,1
40.0,43.08,64.38,1.0,1.0,57.59,0.89,4.0,1
42.0,40.34,32.47,0.0,1.0,0.0,50.78,2.0,0
1.0,15.0,32.86,4.0,2.0,35.64,9.55,3.0,0
10.0,87.99,33.0,0.0,1.0,11.71,39.54,5.0,0
56.0,106.02,57.1,1.0,0.0,28.15,41.52,4.0,0
72.0,102.86,56.47,1.0,1.0,22.21,46.69,4.0,0
72.0,103.89,74.1,4.0,0.0,2.12,41.67,4.0,0
41.0,90.96,49.88,0.0,0.0,38.0,17.85,5.0,0
21.0,143.03,20.18,0.0,0.0,46.12,33.81,6.0,0
47.0,74.88,48.83,7.0,0.0,9.11,14.82,5.0,1
36.0,121.47,18.2,3.0,2.0,56.18,67.82,4.0,1
66.0,95.15,59.33,2.0,1.0,17.23,26.92,4.0,0
72.0,53.03,90.35,4.0,2.0,28.19,22.02,3.0,0
72.0,41.2,63.52,3.0,2.0,53.17,15.51,2.0,1
1.0,15.0,12.79,4.0,1.0,31.09,21.6,3.0,0
21.0,31.7,46.66,1.0,1.0,0.0,26.37,3.0,0
10.0,40.57,24.06,0.0,0.0,58.1,39.37,3.0,0
4.0,48.09,27.0,2.0,1.0,19.93,37.5,3.0,0
72.0,88.31,66.41,0.0,3.0,0.0,67.13,3.0,1
68.0,53.6,76.8,1.0,1.0,26.25,6.19,4.0,0
45.0,61.19,56.95,1.0,1.0,6.36,55.78,3.0,1
1.0,42.2,22.61,3.0,2.0,11.37,15.96,4.0,0
11.0,15.0,46.3,6.0,1.0,0.0,18.38,3.0,0
60.0,50.17,24.39,0.0,1.0,51.85,79.12,1.0,0
59.0,129.54,38.63,3.0,0.0,96.63,62.08,5.0,1
32.0,72.47,14.46,1.0,2.0,0.0,56.98,3.0,0
24.0,63.87,24.95,0.0,1.0,26.0,54.05,3.0,0
30.0,134.2,33.99,0.0,2.0,38.15,49.52,5.0,0
51.0,73.6,73.73,0.0,1.0,35.08,47.4,3.0,0
47.0,130.88,33.33,3.0,2.0,39.92,30.52,6.0,0
43.0,80.65,54.54,0.0,0.0,43.86,44.03,3.0,0
54.0,120.4,35.8,5.0,2.0,90.44,56.45,5.0,1
1.0,92.78,31.06,1.0,1.0,35.8,44.61,5.0,0
35.0,109.8,53.22,0.0,1.0,33.61,74.7,3.0,0
44.0,74.55,56.16,7.0,0.0,73.91,9.77,5.0,1
21.0,97.45,27.11,0.0,0.0,64.24,57.05,3.0,0
8.0,15.0,47.79,3.0,0.0,5.94,11.31,3.0,0
58.0,160.0,29.33,0.0,1.0,5.62,75.75,5.0,0
29.0,40.25,59.33,4.0,1.0,25.66,32.75,4.0,1
23.0,105.2,41.18,0.0,1.0,59.24,72.93,3.0,0
17.0,16.87,22.25,2.0,2.0,34.54,32.72,2.0,0
1.0,31.37,44.99,3.0,1.0,47.37,23.51,4.0,0
42.0,118.99,40.14,9.0,1.0,74.85,47.66,6.0,1
33.0,50.54,28.55,0.0,2.0,35.69,56.38,2.0,0
9.0,19.36,37.07,2.0,1.0,31.35,25.3,3.0,0
24.0,15.0,19.25,2.0,0.0,48.02,33.25,1.0,0
54.0,115.25,58.31,3.0,2.0,25.3,41.76,5.0,0
45.0,108.98,60.57,0.0,3.0,23.56,71.31,3.0,0
35.0,15.0,15.64,0.0,3.0,68.97,46.67,1.0,0
22.0,35.45,25.2,0.0,2.0,70.06,51.18,1.0,0
28.0,97.11,55.13,0.0,0.0,36.92,38.15,4.0,0
68.0,71.1,76.47,4.0,1.0,28.23,14.16,4.0,0
14.0,65.5,27.4,0.0,0.0,59.09,51.09,3.0,0
56.0,141.53,17.08,2.0,2.0,81.24,47.73,5.0,1
31.0,46.18,24.62,0.0,1.0,15.88,49.76,2.0,0
59.0,58.08,27.42,2.0,2.0,37.35,22.36,3.0,1
30.0,88.08,67.78,0.0,1.0,17.33,62.16,3.0,0
1.0,145.5,23.72,1.0,0.0,55.08,20.56,8.0,0
27.0,76.35,37.45,10.0,2.0,7.7,68.17,5.0,1
37.0,15.0,100.0,4.0,1.0,42.53,20.17,3.0,1
44.0,129.81,27.07,4.0,2.0,85.98,74.14,5.0,1
2.0,27.46,4.11,4.0,0.0,12.24,8.8,4.0,0
1.0,38.12,33.38,0.0,1.0,67.77,24.53,4.0,0
49.0,68.75,54.86,3.0,1.0,0.0,82.58,2.0,1
7.0,15.47,28.3,2.0,1.0,59.35,31.64,2.0,0
42.0,85.4,81.64,3.0,1.0,20.1,14.71,6.0,0
33.0,70.82,44.11,0.0,1.0,33.39,63.37,2.0,0
30.0,48.08,23.87,0.0,2.0,69.31,61.1,1.0,0
33.0,52.19,65.8,2.0,2.0,0.0,40.91,3.0,1
27.0,34.5,54.93,1.0,2.0,21.21,47.95,2.0,0
48.0,66.29,68.36,0.0,2.0,35.48,27.33,3.0,0
1.0,49.06,78.17,1.0,0.0,0.0,16.47,5.0,0
49.0,133.09,47.9,0.0,2.0,25.81,73.37,4.0,0
69.0,88.17,62.12,1.0,0.0,24.44,48.5,3.0,0
28.0,15.0,76.71,6.0,1.0,42.75,15.25,4.0,1
72.0,47.04,98.3,2.0,2.0,15.18,54.39,2.0,0
45.0,104.29,12.29,3.0,2.0,56.98,64.52,4.0,1
14.0,62.13,49.1,0.0,1.0,0.0,31.18,4.0,0
58.0,58.82,36.16,5.0,1.0,44.11,14.0,4.0,1
1.0,42.59,44.75,3.0,1.0,27.15,21.97,5.0,0
63.0,16.36,87.27,7.0,1.0,47.2,13.84,3.0,1
69.0,95.42,58.81,0.0,1.0,26.76,50.69,3.0,0
14.0,79.33,60.57,0.0,1.0,48.53,18.78,5.0,0
61.0,67.23,20.16,10.0,1.0,49.88,39.75,4.0,1
57.0,55.02,83.27,0.0,0.0,27.32,23.45,3.0,0
44.0,31.17,57.93,5.0,1.0,54.24,23.46,3.0,1
28.0,43.41,7.69,0.0,2.0,58.64,45.52,1.0,0
28.0,37.27,33.97,0.0,2.0,46.57,48.83,2.0,0
41.0,100.17,10.99,1.0,1.0,49.0,52.73,4.0,1
72.0,53.88,83.89,2.0,4.0,38.6,40.09,3.0,0
2.0,139.46,15.26,0.0,2.0,58.87,25.34,7.0,0
58.0,119.96,27.69,4.0,0.0,0.0,64.83,4.0,1
1.0,37.88,11.71,3.0,0.0,22.07,26.37,4.0,0
27.0,50.78,7.6,0.0,0.0,36.1,43.71,2.0,0
48.0,25.75,86.65,0.0,0.0,4.45,75.47,1.0,1
25.0,59.62,0.76,0.0,0.0,40.68,55.93,2.0,0
1.0,41.46,13.87,2.0,2.0,43.05,18.44,4.0,0
15.0,15.0,65.49,6.0,1.0,62.96,23.67,3.0,1
36.0,140.17,8.76,9.0,1.0,48.69,79.65,6.0,1
72.0,68.31,56.2,0.0,1.0,100.0,0.0,3.0,1
33.0,85.6,40.31,0.0,2.0,28.93,62.05,2.0,0
65.0,89.18,62.88,3.0,0.0,24.25,19.15,5.0,0
32.0,102.43,47.73,7.0,1.0,73.01,33.32,6.0,1
23.0,20.37,18.08,2.0,1.0,22.58,33.85,2.0,0
63.0,115.0,55.34,2.0,1.0,20.0,43.24,5.0,0
68.0,72.88,58.57,0.0,1.0,36.68,41.05,3.0,0
36.0,110.28,45.78,1.0,0.0,45.72,34.03,5.0,0
56.0,48.4,57.03,0.0,1.0,63.66,10.75,3.0,1
1.0,15.0,29.37,7.0,1.0,47.53,0.0,5.0,0
56.0,50.2,86.26,0.0,0.0,24.77,29.92,3.0,0
24.0,49.58,27.3,0.0,3.0,74.86,62.91,1.0,0
63.0,100.42,56.04,0.0,1.0,14.79,47.74,4.0,0
1.0,15.0,43.4,3.0,1.0,48.64,2.2,4.0,0
1.0,18.96,35.11,1.0,2.0,77.29,27.67,3.0,0
60.0,140.89,39.85,1.0,0.0,26.7,63.76,5.0,0
48.0,72.56,30.56,0.0,1.0,4.93,65.07,2.0,0
60.0,65.68,74.56,0.0,3.0,32.06,52.38,2.0,0
27.0,86.42,17.32,0.0,1.0,2.53,58.32,3.0,0
46.0,55.82,88.7,0.0,0.0,30.49,59.42,2.0,0
65.0,81.55,54.17,2.0,3.0,0.0,68.44,3.0,1
45.0,77.53,31.87,7.0,1.0,57.3,33.54,5.0,1
16.0,40.85,29.37,0.0,0.0,22.53,38.23,3.0,0
30.0,91.43,51.42,0.0,1.0,49.37,33.59,4.0,0
59.0,118.31,44.18,4.0,4.0,28.46,16.73,6.0,0
1.0,15.0,48.66,5.0,1.0,28.98,32.01,3.0,0
50.0,70.18,23.45,0.0,0.0,30.86,77.03,1.0,0
69.0,44.8,89.6,0.0,0.0,19.03,65.52,1.0,0
18.0,48.18,32.5,0.0,1.0,29.45,42.79,3.0,0
9.0,31.19,8.42,2.0,1.0,32.79,15.24,3.0,0
53.0,37.68,90.48,2.0,1.0,42.75,10.24,4.0,0
72.0,80.38,17.02,8.0,1.0,53.5,20.89,4.0,1
38.0,26.19,14.5,0.0,0.0,22.03,46.27,1.0,0
53.0,95.58,55.76,2.0,1.0,27.14,9.55,5.0,0
2.0,57.7,36.86,3.0,2.0,20.07,36.26,4.0,0
21.0,60.43,47.78,2.0,2.0,13.79,52.37,3.0,0
72.0,89.15,65.08,2.0,1.0,27.99,39.33,4.0,0
42.0,120.58,44.34,0.0,1.0,26.28,52.68,5.0,0
70.0,79.09,37.08,1.0,1.0,85.37,34.44,3.0,1
22.0,83.0,72.42,0.0,1.0,24.97,62.65,3.0,0
13.0,134.69,18.4,0.0,3.0,68.98,57.93,5.0,0
9.0,73.39,66.35,0.0,2.0,56.09,55.38,3.0,0
1.0,55.71,42.76,1.0,2.0,48.03,14.44,5.0,0
34.0,27.35,56.3,3.0,1.0,47.29,19.58,3.0,1
34.0,160.0,17.56,4.0,1.0,27.36,40.19,8.0,0
44.0,102.23,28.14,7.0,1.0,55.87,57.54,5.0,1
72.0,144.16,36.22,5.0,2.0,100.0,45.34,6.0,1
9.0,38.95,27.24,3.0,0.0,19.84,35.89,3.0,0
52.0,69.68,0.0,0.0,4.0,71.24,86.62,1.0,0
48.0,91.69,65.1,0.0,0.0,29.58,46.05,4.0,0
27.0,17.26,49.75,3.0,0.0,2.85,31.15,2.0,0
72.0,93.81,76.99,0.0,0.0,3.95,70.12,2.0,0
63.0,149.72,61.08,1.0,1.0,2.0,88.71,4.0,0
41.0,71.27,35.81,7.0,1.0,38.85,23.78,5.0,1
1.0,55.95,19.88,0.0,1.0,67.93,31.79,4.0,0
63.0,113.09,43.84,5.0,0.0,79.25,31.68,5.0,1
72.0,41.51,96.15,2.0,2.0,21.0,29.8,2.0,0
56.0,31.13,92.22,0.0,1.0,33.52,41.82,2.0,0
72.0,105.81,40.1,4.0,3.0,100.0,24.49,4.0,1
72.0,132.39,65.26,0.0,0.0,0.0,93.14,3.0,0
66.0,158.56,18.54,7.0,1.0,95.66,61.62,6.0,1
16.0,15.35,10.92,2.0,1.0,49.88,43.4,2.0,0
68.0,15.0,93.53,2.0,1.0,41.59,25.28,2.0,1
35.0,98.93,37.71,0.0,3.0,41.7,23.47,5.0,0
56.0,60.59,62.09,2.0,0.0,5.45,36.55,3.0,1
12.0,42.89,44.24,1.0,1.0,30.18,41.17,3.0,0
29.0,31.7,61.97,7.0,2.0,48.53,3.65,5.0,1
11.0,92.85,3.61,0.0,1.0,40.08,54.86,3.0,0
59.0,159.3,37.53,1.0,3.0,24.24,93.84,4.0,0
23.0,88.21,35.17,0.0,1.0,21.52,61.79,3.0,0
67.0,62.13,24.14,0.0,0.0,57.55,16.13,3.0,1
72.0,59.68,91.85,0.0,2.0,20.87,77.95,1.0,0
47.0,66.86,54.24,2.0,2.0,44.88,1.42,5.0,1
62.0,104.48,61.43,0.0,2.0,19.44,48.67,4.0,0
62.0,99.85,61.01,2.0,0.0,30.54,48.99,4.0,0
28.0,72.0,48.39,0.0,1.0,32.58,57.76,3.0,0
1.0,15.0,5.92,3.0,1.0,63.05,13.86,3.0,0
32.0,138.07,42.74,5.0,2.0,82.47,60.92,6.0,1
62.0,85.65,45.63,2.0,0.0,0.0,87.66,2.0,1
56.0,40.44,29.51,4.0,0.0,29.91,8.88,3.0,1
57.0,22.96,72.2,1.0,0.0,44.78,22.48,2.0,1
63.0,108.37,42.66,3.0,1.0,42.25,34.73,5.0,0
51.0,80.13,32.86,9.0,0.0,34.81,33.37,5.0,1
49.0,57.5,44.27,6.0,0.0,42.1,32.62,4.0,1
40.0,122.46,47.69,0.0,0.0,33.26,51.56,5.0,0
54.0,59.38,67.72,1.0,1.0,38.59,11.37,4.0,0
40.0,51.94,0.38,1.0,1.0,9.23,54.8,2.0,0
63.0,109.91,63.57,1.0,1.0,18.65,52.7,4.0,0
31.0,68.37,2.04,0.0,0.0,14.36,50.14,2.0,0
48.0,61.36,54.2,4.0,2.0,83.2,19.24,4.0,1
35.0,61.94,30.86,0.0,1.0,3.2,57.58,2.0,0
57.0,73.06,65.64,0.0,1.0,38.74,33.5,3.0,0
57.0,46.48,92.11,0.0,1.0,26.47,53.83,2.0,0
58.0,85.0,51.86,0.0,0.0,39.47,32.27,3.0,0
44.0,109.35,32.34,1.0,0.0,46.0,15.42,5.0,0
62.0,119.13,16.06,5.0,0.0,73.17,67.07,4.0,1
35.0,77.21,37.65,0.0,2.0,0.0,47.64,3.0,0
47.0,15.0,80.55,6.0,2.0,96.8,0.0,3.0,1
1.0,105.43,31.01,0.0,0.0,73.75,60.76,4.0,0
26.0,73.3,29.09,4.0,0.0,21.31,23.96,5.0,1
56.0,103.67,62.91,1.0,1.0,23.33,54.36,4.0,0
27.0,102.42,61.61,3.0,0.0,89.87,45.8,5.0,1
72.0,75.54,59.05,4.0,1.0,10.64,27.26,4.0,1
56.0,96.4,61.49,0.0,1.0,32.65,53.74,4.0,0
23.0,53.13,27.84,0.0,0.0,27.01,46.84,3.0,0
69.0,125.04,48.95,3.0,1.0,22.49,52.28,5.0,0
71.0,70.78,68.9,2.0,0.0,21.19,10.55,4.0,0
32.0,15.0,35.88,0.0,2.0,95.03,44.96,1.0,0
11.0,58.97,39.49,1.0,1.0,6.2,41.53,4.0,0
52.0,15.0,100.0,1.0,2.0,59.81,16.81,1.0,1
17.0,104.91,21.2,4.0,0.0,37.23,73.76,4.0,1
33.0,83.29,27.89,0.0,2.0,38.63,65.26,2.0,0
64.0,48.58,33.47,4.0,1.0,73.75,39.08,2.0,1
20.0,91.33,35.15,0.0,1.0,0.0,53.87,4.0,0
72.0,70.66,67.04,3.0,1.0,28.0,6.51,4.0,0
70.0,25.71,96.19,0.0,2.0,22.93,29.02,2.0,0
32.0,130.48,48.24,0.0,2.0,31.86,62.58,5.0,0
72.0,69.91,73.54,1.0,0.0,24.68,33.6,3.0,0
72.0,82.19,25.86,3.0,1.0,99.34,38.14,3.0,1
68.0,62.41,35.68,7.0,0.0,63.05,35.44,3.0,1
62.0,15.0,91.98,0.0,0.0,53.6,19.72,2.0,0
62.0,56.74,72.59,1.0,1.0,39.56,24.68,3.0,0
41.0,58.25,59.79,3.0,2.0,1.57,86.57,2.0,1
1.0,15.0,53.87,4.0,0.0,40.35,19.84,3.0,0
13.0,58.9,39.71,1.0,1.0,25.62,53.47,3.0,0
18.0,23.89,18.64,0.0,0.0,63.51,30.59,2.0,0
41.0,15.0,98.35,2.0,1.0,54.52,21.64,2.0,1
72.0,29.87,67.46,2.0,0.0,61.92,28.17,2.0,1
56.0,30.7,81.82,4.0,1.0,28.7,6.74,4.0,1
18.0,40.17,33.95,2.0,0.0,14.53,43.08,3.0,0
72.0,79.21,58.81,3.0,0.0,0.0,54.29,3.0,1
40.0,45.47,85.58,0.0,0.0,46.92,33.0,3.0,0
72.0,67.41,64.7,5.0,1.0,14.53,41.61,3.0,1
45.0,106.14,50.14,0.0,0.0,34.71,53.68,4.0,0
53.0,129.04,39.48,0.0,1.0,25.53,48.55,5.0,0
33.0,108.28,52.16,0.0,1.0,30.66,23.22,5.0,0
35.0,86.8,25.29,0.0,1.0,26.75,66.93,2.0,0
46.0,105.63,18.27,3.0,2.0,73.11,58.18,4.0,1
62.0,139.57,34.46,5.0,1.0,28.82,26.18,6.0,0
12.0,91.77,22.63,2.0,1.0,0.0,58.5,4.0,0
12.0,15.0,48.73,3.0,1.0,10.31,13.83,3.0,0
15.0,43.26,0.0,3.0,0.0,24.01,41.66,3.0,0
50.0,58.95,42.09,0.0,0.0,0.0,63.15,2.0,0
26.0,127.9,28.91,0.0,1.0,55.28,51.37,5.0,0
1.0,46.69,48.22,2.0,1.0,15.92,30.37,4.0,0
47.0,89.94,59.5,1.0,1.0,35.11,26.22,5.0,0
72.0,53.48,91.79,2.0,3.0,19.35,23.25,3.0,0
43.0,76.71,67.19,0.0,0.0,41.88,41.1,3.0,0
72.0,132.94,18.11,7.0,1.0,6.06,86.8,3.0,1
58.0,114.53,6.66,6.0,2.0,50.88,56.07,4.0,1
30.0,65.58,56.11,0.0,0.0,23.44,61.53,2.0,0
72.0,67.58,69.06,1.0,0.0,28.36,36.91,3.0,0
37.0,103.92,37.92,5.0,2.0,88.17,66.72,4.0,1
49.0,74.44,89.28,1.0,1.0,17.03,34.47,4.0,0
69.0,84.53,50.84,0.0,2.0,94.5,14.9,4.0,1
55.0,94.41,68.28,0.0,1.0,35.11,68.23,3.0,0
34.0,160.0,32.1,4.0,0.0,30.01,56.62,7.0,0
42.0,87.99,60.55,1.0,0.0,38.08,26.65,5.0,0
72.0,67.34,35.6,3.0,1.0,51.41,39.52,3.0,1
61.0,80.85,79.05,0.0,1.0,14.33,72.57,2.0,0
34.0,15.0,80.29,1.0,2.0,50.92,45.25,1.0,1
51.0,97.4,62.01,0.0,2.0,37.79,81.93,2.0,0
32.0,15.0,100.0,2.0,1.0,54.11,28.04,1.0,1
40.0,77.28,21.66,8.0,1.0,31.6,63.29,4.0,1
69.0,49.64,55.82,0.0,1.0,100.0,24.33,2.0,1
42.0,69.35,53.96,4.0,0.0,0.0,54.4,4.0,1
40.0,109.77,15.0,4.0,1.0,50.47,65.16,4.0,1
72.0,74.64,65.77,1.0,0.0,39.04,47.49,3.0,0
32.0,57.0,37.41,9.0,2.0,29.19,28.61,5.0,1
35.0,38.23,11.63,0.0,1.0,25.87,47.43,2.0,0
41.0,114.6,41.27,0.0,2.0,31.54,45.35,4.0,0
1.0,40.33,54.3,1.0,2.0,42.94,21.81,4.0,0
68.0,80.34,17.15,10.0,1.0,78.88,0.0,6.0,1
2.0,77.02,36.48,2.0,2.0,16.04,49.93,4.0,0
14.0,23.49,18.85,4.0,0.0,11.57,25.81,3.0,0
51.0,98.08,8.86,9.0,0.0,52.14,66.19,4.0,1
72.0,21.27,89.54,0.0,1.0,24.89,22.84,1.0,0
1.0,160.0,0.0,0.0,2.0,68.0,58.6,7.0,0
61.0,72.7,65.0,5.0,0.0,46.87,0.0,5.0,0
49.0,80.97,43.25,0.0,0.0,22.75,69.32,1.0,0
24.0,38.36,54.0,1.0,3.0,0.0,28.78,3.0,0
72.0,48.58,85.04,0.0,0.0,16.7,35.69,2.0,0
69.0,87.91,61.44,1.0,1.0,22.88,24.08,4.0,0
62.0,113.66,14.47,7.0,2.0,9.05,65.04,4.0,1
28.0,139.65,10.24,0.0,2.0,49.96,25.88,6.0,0
64.0,91.95,9.18,10.0,2.0,29.79,33.0,5.0,1
27.0,27.46,32.48,1.0,2.0,45.09,47.61,2.0,0
61.0,137.2,53.64,1.0,3.0,17.97,67.75,5.0,0
37.0,35.71,24.25,0.0,1.0,12.35,45.48,2.0,0
50.0,55.56,78.56,2.0,1.0,38.86,3.1,4.0,0
72.0,64.52,44.96,3.0,0.0,40.04,37.36,2.0,1
40.0,54.8,27.19,2.0,3.0,49.35,53.15,2.0,1
44.0,63.42,78.7,0.0,0.0,41.85,38.44,3.0,0
47.0,160.0,25.91,6.0,1.0,38.62,25.82,8.0,0
70.0,71.22,70.31,0.0,3.0,11.89,44.29,2.0,0
24.0,22.84,23.53,2.0,0.0,17.42,38.83,2.0,0
59.0,88.19,15.04,4.0,0.0,55.8,42.37,4.0,1
16.0,26.45,14.09,1.0,2.0,43.09,28.27,2.0,0
51.0,62.4,72.25,0.0,0.0,33.93,65.41,1.0,0
19.0,112.99,45.68,0.0,2.0,47.33,40.86,5.0,0
35.0,144.82,45.28,2.0,1.0,25.79,59.58,6.0,0
2.0,48.28,41.3,1.0,3.0,45.07,33.32,4.0,0
13.0,81.97,43.73,0.0,2.0,68.79,35.15,4.0,0
33.0,49.24,7.44,0.0,2.0,39.0,62.76,1.0,0
61.0,81.51,60.42,1.0,2.0,26.72,19.92,4.0,0
65.0,68.29,74.41,0.0,2.0,40.7,43.14,3.0,0
42.0,91.83,28.02,8.0,3.0,58.51,62.31,4.0,1
23.0,100.54,15.7,0.0,2.0,11.26,59.64,4.0,0
72.0,27.12,82.16,2.0,1.0,20.94,0.0,3.0,0
32.0,22.01,80.33,2.0,2.0,15.33,34.97,3.0,1
72.0,32.16,100.0,1.0,3.0,19.58,29.37,2.0,0
1.0,35.88,38.36,3.0,0.0,36.24,16.78,5.0,0
72.0,95.75,66.11,2.0,0.0,19.99,46.91,4.0,0
15.0,70.54,31.48,1.0,0.0,0.0,40.41,4.0,0
46.0,88.02,72.51,4.0,0.0,100.0,26.02,5.0,1
33.0,135.09,42.04,1.0,1.0,42.18,60.1,5.0,0
15.0,15.0,1.09,1.0,1.0,74.52,37.0,1.0,0
44.0,54.35,70.68,0.0,0.0,53.02,32.51,3.0,0
44.0,41.91,19.6,0.0,1.0,0.0,44.46,2.0,0
21.0,58.41,40.83,1.0,2.0,9.49,49.54,3.0,0
40.0,82.71,42.32,4.0,2.0,0.0,85.84,3.0,0
72.0,60.41,75.86,2.0,3.0,20.11,29.31,3.0,0
37.0,54.5,78.12,0.0,0.0,43.85,93.12,1.0,0
1.0,15.0,39.75,2.0,2.0,52.72,17.63,3.0,0
26.0,111.97,14.31,0.0,2.0,3.47,68.42,4.0,0
36.0,77.23,47.79,0.0,1.0,19.04,63.79,2.0,0
21.0,32.81,28.64,2.0,0.0,14.91,36.96,3.0,0
54.0,67.11,66.01,0.0,2.0,39.42,30.45,3.0,0
72.0,26.17,100.0,0.0,1.0,0.0,85.53,1.0,1
64.0,89.08,47.7,4.0,1.0,0.0,40.88,4.0,1
72.0,36.6,80.8,0.0,3.0,17.99,64.55,1.0,1
26.0,71.87,36.94,0.0,0.0,58.78,53.03,2.0,0
72.0,94.06,57.55,6.0,0.0,31.11,9.18,5.0,0
26.0,126.46,57.51,0.0,2.0,32.96,79.87,4.0,0
72.0,52.77,95.49,3.0,2.0,4.14,16.49,3.0,0
18.0,18.1,75.3,1.0,0.0,15.81,71.3,2.0,1
72.0,103.34,24.95,3.0,1.0,86.1,40.57,4.0,1
71.0,74.6,81.03,0.0,0.0,20.35,51.87,3.0,0
72.0,56.73,63.6,4.0,0.0,24.74,52.31,2.0,1
43.0,103.26,37.26,4.0,2.0,78.74,64.89,4.0,1
1.0,15.0,28.68,3.0,1.0,69.39,16.32,3.0,0
19.0,138.0,17.65,0.0,1.0,61.52,45.41,6.0,0
56.0,66.33,30.26,5.0,0.0,45.24,37.86,3.0,1
55.0,99.12,47.3,0.0,2.0,33.34,28.07,4.0,0
28.0,40.35,25.17,0.0,2.0,40.9,58.31,2.0,0
22.0,84.33,13.79,0.0,1.0,18.23,60.75,3.0,0
29.0,160.0,12.22,0.0,1.0,44.34,67.92,5.0,0
66.0,41.58,85.43,0.0,1.0,30.17,26.28,3.0,0
39.0,37.32,77.04,2.0,0.0,8.74,40.55,3.0,1
35.0,160.0,8.67,3.0,0.0,48.69,30.62,7.0,0
47.0,43.46,73.55,1.0,3.0,0.0,75.99,2.0,1
52.0,57.74,74.78,0.0,4.0,39.77,41.84,2.0,0
14.0,65.46,33.66,1.0,1.0,18.23,48.18,4.0,0
62.0,57.18,85.5,2.0,2.0,37.46,23.05,4.0,0
72.0,15.0,100.0,3.0,1.0,9.46,37.14,1.0,0
23.0,15.0,19.49,4.0,1.0,31.34,33.82,1.0,0
50.0,76.21,73.19,0.0,1.0,29.09,61.68,2.0,0
72.0,100.88,31.3,3.0,1.0,4.76,52.86,3.0,1
48.0,106.13,54.54,2.0,0.0,26.94,22.12,5.0,0
47.0,38.36,34.83,0.0,1.0,19.56,60.29,1.0,0
65.0,77.9,65.84,0.0,4.0,34.11,45.34,3.0,0
72.0,83.88,45.26,1.0,0.0,93.69,29.71,3.0,1
57.0,62.31,70.4,0.0,2.0,39.35,31.77,3.0,0
70.0,88.6,67.49,0.0,3.0,27.72,68.89,2.0,0
1.0,36.56,46.11,0.0,2.0,40.34,28.28,4.0,0
12.0,47.14,39.49,2.0,2.0,0.0,19.33,4.0,0
65.0,65.05,56.39,5.0,2.0,99.15,12.85,4.0,1
50.0,107.46,54.32,0.0,1.0,25.09,46.43,4.0,0
1.0,60.97,37.71,5.0,0.0,23.29,13.1,6.0,0
1.0,15.0,14.25,5.0,2.0,55.56,6.46,2.0,0
30.0,159.18,26.74,0.0,1.0,33.54,47.88,6.0,0
72.0,71.71,77.63,2.0,2.0,15.25,30.32,3.0,0
10.0,21.19,50.35,2.0,0.0,21.12,33.11,3.0,0
1.0,80.64,17.7,3.0,1.0,0.79,19.22,6.0,0
49.0,79.51,66.53,1.0,1.0,39.52,19.65,4.0,0
72.0,60.07,87.46,2.0,2.0,8.54,31.92,3.0,0
1.0,15.0,19.49,6.0,0.0,28.7,8.89,4.0,0
28.0,73.49,49.09,0.0,2.0,21.4,64.66,3.0,0
72.0,64.5,49.75,3.0,1.0,44.24,26.9,3.0,1
29.0,21.83,70.7,4.0,1.0,35.41,21.54,3.0,1
47.0,73.34,60.2,0.0,2.0,46.81,63.76,2.0,0
40.0,89.34,41.31,5.0,2.0,0.0,68.75,4.0,1
11.0,15.0,33.36,1.0,1.0,55.49,25.87,2.0,0
35.0,15.0,2.15,1.0,1.0,37.2,40.96,1.0,0
48.0,105.54,70.34,2.0,0.0,37.5,60.17,4.0,0
15.0,67.81,22.21,0.0,0.0,41.5,55.92,3.0,0
41.0,115.11,38.0,2.0,1.0,41.43,23.67,6.0,0
3.0,60.27,36.2,2.0,2.0,4.76,36.01,4.0,0
38.0,15.0,13.09,0.0,1.0,67.22,53.42,1.0,0
8.0,15.0,14.22,4.0,1.0,23.14,3.0,3.0,0
68.0,94.65,33.16,5.0,2.0,7.16,65.0,3.0,1
9.0,53.05,44.29,2.0,1.0,5.48,33.37,4.0,0
39.0,67.5,24.81,1.0,0.0,0.0,60.3,2.0,0
35.0,84.54,40.95,0.0,1.0,22.63,70.08,2.0,0
9.0,65.76,17.58,0.0,1.0,29.18,34.81,4.0,0
2.0,15.44,45.11,0.0,2.0,79.37,31.05,2.0,0
43.0,27.4,81.78,0.0,1.0,40.73,31.59,2.0,0
54.0,109.51,61.72,0.0,0.0,20.38,67.22,3.0,0
45.0,81.28,38.34,7.0,3.0,61.01,42.04,5.0,1
66.0,77.22,73.79,2.0,0.0,45.78,49.13,3.0,0
47.0,87.29,62.48,0.0,1.0,42.45,44.68,4.0,0
68.0,110.2,48.07,0.0,2.0,23.4,47.26,4.0,0
58.0,57.95,23.69,0.0,0.0,4.55,76.31,1.0,0
4.0,145.13,23.08,0.0,1.0,44.51,50.1,6.0,0
9.0,81.19,39.64,0.0,1.0,12.01,38.05,4.0,0
72.0,51.78,93.11,0.0,0.0,5.95,60.53,1.0,0
55.0,34.15,82.23,3.0,3.0,9.31,52.15,2.0,1
19.0,17.19,11.52,1.0,1.0,54.32,37.82,2.0,0
1.0,15.0,16.09,3.0,0.0,60.13,18.64,3.0,0
72.0,21.32,95.86,3.0,2.0,44.25,0.0,4.0,1
31.0,25.18,12.2,0.0,1.0,77.65,49.26,1.0,0
67.0,78.9,47.86,4.0,2.0,14.59,37.51,4.0,1
26.0,101.19,39.1,0.0,2.0,54.76,35.5,4.0,0
62.0,117.53,45.93,4.0,2.0,39.34,23.08,6.0,0
2.0,108.56,40.24,0.0,1.0,6.89,47.29,5.0,0
30.0,84.46,47.21,0.0,1.0,23.92,63.24,3.0,0
49.0,56.41,87.0,1.0,1.0,38.01,27.66,4.0,0
63.0,55.13,58.59,5.0,2.0,73.57,0.0,4.0,1
5.0,21.18,0.0,2.0,1.0,71.3,32.02,2.0,0
61.0,51.38,63.86,0.0,0.0,10.71,57.1,2.0,1
5.0,21.61,67.26,4.0,1.0,1.92,24.2,4.0,0
4.0,15.0,8.52,1.0,1.0,95.46,20.62,2.0,0
23.0,15.0,17.78,2.0,2.0,35.89,39.47,2.0,0
23.0,33.69,78.76,0.0,1.0,20.95,39.96,3.0,0
30.0,66.75,23.53,0.0,2.0,34.32,61.01,2.0,0
38.0,98.86,19.95,0.0,2.0,66.33,89.82,1.0,0
17.0,112.04,8.59,6.0,1.0,42.02,81.75,5.0,1
51.0,142.41,38.88,1.0,2.0,30.22,52.22,5.0,0
23.0,80.81,7.71,1.0,1.0,0.0,53.23,3.0,0
1.0,15.0,32.47,2.0,3.0,79.25,25.02,2.0,0
20.0,66.94,22.69,0.0,2.0,14.96,44.15,3.0,0
64.0,113.34,45.16,1.0,2.0,23.86,39.86,4.0,0
63.0,101.91,64.66,4.0,1.0,21.6,25.19,5.0,0
27.0,109.24,39.6,0.0,1.0,45.57,52.31,4.0,0
72.0,74.42,84.49,1.0,1.0,9.71,59.45,2.0,0
1.0,29.96,40.24,3.0,1.0,26.43,30.14,4.0,0
33.0,66.45,42.94,5.0,3.0,22.3,35.07,4.0,1
20.0,22.3,26.07,1.0,1.0,49.8,40.15,2.0,0
38.0,33.55,0.0,0.0,2.0,56.36,49.71,1.0,0
36.0,122.69,44.38,2.0,2.0,40.38,41.11,5.0,0
72.0,94.35,59.62,0.0,1.0,8.28,54.43,3.0,0
35.0,55.21,18.33,0.0,1.0,94.33,72.01,1.0,0
57.0,34.86,67.3,5.0,1.0,36.84,31.3,3.0,1
40.0,59.19,38.51,4.0,1.0,38.61,19.43,4.0,1
29.0,70.87,61.34,0.0,2.0,48.81,54.86,3.0,0
48.0,143.23,48.18,1.0,2.0,16.77,58.55,5.0,0
56.0,106.1,65.37,3.0,2.0,26.32,44.69,5.0,0
23.0,88.2,23.56,0.0,0.0,44.68,48.29,3.0,0
15.0,30.49,15.84,1.0,2.0,47.51,34.67,2.0,0
26.0,34.09,0.0,0.0,1.0,75.8,47.07,1.0,0
40.0,70.69,33.21,0.0,2.0,78.74,74.09,1.0,0
72.0,73.46,13.02,4.0,3.0,53.41,33.44,3.0,1
28.0,59.3,42.44,0.0,1.0,6.3,38.19,3.0,0
66.0,98.6,68.76,3.0,1.0,28.41,48.7,4.0,0
19.0,111.76,38.24,0.0,2.0,64.64,39.34,5.0,0
45.0,84.58,71.53,0.0,1.0,36.95,52.35,3.0,0
70.0,82.46,51.04,1.0,1.0,0.0,51.83,3.0,1
52.0,130.08,42.51,2.0,2.0,35.86,58.17,5.0,0
20.0,47.25,22.29,0.0,1.0,41.78,47.2,2.0,0
33.0,45.99,31.08,1.0,0.0,9.51,51.3,2.0,0
65.0,117.94,6.26,9.0,2.0,60.93,55.79,5.0,1
5.0,42.52,23.21,1.0,0.0,44.63,29.29,3.0,0
54.0,74.87,0.0,0.0,0.0,31.08,75.07,1.0,0
37.0,73.91,56.1,0.0,1.0,46.35,18.3,4.0,0
1.0,38.43,36.86,0.0,2.0,69.44,31.49,3.0,0
28.0,48.2,36.95,0.0,0.0,38.69,55.94,2.0,0
41.0,45.52,75.9,4.0,0.0,0.0,42.68,3.0,1
49.0,58.5,60.59,3.0,2.0,6.38,72.44,2.0,1
61.0,78.89,71.64,1.0,0.0,32.21,44.08,3.0,0
67.0,59.71,72.16,0.0,0.0,29.89,22.34,3.0,0
20.0,21.07,40.58,2.0,3.0,31.76,38.31,2.0,0
33.0,59.63,30.2,0.0,2.0,40.44,56.34,2.0,0
62.0,75.73,61.25,0.0,2.0,29.71,22.54,4.0,0
32.0,116.43,31.86,2.0,1.0,46.29,13.31,6.0,0
19.0,68.32,15.05,0.0,1.0,35.06,47.46,3.0,0
67.0,85.95,54.26,2.0,1.0,39.31,24.54,4.0,0
50.0,89.33,69.33,1.0,1.0,31.83,38.15,4.0,0
62.0,77.57,71.06,0.0,2.0,24.19,34.82,3.0,0
72.0,44.01,61.37,3.0,2.0,43.47,34.51,2.0,1
25.0,46.96,57.52,0.0,2.0,46.22,54.71,2.0,0
72.0,102.03,60.14,4.0,3.0,14.15,25.77,5.0,0
64.0,142.32,29.09,0.0,1.0,94.01,52.4,4.0,1
72.0,69.28,79.33,0.0,1.0,20.67,72.6,1.0,0
16.0,35.37,18.21,0.0,0.0,71.0,37.8,2.0,0
49.0,66.39,56.97,2.0,0.0,0.0,47.16,3.0,1
37.0,95.07,44.08,0.0,3.0,43.07,37.67,4.0,0
36.0,59.47,7.9,1.0,1.0,10.26,56.72,2.0,0
67.0,83.42,19.08,6.0,0.0,68.9,33.8,4.0,1
32.0,138.84,33.05,0.0,1.0,31.06,84.56,4.0,0
72.0,43.52,79.7,0.0,1.0,12.86,62.98,1.0,1
48.0,64.8,65.49,0.0,3.0,39.12,37.54,3.0,0
20.0,39.12,19.41,0.0,2.0,41.97,40.57,2.0,0
64.0,68.63,76.7,0.0,2.0,19.21,21.94,4.0,0
72.0,15.74,100.0,1.0,0.0,25.27,3.54,2.0,0
14.0,52.89,40.27,0.0,0.0,44.71,41.22,3.0,0
54.0,69.51,78.5,1.0,0.0,32.57,40.65,3.0,0
42.0,70.51,24.81,6.0,0.0,25.37,24.92,4.0,1
18.0,15.0,54.14,1.0,0.0,34.13,27.77,2.0,0
1.0,57.14,28.8,1.0,1.0,49.4,23.45,4.0,0
58.0,59.95,48.81,3.0,0.0,28.91,43.27,3.0,1
41.0,62.44,52.36,0.0,1.0,71.85,12.91,3.0,1
48.0,72.18,20.13,0.0,0.0,39.11,72.64,1.0,0
62.0,31.82,72.08,3.0,1.0,40.95,11.91,3.0,1
72.0,87.18,52.1,2.0,1.0,0.0,65.84,3.0,1
19.0,81.64,33.15,0.0,1.0,35.81,46.26,3.0,0
51.0,134.1,33.88,2.0,2.0,31.21,31.16,6.0,0
25.0,47.6,48.18,4.0,0.0,27.42,41.23,4.0,1
17.0,109.82,39.93,0.0,2.0,49.57,39.69,5.0,0
21.0,35.7,26.46,0.0,2.0,53.8,51.67,2.0,0
13.0,36.84,21.52,0.0,2.0,39.01,28.46,3.0,0
43.0,40.31,68.22,0.0,0.0,14.81,58.32,2.0,1
71.0,77.44,68.52,0.0,2.0,34.96,56.36,2.0,0
47.0,75.12,62.6,0.0,1.0,32.08,38.61,3.0,0
10.0,54.74,27.16,0.0,1.0,23.16,40.14,3.0,0
55.0,74.74,48.93,2.0,1.0,92.77,30.91,4.0,1
58.0,84.1,14.57,5.0,3.0,50.58,41.2,4.0,1
1.0,48.16,6.44,2.0,1.0,69.87,27.98,4.0,0
69.0,15.53,81.24,4.0,1.0,46.75,48.81,1.0,1
31.0,41.53,35.92,1.0,0.0,0.0,46.46,2.0,0
53.0,98.43,54.83,0.0,0.0,23.94,46.45,4.0,0
21.0,54.12,24.72,1.0,2.0,9.8,41.95,3.0,0
28.0,15.0,10.46,3.0,1.0,33.67,35.16,1.0,0
28.0,51.68,32.16,0.0,1.0,28.19,58.58,2.0,0
47.0,87.69,60.58,0.0,0.0,36.65,42.14,4.0,0
32.0,110.69,24.31,6.0,2.0,72.37,72.87,5.0,1
25.0,65.08,23.73,1.0,2.0,0.0,35.28,4.0,0
45.0,139.73,13.64,5.0,1.0,44.43,49.28,6.0,1
11.0,35.3,0.0,3.0,1.0,28.66,27.14,3.0,0
36.0,109.47,10.7,0.0,0.0,13.73,77.94,3.0,0
72.0,39.42,87.13,3.0,3.0,28.73,9.73,3.0,0
19.0,36.1,17.31,0.0,2.0,44.76,38.21,2.0,0
72.0,52.04,64.24,2.0,0.0,100.0,3.43,3.0,1
72.0,67.25,71.66,3.0,2.0,19.53,18.51,3.0,0
41.0,151.21,21.88,4.0,2.0,33.66,7.49,8.0,0
4.0,59.73,37.75,2.0,2.0,14.38,36.07,4.0,0
60.0,90.35,21.04,2.0,1.0,73.19,56.63,3.0,1
38.0,66.5,50.22,0.0,3.0,32.32,59.82,2.0,0
69.0,15.0,79.6,0.0,2.0,100.0,24.49,1.0,1
12.0,20.81,6.84,1.0,1.0,37.3,21.33,2.0,0
72.0,51.94,99.58,1.0,1.0,13.4,40.58,2.0,0
41.0,43.17,57.45,2.0,1.0,37.03,43.43,3.0,1
52.0,69.5,27.55,0.0,1.0,40.8,19.81,3.0,1
12.0,104.42,32.47,0.0,1.0,69.18,37.88,5.0,0
69.0,99.11,44.68,4.0,1.0,100.0,36.87,4.0,1
1.0,26.51,41.45,2.0,1.0,55.72,21.71,4.0,0
7.0,50.01,23.88,3.0,0.0,11.85,33.56,4.0,0
32.0,31.02,53.66,4.0,2.0,44.89,60.38,2.0,1
70.0,113.4,67.52,0.0,0.0,13.19,87.57,3.0,0
25.0,42.57,30.54,0.0,1.0,42.32,46.74,2.0,0
54.0,106.1,64.33,3.0,1.0,36.94,46.92,5.0,0
64.0,103.26,57.77,0.0,2.0,28.32,48.37,4.0,0
15.0,36.17,34.98,0.0,1.0,62.94,43.99,2.0,0
8.0,124.91,29.03,7.0,1.0,38.06,71.68,6.0,1
25.0,19.81,45.62,3.0,3.0,0.0,32.12,3.0,0
72.0,58.89,81.51,4.0,1.0,28.7,15.08,4.0,0
19.0,78.39,45.74,0.0,1.0,19.92,63.61,3.0,0
16.0,134.66,21.07,0.0,1.0,58.62,23.92,6.0,0
44.0,110.12,0.0,0.0,1.0,23.53,54.42,3.0,1
26.0,64.36,56.57,2.0,1.0,0.0,62.6,3.0,1
32.0,60.0,41.75,2.0,0.0,0.0,54.39,3.0,0
7.0,18.67,45.43,2.0,0.0,34.1,24.36,3.0,0
50.0,84.46,45.85,0.0,3.0,0.0,75.58,2.0,1
62.0,15.41,0.0,0.0,3.0,85.88,73.97,1.0,0
2.0,90.8,29.14,1.0,1.0,0.0,40.9,5.0,0
61.0,119.53,21.29,4.0,1.0,86.01,74.54,4.0,1
58.0,88.16,73.23,2.0,1.0,23.5,40.85,4.0,0
62.0,90.78,36.99,0.0,1.0,67.62,35.94,3.0,1
36.0,60.24,63.86,0.0,0.0,47.05,0.0,5.0,0
62.0,62.46,46.05,2.0,2.0,23.15,68.23,2.0,1
21.0,67.13,45.16,0.0,2.0,33.78,49.66,3.0,0
5.0,32.38,53.09,3.0,0.0,10.27,26.73,4.0,0
49.0,100.1,27.2,8.0,1.0,73.02,52.85,5.0,1
62.0,90.2,16.93,0.0,1.0,47.43,88.71,1.0,0
46.0,84.76,58.71,0.0,0.0,44.95,39.26,4.0,0
64.0,134.76,24.17,7.0,1.0,92.39,56.41,5.0,1
53.0,87.64,69.79,0.0,1.0,39.02,59.04,3.0,0
72.0,46.92,94.43,3.0,0.0,19.97,30.82,2.0,0
43.0,18.64,66.88,0.0,1.0,40.14,54.84,1.0,1
36.0,53.4,31.58,2.0,1.0,53.55,33.4,3.0,1
67.0,51.15,80.98,0.0,1.0,37.81,42.18,2.0,0
26.0,34.31,7.57,4.0,3.0,12.16,46.24,2.0,0
12.0,15.0,19.84,3.0,2.0,43.66,23.49,2.0,0
50.0,39.23,41.69,4.0,1.0,61.54,63.17,2.0,1
50.0,77.71,51.61,6.0,2.0,75.13,15.84,5.0,1
2.0,120.67,27.56,0.0,3.0,53.02,40.19,5.0,0
48.0,132.94,33.66,2.0,1.0,19.59,22.32,6.0,0
51.0,94.36,45.34,4.0,1.0,98.45,57.34,4.0,1
17.0,29.32,22.77,0.0,2.0,84.89,38.21,2.0,0
53.0,90.91,47.07,3.0,1.0,0.0,71.67,3.0,1
65.0,15.0,100.0,2.0,0.0,58.51,19.75,1.0,1
26.0,36.17,15.88,1.0,1.0,0.0,25.19,3.0,0
34.0,40.27,11.02,0.0,1.0,54.65,44.34,1.0,0
47.0,81.21,58.86,0.0,1.0,43.43,41.27,4.0,0
72.0,118.22,60.43,0.0,2.0,0.0,73.45,3.0,0
44.0,119.44,33.21,0.0,1.0,40.83,36.09,5.0,0
17.0,34.74,34.78,3.0,1.0,11.73,42.22,3.0,0
9.0,50.56,9.45,1.0,2.0,35.65,37.94,3.0,0
68.0,57.68,89.47,3.0,1.0,28.93,26.13,4.0,0
39.0,119.46,51.76,1.0,1.0,32.98,47.36,5.0,0
47.0,21.75,78.2,0.0,1.0,18.96,46.82,1.0,1
67.0,62.44,46.6,4.0,0.0,88.68,19.19,4.0,1
49.0,104.87,31.47,0.0,2.0,77.92,55.54,3.0,1
54.0,133.79,15.04,2.0,0.0,71.76,67.19,4.0,1
52.0,101.04,20.18,5.0,0.0,4.12,86.88,3.0,1
60.0,72.16,36.8,6.0,1.0,52.17,20.68,4.0,1
1.0,21.78,24.81,3.0,0.0,29.16,16.61,3.0,0
72.0,45.51,74.03,4.0,0.0,26.04,31.06,3.0,1
54.0,76.45,58.42,1.0,1.0,36.37,7.3,5.0,0
19.0,15.0,10.43,2.0,3.0,48.02,33.92,1.0,0
38.0,107.72,51.85,3.0,2.0,67.22,36.28,5.0,1
60.0,87.26,61.3,1.0,2.0,30.17,26.32,4.0,0
72.0,75.2,53.53,2.0,2.0,12.4,54.86,2.0,1
34.0,29.85,30.91,0.0,1.0,77.83,55.17,1.0,0
1.0,56.33,32.19,3.0,0.0,0.0,19.69,5.0,0
20.0,80.94,29.11,0.0,1.0,29.64,49.37,3.0,0
12.0,15.0,45.61,4.0,1.0,19.93,19.16,3.0,0
33.0,144.15,32.23,2.0,1.0,31.57,33.95,6.0,0
46.0,36.46,12.63,1.0,0.0,0.0,50.7,1.0,1
39.0,67.19,33.3,9.0,1.0,45.1,25.46,5.0,1
13.0,52.82,34.64,1.0,0.0,10.85,35.87,3.0,0
49.0,87.26,64.44,1.0,1.0,39.93,46.77,4.0,0
65.0,63.26,48.67,2.0,2.0,91.28,23.44,3.0,1
39.0,118.27,43.82,2.0,1.0,38.18,29.37,6.0,0
72.0,123.45,62.68,2.0,1.0,12.75,68.36,4.0,0
21.0,78.0,24.8,8.0,1.0,12.01,43.16,5.0,1
1.0,27.91,21.9,5.0,0.0,24.16,0.0,5.0,0
23.0,144.08,30.53,0.0,1.0,38.27,35.6,6.0,0
15.0,48.9,39.92,0.0,0.0,46.13,45.8,3.0,0
62.0,45.98,91.9,1.0,1.0,32.97,21.53,3.0,0
10.0,84.6,60.46,0.0,1.0,36.38,59.3,4.0,0
29.0,92.91,42.53,1.0,2.0,49.87,9.56,5.0,0
60.0,82.49,0.0,0.0,3.0,62.43,92.66,1.0,0
70.0,104.29,59.32,3.0,0.0,26.02,39.82,4.0,0
43.0,83.3,28.32,7.0,2.0,70.54,40.28,5.0,1
72.0,44.4,100.0,2.0,2.0,17.11,29.09,2.0,0
1.0,45.75,57.96,2.0,3.0,18.38,14.3,5.0,0
42.0,128.25,36.43,0.0,0.0,30.69,53.78,5.0,0
20.0,104.72,52.85,0.0,2.0,42.67,42.39,5.0,0
8.0,44.83,53.79,4.0,1.0,0.0,30.45,4.0,0
42.0,92.04,59.24,1.0,0.0,77.22,13.5,5.0,1
5.0,45.11,46.26,1.0,1.0,21.52,29.86,4.0,0
36.0,51.63,47.33,0.0,1.0,50.22,59.45,1.0,0
47.0,50.87,57.22,0.0,1.0,0.0,55.25,2.0,0
69.0,88.3,60.16,4.0,2.0,32.31,30.28,4.0,0
55.0,97.65,33.76,0.0,3.0,79.62,47.86,3.0,1
26.0,69.7,33.27,7.0,2.0,21.59,62.28,4.0,1
9.0,140.39,21.09,0.0,2.0,60.35,75.56,4.0,0
43.0,31.32,38.93,0.0,1.0,64.86,68.75,1.0,0
3.0,159.05,23.47,0.0,1.0,44.82,83.7,5.0,0
47.0,121.96,17.1,2.0,0.0,58.43,63.53,4.0,1
37.0,58.53,34.03,0.0,1.0,9.79,62.06,2.0,0
33.0,47.53,41.69,0.0,2.0,55.09,51.63,2.0,0
63.0,35.33,59.02,10.0,1.0,62.65,4.51,4.0,1
27.0,48.93,16.29,0.0,1.0,32.97,47.52,2.0,0
1.0,18.04,21.18,4.0,0.0,39.08,15.83,4.0,0
53.0,92.46,63.09,1.0,2.0,35.12,37.79,4.0,0
21.0,15.0,37.65,1.0,3.0,39.24,37.07,1.0,0
8.0,36.76,33.83,0.0,0.0,60.32,24.71,3.0,0
70.0,15.0,100.0,4.0,1.0,69.4,0.0,3.0,1
44.0,40.59,10.2,0.0,3.0,53.23,55.28,1.0,0
54.0,67.36,80.45,2.0,0.0,26.87,17.59,4.0,0
19.0,34.22,10.28,0.0,1.0,34.61,37.54,2.0,0
8.0,64.63,30.7,0.0,0.0,53.46,47.39,3.0,0
39.0,98.31,67.58,1.0,2.0,31.31,33.87,5.0,0
72.0,68.44,35.84,4.0,1.0,56.2,27.34,3.0,1
72.0,79.36,83.03,1.0,0.0,9.04,50.99,3.0,0
72.0,105.12,73.42,2.0,1.0,0.95,56.63,3.0,0
61.0,82.38,70.09,1.0,1.0,35.1,40.49,4.0,0
72.0,95.32,72.79,3.0,1.0,9.57,50.35,4.0,0
71.0,15.0,78.12,2.0,0.0,58.31,28.79,1.0,1
57.0,45.76,68.71,1.0,0.0,11.78,67.85,2.0,1
60.0,118.12,36.29,1.0,0.0,78.68,32.16,5.0,1
67.0,77.62,63.9,0.0,0.0,28.97,46.0,3.0,0
25.0,119.73,37.8,0.0,0.0,44.47,36.01,5.0,0
35.0,79.46,48.01,0.0,0.0,37.29,49.77,2.0,0
3.0,29.45,32.02,0.0,1.0,85.5,33.01,3.0,0
57.0,100.12,23.22,4.0,2.0,73.97,37.39,4.0,1
48.0,114.28,38.29,1.0,2.0,43.46,39.35,5.0,0
29.0,55.17,44.64,0.0,0.0,16.64,51.04,2.0,0
63.0,19.04,99.43,0.0,0.0,33.41,36.67,1.0,0
33.0,80.64,34.68,0.0,3.0,12.72,63.5,3.0,0
63.0,15.0,97.1,0.0,0.0,12.0,61.89,1.0,1
54.0,132.54,52.82,1.0,0.0,100.0,79.84,4.0,1
39.0,52.65,8.92,0.0,1.0,10.17,49.91,2.0,0
72.0,91.57,36.97,0.0,2.0,11.52,94.69,1.0,0
58.0,116.19,22.69,2.0,2.0,62.68,55.96,4.0,1
54.0,71.55,72.84,4.0,0.0,33.01,0.0,5.0,0
47.0,135.94,34.73,10.0,1.0,68.68,42.61,7.0,1
38.0,74.08,33.97,3.0,0.0,18.02,61.65,3.0,1
13.0,83.06,50.12,0.0,1.0,2.53,43.21,4.0,0
1.0,15.0,35.01,4.0,1.0,90.07,0.0,5.0,0
72.0,62.96,76.95,4.0,1.0,28.55,25.44,3.0,0
1.0,15.0,0.0,4.0,1.0,93.0,20.38,2.0,0
53.0,107.94,0.0,4.0,2.0,54.36,78.83,3.0,1
69.0,89.28,67.35,0.0,1.0,19.95,67.92,2.0,0
32.0,142.71,20.47,0.0,0.0,44.13,58.02,5.0,0
49.0,121.78,14.1,3.0,0.0,57.98,63.97,4.0,1
14.0,99.91,41.96,0.0,1.0,63.54,66.36,3.0,0
63.0,79.21,52.66,0.0,1.0,32.56,9.32,4.0,0
36.0,142.98,31.45,0.0,1.0,38.69,84.01,4.0,0
69.0,89.37,4.54,7.0,1.0,47.86,33.33,4.0,1
55.0,117.72,44.03,0.0,1.0,25.57,57.21,4.0,0
72.0,81.54,66.41,1.0,2.0,26.11,43.47,3.0,0
71.0,30.99,81.92,0.0,1.0,30.02,0.0,3.0,0
72.0,49.7,90.99,1.0,0.0,23.13,32.39,3.0,0
25.0,15.0,65.63,4.0,2.0,63.28,1.71,3.0,1
51.0,15.0,97.73,0.0,0.0,47.01,31.65,1.0,0
2.0,26.6,24.3,3.0,1.0,27.61,24.02,3.0,0
72.0,112.49,67.45,4.0,2.0,14.24,53.33,4.0,0
42.0,117.96,0.0,3.0,2.0,51.07,73.45,4.0,1
55.0,50.63,22.03,0.0,1.0,35.49,72.84,1.0,0
68.0,59.29,65.12,4.0,1.0,15.77,50.77,3.0,1
33.0,61.92,38.13,0.0,0.0,18.71,63.39,2.0,0
59.0,111.35,28.47,4.0,0.0,0.0,81.07,3.0,1
72.0,67.09,79.2,4.0,2.0,3.27,0.0,5.0,0
13.0,99.86,51.22,0.0,1.0,15.82,59.54,4.0,0
58.0,90.64,66.94,0.0,0.0,39.49,62.72,3.0,0
47.0,136.04,31.07,3.0,1.0,33.91,18.67,6.0,0
2.0,67.55,52.54,5.0,1.0,0.0,38.57,5.0,1
66.0,113.18,63.92,0.0,0.0,17.22,74.84,3.0,0
72.0,51.11,86.2,0.0,0.0,18.51,64.33,1.0,0
14.0,159.14,24.96,1.0,1.0,56.66,69.63,6.0,0
23.0,32.51,1.93,2.0,0.0,52.45,51.7,2.0,0
72.0,62.21,82.99,1.0,0.0,10.25,20.46,3.0,0
9.0,15.0,32.93,4.0,0.0,44.72,32.08,2.0,0
33.0,69.4,81.0,0.0,1.0,39.66,49.12,3.0,0
68.0,108.86,5.01,2.0,1.0,63.4,52.77,3.0,1
53.0,123.57,26.22,5.0,2.0,95.42,63.77,5.0,1
69.0,41.85,52.61,1.0,1.0,72.79,0.0,3.0,1
39.0,88.78,50.08,1.0,0.0,54.58,22.56,5.0,0
72.0,15.0,87.89,3.0,0.0,55.63,32.85,1.0,1
38.0,123.86,4.97,2.0,1.0,43.93,86.91,4.0,1
3.0,91.58,16.73,1.0,1.0,26.85,46.14,5.0,0
1.0,15.0,54.45,2.0,2.0,43.71,1.59,4.0,0
32.0,124.07,11.52,3.0,1.0,45.51,77.23,4.0,1
63.0,51.43,2.17,0.0,2.0,26.89,75.69,1.0,0
15.0,49.13,37.88,4.0,0.0,40.91,34.36,4.0,1
9.0,65.44,54.26,1.0,3.0,0.0,41.71,4.0,0
65.0,76.01,76.08,2.0,1.0,26.88,26.9,4.0,0
47.0,52.37,28.43,1.0,0.0,0.0,63.56,2.0,0
45.0,15.0,80.02,2.0,2.0,42.1,26.13,2.0,1
27.0,84.55,50.66,0.0,1.0,48.45,25.48,5.0,0
15.0,82.57,22.82,2.0,3.0,4.7,49.24,4.0,0
33.0,88.12,12.01,0.0,2.0,5.72,57.63,3.0,0
47.0,122.81,51.29,7.0,1.0,32.28,1.37,8.0,0
30.0,46.55,1.74,1.0,1.0,20.32,44.61,2.0,0
24.0,48.64,50.95,0.0,2.0,59.76,8.86,3.0,0
51.0,101.04,51.51,0.0,2.0,39.4,46.63,4.0,0
59.0,91.5,65.41,3.0,0.0,100.0,27.14,5.0,1
8.0,29.36,46.51,4.0,1.0,45.35,28.58,4.0,1
62.0,44.73,78.13,2.0,0.0,42.34,10.46,3.0,0
61.0,42.76,78.54,0.0,1.0,46.27,56.54,1.0,0
7.0,45.03,26.37,1.0,2.0,30.35,28.98,3.0,0
6.0,50.85,30.74,2.0,1.0,38.66,46.43,3.0,0
59.0,49.43,73.05,0.0,0.0,42.06,62.01,1.0,0
25.0,15.0,32.64,4.0,0.0,8.16,42.71,2.0,0
21.0,64.0,26.51,0.0,1.0,20.45,48.37,3.0,0
21.0,32.34,22.4,2.0,1.0,28.58,40.79,2.0,0
4.0,49.4,49.68,2.0,2.0,12.19,32.02,4.0,0
72.0,15.0,94.12,4.0,0.0,58.95,41.21,1.0,1
72.0,54.45,89.56,0.0,0.0,13.47,59.99,1.0,0
72.0,58.8,96.15,0.0,0.0,6.63,77.77,1.0,0
37.0,31.88,0.0,1.0,1.0,29.28,46.01,1.0,0
1.0,42.54,37.48,0.0,1.0,88.94,34.39,3.0,0
59.0,119.53,54.78,3.0,1.0,32.09,53.91,5.0,0
18.0,74.63,29.19,0.0,0.0,49.53,58.29,3.0,0
32.0,54.45,52.08,0.0,1.0,19.47,61.93,2.0,0
19.0,47.1,26.1,0.0,2.0,4.67,31.61,3.0,0
26.0,15.0,18.82,1.0,1.0,43.25,37.63,1.0,0
24.0,69.29,18.02,0.0,1.0,40.03,48.48,3.0,0
11.0,15.0,20.62,3.0,1.0,32.81,25.08,2.0,0
12.0,15.0,0.0,3.0,1.0,75.55,27.61,1.0,0
4.0,15.0,0.0,3.0,1.0,51.81,20.36,2.0,0
72.0,56.0,81.38,2.0,1.0,10.56,25.87,3.0,0
27.0,94.77,29.05,0.0,2.0,47.58,66.15,3.0,0
7.0,55.09,27.21,2.0,0.0,45.86,46.05,3.0,0
1.0,19.94,13.87,4.0,1.0,27.71,4.05,4.0,0
66.0,105.54,22.48,6.0,3.0,54.29,33.64,5.0,1
37.0,67.69,67.71,0.0,2.0,36.77,36.59,3.0,0
12.0,29.93,36.46,1.0,1.0,56.14,34.43,3.0,0
33.0,44.55,19.92,0.0,1.0,67.33,72.55,1.0,0
1.0,80.33,14.08,0.0,3.0,48.08,23.87,5.0,0
9.0,63.36,0.0,0.0,0.0,64.13,45.56,3.0,0
27.0,17.21,12.75,3.0,0.0,0.0,37.17,2.0,0
72.0,72.45,60.74,0.0,0.0,27.71,40.48,2.0,0
12.0,52.12,0.0,0.0,0.0,89.98,52.89,2.0,0
72.0,40.47,63.81,5.0,1.0,57.89,45.11,2.0,1
39.0,81.53,64.75,0.0,2.0,44.61,64.58,2.0,0
45.0,51.31,10.31,0.0,1.0,28.98,62.22,1.0,0
36.0,72.34,48.08,0.0,1.0,51.24,41.04,3.0,0
59.0,86.42,56.86,0.0,0.0,28.52,40.08,3.0,0
21.0,94.47,40.92,1.0,0.0,0.0,59.45,4.0,0
59.0,15.0,85.19,5.0,2.0,63.09,0.49,3.0,1
72.0,87.21,37.82,4.0,0.0,38.01,44.11,3.0,1
13.0,83.07,14.85,0.0,1.0,30.15,55.85,3.0,0
21.0,15.0,9.63,3.0,2.0,55.94,30.45,1.0,0
50.0,47.05,50.11,8.0,0.0,53.72,0.0,5.0,1
34.0,32.19,29.6,0.0,0.0,47.53,49.18,1.0,0
56.0,94.78,64.76,0.0,1.0,18.35,49.25,4.0,0
54.0,89.75,57.57,2.0,2.0,44.41,26.89,5.0,0
37.0,42.02,34.25,0.0,0.0,36.66,59.11,1.0,0
62.0,15.0,78.25,2.0,2.0,58.79,55.83,1.0,1
39.0,28.57,43.34,0.0,3.0,11.69,42.77,1.0,0
72.0,44.47,98.27,2.0,3.0,10.71,23.28,3.0,0
1.0,81.46,80.8,0.0,1.0,22.73,33.04,6.0,0
37.0,123.97,50.46,0.0,2.0,27.49,63.82,4.0,0
72.0,53.46,65.29,1.0,1.0,31.92,12.74,3.0,0
45.0,53.97,20.44,0.0,1.0,26.97,61.2,1.0,0
24.0,49.8,32.58,1.0,1.0,0.0,31.29,3.0,0
25.0,24.74,23.07,1.0,3.0,43.01,45.93,2.0,0
25.0,86.89,48.58,0.0,1.0,0.0,41.67,4.0,0
72.0,101.84,74.99,3.0,2.0,3.86,51.51,4.0,0
25.0,67.27,23.98,1.0,0.0,0.0,42.52,3.0,0
42.0,67.97,32.44,0.0,0.0,0.0,59.65,2.0,0
72.0,81.06,79.25,3.0,3.0,14.18,39.42,4.0,0
35.0,62.89,78.73,0.0,1.0,13.61,65.97,2.0,0
72.0,59.54,74.82,0.0,1.0,30.17,35.26,3.0,0
18.0,73.35,56.03,0.0,2.0,12.38,46.82,4.0,0
50.0,138.6,34.32,1.0,0.0,36.64,51.71,5.0,0
42.0,103.28,60.93,0.0,3.0,42.06,74.64,3.0,0
27.0,24.9,5.5,1.0,3.0,50.92,45.66,1.0,0
54.0,80.81,61.74,2.0,2.0,97.55,27.63,4.0,1
5.0,68.12,36.72,2.0,0.0,14.7,50.83,4.0,0
72.0,59.0,83.99,4.0,3.0,31.23,10.83,4.0,0
13.0,58.21,18.16,0.0,2.0,51.37,55.77,3.0,0
44.0,160.0,16.17,5.0,0.0,28.43,53.34,8.0,0
63.0,84.76,72.48,0.0,1.0,27.18,64.88,3.0,0
32.0,60.85,44.79,0.0,2.0,6.82,51.97,2.0,0
24.0,32.2,32.78,0.0,3.0,58.71,43.27,2.0,0
7.0,50.64,55.52,0.0,4.0,51.31,46.25,3.0,0
43.0,90.58,52.6,0.0,3.0,44.09,55.92,3.0,0
56.0,146.13,49.48,1.0,2.0,17.58,80.13,5.0,0
72.0,52.39,92.13,2.0,1.0,20.1,46.64,2.0,0
72.0,117.79,68.91,5.0,0.0,0.0,50.39,4.0,0
1.0,19.23,30.22,3.0,0.0,62.94,6.72,4.0,0
38.0,87.75,2.76,4.0,1.0,27.55,65.67,3.0,1
60.0,54.79,68.84,0.0,0.0,0.0,76.92,1.0,1
19.0,63.69,23.77,2.0,2.0,10.36,49.08,3.0,0
60.0,75.64,78.0,0.0,3.0,24.98,43.71,3.0,0
72.0,80.88,33.04,2.0,2.0,29.15,96.19,1.0,1
72.0,74.11,45.81,5.0,1.0,29.48,38.3,3.0,1
37.0,139.98,31.72,0.0,2.0,34.86,59.46,5.0,0
72.0,35.98,100.0,1.0,1.0,11.0,44.47,1.0,0
38.0,145.63,43.66,3.0,0.0,27.68,35.65,7.0,0
58.0,97.97,14.97,5.0,1.0,61.8,56.63,4.0,1
29.0,49.93,41.53,0.0,2.0,32.79,47.83,2.0,0
67.0,89.52,70.27,3.0,2.0,24.34,37.25,4.0,0
45.0,53.05,64.85,3.0,1.0,0.0,100.0,1.0,1
31.0,15.0,62.22,0.0,0.0,55.76,42.74,1.0,0
20.0,92.34,50.34,0.0,0.0,12.81,59.62,4.0,0
42.0,71.7,34.39,0.0,1.0,66.06,81.27,1.0,0
64.0,36.13,42.76,5.0,1.0,69.46,12.35,3.0,1
51.0,63.36,22.42,5.0,0.0,22.79,35.68,3.0,1
1.0,19.99,43.84,2.0,2.0,41.44,6.76,4.0,0
18.0,27.08,0.0,1.0,1.0,55.32,33.67,2.0,0
23.0,91.64,58.2,0.0,1.0,49.54,67.19,3.0,0
57.0,15.0,100.0,2.0,3.0,65.1,10.09,2.0,1
25.0,65.82,42.61,0.0,2.0,9.92,40.45,3.0,0
66.0,23.16,72.57,4.0,0.0,48.24,55.49,1.0,1
49.0,66.94,34.13,4.0,2.0,37.12,42.11,3.0,1
48.0,73.19,60.79,0.0,1.0,38.86,28.08,3.0,0
62.0,132.44,38.16,2.0,0.0,19.27,34.51,5.0,0
46.0,80.2,60.18,2.0,1.0,45.24,11.69,5.0,0
72.0,86.13,82.37,4.0,2.0,15.44,48.66,3.0,0
72.0,69.78,66.96,0.0,2.0,25.57,40.67,2.0,0
22.0,22.32,47.97,8.0,1.0,76.55,28.47,4.0,1
53.0,38.26,75.5,0.0,2.0,41.05,28.0,2.0,0
39.0,100.96,47.49,0.0,0.0,30.24,75.25,2.0,0
57.0,60.89,64.75,0.0,0.0,42.84,52.58,2.0,0
16.0,82.98,45.09,0.0,2.0,24.41,59.38,4.0,0
72.0,58.95,93.96,0.0,0.0,9.16,63.94,1.0,0
26.0,39.49,34.9,0.0,0.0,51.21,52.37,2.0,0
61.0,15.0,100.0,0.0,1.0,36.13,9.27,2.0,0
72.0,63.33,73.01,1.0,0.0,5.7,38.16,3.0,1
11.0,30.91,15.7,2.0,0.0,41.42,35.61,3.0,0
43.0,74.74,32.73,0.0,2.0,0.97,54.04,2.0,0
59.0,67.82,68.61,0.0,0.0,42.79,66.33,2.0,0
72.0,52.32,61.77,5.0,2.0,48.09,31.16,3.0,1
1.0,15.0,13.52,5.0,2.0,36.31,3.07,3.0,1
48.0,110.54,26.51,6.0,0.0,73.12,61.06,5.0,1
1.0,15.0,14.27,5.0,1.0,45.22,22.23,3.0,0
56.0,61.85,76.44,0.0,0.0,33.86,51.6,2.0,0
72.0,45.87,89.13,0.0,1.0,24.88,41.18,2.0,0
56.0,112.98,51.98,2.0,1.0,29.61,34.19,5.0,0
14.0,34.96,35.61,3.0,1.0,2.47,37.12,3.0,0
29.0,67.04,45.86,0.0,0.0,15.13,56.0,3.0,0
59.0,21.73,49.66,6.0,3.0,62.81,15.97,3.0,1
17.0,78.93,56.2,0.0,2.0,50.23,15.3,5.0,0
18.0,134.5,31.76,0.0,0.0,53.03,64.2,5.0,0
61.0,60.13,63.25,0.0,3.0,38.4,18.31,3.0,0
13.0,78.42,41.06,2.0,0.0,0.0,87.69,3.0,1
63.0,68.84,76.94,4.0,2.0,28.76,0.0,5.0,0
60.0,47.51,50.34,0.0,1.0,88.15,14.89,3.0,1
30.0,66.47,26.75,0.0,1.0,15.64,47.93,3.0,0
34.0,78.24,62.12,0.0,1.0,38.37,22.84,4.0,0
28.0,56.63,65.86,0.0,1.0,52.57,39.96,3.0,0
58.0,84.99,53.1,1.0,1.0,100.0,32.67,4.0,1
29.0,45.03,0.0,0.0,3.0,60.06,55.58,1.0,0
8.0,26.54,38.88,1.0,1.0,42.88,21.54,3.0,0
72.0,45.97,100.0,1.0,1.0,15.67,41.13,2.0,0
27.0,113.63,52.46,0.0,0.0,33.51,65.79,4.0,0
24.0,54.56,56.64,0.0,0.0,26.81,41.42,3.0,0
22.0,60.72,54.37,0.0,1.0,13.72,49.61,3.0,0
35.0,116.23,43.32,0.0,0.0,34.67,45.1,5.0,0
46.0,16.57,84.7,2.0,2.0,22.96,69.06,1.0,1
43.0,104.41,46.29,1.0,2.0,45.54,41.21,4.0,0
25.0,147.37,25.01,0.0,2.0,40.95,58.85,5.0,0
9.0,15.0,29.31,2.0,1.0,40.57,10.21,2.0,0
26.0,52.77,36.04,0.0,2.0,37.18,47.11,2.0,0
54.0,22.5,99.08,0.0,0.0,33.49,37.57,1.0,0
72.0,114.35,62.84,5.0,0.0,6.06,22.13,6.0,0
43.0,91.0,29.41,6.0,2.0,49.86,37.77,5.0,1
53.0,94.07,25.47,0.0,1.0,53.28,39.16,3.0,0
42.0,64.4,0.0,0.0,0.0,75.65,76.74,1.0,0
71.0,83.34,34.46,6.0,0.0,81.85,31.78,4.0,1
72.0,68.75,96.68,2.0,2.0,6.06,45.89,3.0,0
72.0,94.71,31.11,2.0,1.0,90.17,26.81,4.0,1
62.0,44.79,80.62,0.0,1.0,27.16,17.31,3.0,0
24.0,160.0,30.43,2.0,2.0,31.04,43.69,7.0,0
22.0,131.84,18.28,0.0,1.0,50.62,27.33,6.0,0
1.0,43.94,26.84,2.0,0.0,73.18,23.12,4.0,0
1.0,15.0,25.48,3.0,1.0,84.12,8.53,4.0,0
41.0,124.56,37.38,3.0,1.0,39.15,12.01,7.0,0
23.0,72.85,63.27,0.0,1.0,45.69,29.39,4.0,0
57.0,141.92,22.6,6.0,0.0,99.04,82.03,5.0,1
29.0,148.84,30.4,0.0,0.0,38.43,56.74,6.0,0
72.0,49.26,75.73,0.0,2.0,26.22,44.37,1.0,0
29.0,35.91,67.62,5.0,0.0,16.65,62.72,3.0,1
34.0,30.77,15.63,0.0,0.0,19.2,33.58,2.0,0
45.0,68.33,72.14,0.0,1.0,100.0,27.72,4.0,1
14.0,127.56,46.85,0.0,1.0,46.62,66.88,5.0,0
19.0,49.68,25.73,0.0,0.0,57.96,56.06,2.0,0
17.0,68.08,42.58,0.0,0.0,15.07,45.12,3.0,0
32.0,64.48,21.76,0.0,2.0,27.33,57.39,2.0,0
58.0,107.05,44.84,9.0,2.0,82.54,44.6,5.0,1
68.0,102.76,57.46,1.0,0.0,33.72,52.41,4.0,0
50.0,93.96,54.38,0.0,2.0,29.74,20.0,5.0,0
38.0,65.15,20.12,0.0,0.0,0.0,48.27,3.0,0
54.0,63.87,15.47,7.0,1.0,30.96,31.01,4.0,1
64.0,87.18,21.12,5.0,1.0,35.64,80.6,2.0,1
26.0,124.88,43.28,0.0,2.0,33.77,67.41,4.0,0
37.0,104.41,59.88,0.0,0.0,12.57,75.19,3.0,0
36.0,28.22,6.32,0.0,2.0,53.67,52.94,1.0,0
47.0,140.97,30.62,0.0,0.0,29.57,71.35,4.0,0
3.0,29.29,44.97,4.0,0.0,2.39,26.95,4.0,0
38.0,34.47,23.68,2.0,1.0,0.0,41.92,2.0,0
72.0,74.62,82.28,0.0,2.0,23.16,48.58,3.0,0
60.0,34.15,96.26,0.0,0.0,36.44,65.58,1.0,0
42.0,63.12,26.6,0.0,1.0,13.62,55.81,2.0,0
61.0,52.68,31.6,4.0,2.0,41.71,20.92,3.0,1
11.0,69.27,29.95,1.0,1.0,0.0,32.49,4.0,0
70.0,83.64,38.38,3.0,3.0,100.0,62.54,2.0,1
42.0,104.84,53.95,0.0,0.0,43.35,67.21,3.0,0
34.0,127.1,44.0,1.0,1.0,38.29,58.33,5.0,0
39.0,56.61,45.34,2.0,2.0,24.17,76.07,2.0,1
46.0,75.85,18.39,1.0,2.0,14.47,32.89,3.0,1
64.0,109.7,59.43,0.0,3.0,29.77,75.71,3.0,0
57.0,105.77,51.78,0.0,0.0,30.88,51.1,4.0,0
43.0,71.85,62.92,0.0,2.0,39.58,32.2,3.0,0
56.0,99.15,56.29,1.0,1.0,33.15,43.07,4.0,0
49.0,66.83,59.49,4.0,2.0,100.0,36.31,4.0,1
1.0,43.91,37.5,3.0,1.0,21.82,33.41,4.0,0
1.0,78.57,45.61,0.0,0.0,4.78,21.45,5.0,0
64.0,134.14,22.05,7.0,2.0,87.16,54.11,5.0,1
67.0,120.07,69.03,0.0,1.0,12.61,100.0,2.0,0
72.0,60.56,74.2,0.0,2.0,21.29,42.71,2.0,0
43.0,50.42,68.57,5.0,1.0,97.28,17.79,4.0,1
40.0,87.33,58.26,0.0,1.0,36.72,49.12,3.0,0
29.0,77.65,40.47,5.0,1.0,57.71,60.1,4.0,1
3.0,32.57,41.04,3.0,0.0,8.92,26.61,4.0,0
58.0,159.24,26.65,3.0,1.0,21.3,52.27,6.0,0
72.0,43.96,92.9,3.0,2.0,23.6,36.75,2.0,0
46.0,132.76,44.47,2.0,1.0,24.55,44.72,6.0,0
55.0,139.74,39.14,5.0,1.0,31.77,38.84,6.0,0
66.0,15.15,66.51,5.0,3.0,80.5,13.59,2.0,1
20.0,40.86,27.25,3.0,0.0,17.02,50.75,3.0,0
45.0,99.93,31.53,3.0,0.0,73.55,46.89,4.0,1
49.0,58.7,37.92,1.0,1.0,0.0,54.57,2.0,0
15.0,49.0,16.71,0.0,2.0,24.56,39.95,3.0,0
18.0,44.93,31.06,0.0,2.0,72.7,51.53,2.0,0
72.0,81.26,81.37,4.0,2.0,2.36,39.93,3.0,0
48.0,79.08,56.18,0.0,2.0,49.84,51.42,3.0,0
3.0,35.13,21.94,0.0,2.0,69.33,24.73,3.0,0
37.0,100.2,43.18,0.0,0.0,40.28,48.72,3.0,0
26.0,26.6,13.08,1.0,1.0,39.46,46.63,1.0,0
53.0,81.0,72.52,0.0,0.0,39.45,59.43,3.0,0
3.0,15.0,19.18,5.0,0.0,42.82,19.26,3.0,0
37.0,120.71,46.61,0.0,0.0,37.14,85.61,3.0,0
36.0,54.98,76.72,0.0,1.0,40.42,35.13,3.0,0
15.0,65.68,49.55,0.0,1.0,1.26,27.23,4.0,0
72.0,93.79,65.68,4.0,1.0,18.66,37.03,4.0,0
72.0,86.33,58.66,1.0,2.0,25.87,17.57,4.0,0
22.0,24.85,53.22,0.0,1.0,37.1,39.33,2.0,0
52.0,153.58,35.3,7.0,1.0,15.29,6.64,8.0,0
71.0,70.88,71.96,2.0,2.0,27.89,27.87,3.0,0
19.0,54.07,21.02,3.0,1.0,0.0,44.92,3.0,0
39.0,130.82,51.97,0.0,2.0,43.96,83.87,4.0,0
67.0,143.18,16.95,8.0,1.0,92.83,59.17,6.0,1
1.0,49.16,69.58,2.0,2.0,41.98,26.13,5.0,0
61.0,132.78,8.09,0.0,1.0,70.96,63.01,4.0,1
63.0,91.3,67.0,0.0,1.0,24.66,55.37,3.0,0
61.0,83.8,74.44,0.0,1.0,24.85,61.01,3.0,0
54.0,58.17,76.8,0.0,2.0,0.0,74.69,1.0,1
56.0,111.22,32.2,2.0,1.0,66.54,33.07,5.0,1
19.0,41.67,2.0,0.0,0.0,67.82,47.05,2.0,0
64.0,113.8,44.6,0.0,1.0,35.34,77.46,3.0,0
24.0,35.91,45.9,0.0,1.0,26.46,37.32,2.0,0
33.0,47.99,49.02,3.0,0.0,25.92,57.16,3.0,1
31.0,71.54,49.59,4.0,0.0,0.0,60.76,4.0,1
56.0,95.96,60.98,1.0,0.0,27.76,31.28,4.0,0
1.0,27.37,0.0,2.0,1.0,50.68,26.6,3.0,0
24.0,75.71,46.45,0.0,0.0,23.61,57.46,3.0,0
1.0,40.54,40.32,3.0,1.0,38.12,29.24,4.0,0
46.0,69.86,53.12,0.0,2.0,32.6,31.18,3.0,0
72.0,83.91,58.75,1.0,0.0,32.58,40.53,3.0,0
31.0,59.27,0.0,0.0,1.0,41.05,54.79,2.0,0
1.0,26.36,43.87,4.0,1.0,23.22,17.36,4.0,0
43.0,97.75,53.43,4.0,0.0,0.0,52.13,5.0,1
48.0,107.85,42.27,0.0,2.0,92.59,43.72,4.0,1
55.0,122.05,24.2,1.0,2.0,80.96,69.21,4.0,1
14.0,71.59,8.01,0.0,0.0,52.34,46.86,3.0,0
48.0,74.91,65.61,0.0,1.0,43.06,29.66,4.0,0
41.0,15.0,100.0,2.0,1.0,18.73,41.29,2.0,1
1.0,73.19,39.9,0.0,3.0,25.58,41.7,4.0,0
42.0,56.08,58.1,0.0,1.0,64.54,46.78,2.0,0
50.0,93.43,41.62,4.0,1.0,0.0,78.61,3.0,1
30.0,109.99,31.8,1.0,3.0,63.01,31.17,5.0,0
71.0,84.2,80.69,3.0,0.0,8.05,26.29,4.0,0
28.0,15.0,100.0,0.0,0.0,8.63,67.37,1.0,1
72.0,62.51,31.42,3.0,1.0,68.18,48.07,2.0,1
63.0,15.0,94.92,0.0,3.0,40.76,37.39,1.0,1
43.0,68.06,44.81,0.0,1.0,37.6,69.59,1.0,0
72.0,108.21,23.79,3.0,2.0,18.81,65.05,3.0,1
72.0,87.96,81.12,2.0,2.0,0.0,40.33,3.0,0
26.0,43.57,58.47,3.0,0.0,18.55,81.14,2.0,1
45.0,111.9,0.17,3.0,0.0,28.65,45.79,4.0,1
60.0,120.24,47.2,9.0,0.0,81.35,22.22,7.0,1
37.0,77.04,66.56,3.0,1.0,38.41,0.0,6.0,0
28.0,160.0,19.78,0.0,1.0,30.83,73.82,6.0,0
42.0,106.76,34.91,4.0,0.0,71.96,59.81,4.0,1
53.0,121.64,42.86,3.0,0.0,23.85,13.84,6.0,0
68.0,118.46,47.23,0.0,1.0,19.74,62.11,3.0,0
34.0,134.91,22.22,0.0,1.0,39.05,50.51,5.0,0
50.0,97.18,41.04,0.0,1.0,43.36,74.2,1.0,0
66.0,41.46,47.99,5.0,0.0,71.63,0.0,4.0,1
48.0,21.09,77.44,0.0,0.0,31.3,72.96,1.0,1
72.0,112.48,66.61,3.0,3.0,8.04,44.61,4.0,0
72.0,70.79,82.91,1.0,3.0,23.92,54.42,2.0,0
45.0,25.16,67.41,2.0,1.0,39.78,46.91,2.0,1
72.0,48.61,100.0,3.0,0.0,2.15,47.88,1.0,0
72.0,95.55,60.27,4.0,1.0,19.95,28.29,4.0,0
57.0,61.08,71.12,3.0,0.0,47.48,21.24,4.0,0
52.0,115.71,51.41,1.0,0.0,24.54,44.67,5.0,0
14.0,39.01,9.73,0.0,1.0,87.89,43.72,2.0,0
47.0,103.61,33.16,2.0,2.0,48.58,6.54,6.0,0
41.0,160.0,15.93,1.0,0.0,36.63,51.09,6.0,0
55.0,126.38,0.0,6.0,2.0,74.45,80.32,4.0,1
11.0,53.01,13.77,0.0,2.0,51.5,42.11,3.0,0
43.0,82.58,5.67,0.0,2.0,36.53,72.36,1.0,0
29.0,73.69,50.96,0.0,0.0,0.0,49.88,3.0,0
54.0,125.24,47.55,3.0,1.0,30.86,36.97,5.0,0
34.0,104.42,55.83,2.0,1.0,88.75,38.99,5.0,1
72.0,51.82,74.68,0.0,2.0,30.14,27.94,2.0,0
68.0,105.74,8.15,9.0,1.0,48.83,51.48,5.0,1
15.0,22.17,30.86,2.0,0.0,27.33,27.88,3.0,0
47.0,101.63,46.36,0.0,0.0,32.64,30.77,4.0,0
33.0,69.7,0.0,0.0,1.0,48.72,74.83,1.0,0
60.0,15.0,89.28,2.0,2.0,55.54,0.0,3.0,1
33.0,135.44,26.79,5.0,1.0,76.84,92.07,5.0,1
25.0,34.86,45.17,1.0,0.0,0.0,37.41,3.0,0
61.0,49.85,68.03,6.0,1.0,26.11,35.7,3.0,1
14.0,123.31,43.11,0.0,1.0,43.09,42.67,5.0,0
5.0,18.1,60.69,1.0,0.0,18.79,12.69,4.0,0
1.0,79.52,53.49,0.0,0.0,37.05,36.63,5.0,0
56.0,79.89,68.42,0.0,0.0,40.96,52.45,3.0,0
68.0,125.33,58.05,2.0,2.0,20.58,56.77,5.0,0
42.0,83.1,71.76,0.0,0.0,31.37,53.17,3.0,0
68.0,112.42,31.91,0.0,1.0,88.05,41.76,4.0,1
9.0,15.0,41.08,0.0,0.0,96.73,32.92,2.0,0
62.0,106.25,39.34,4.0,3.0,100.0,61.26,4.0,1
68.0,78.01,77.2,2.0,0.0,14.59,27.78,4.0,0
14.0,92.81,47.09,0.0,1.0,53.48,12.73,6.0,0
1.0,82.64,6.3,1.0,1.0,55.47,43.59,4.0,0
72.0,32.95,87.18,0.0,1.0,18.26,6.78,3.0,1
51.0,88.52,54.89,0.0,1.0,41.15,68.24,3.0,0
49.0,87.79,51.99,0.0,0.0,29.55,64.61,2.0,0
64.0,116.45,65.62,5.0,3.0,14.52,25.84,6.0,0
26.0,40.36,52.86,0.0,3.0,62.28,47.78,2.0,0
1.0,17.94,43.42,2.0,0.0,52.07,16.0,4.0,0
36.0,81.41,29.38,0.0,0.0,15.49,68.63,2.0,0
36.0,23.77,8.42,0.0,2.0,41.71,44.5,1.0,0
66.0,51.89,78.49,0.0,2.0,32.84,22.1,3.0,0
10.0,118.5,21.46,0.0,0.0,68.81,51.75,4.0,0
13.0,61.15,54.43,0.0,0.0,42.47,44.01,3.0,0
43.0,49.35,9.78,0.0,0.0,14.63,60.48,1.0,0
62.0,73.1,36.5,4.0,0.0,61.01,25.18,4.0,1
72.0,113.42,40.85,2.0,1.0,100.0,42.67,3.0,1
42.0,101.55,38.35,0.0,1.0,60.72,31.15,4.0,1
34.0,81.63,45.74,0.0,0.0,38.31,67.03,2.0,0
19.0,143.46,32.77,0.0,0.0,27.77,58.48,5.0,0
72.0,110.33,51.48,4.0,1.0,10.75,8.98,6.0,0
6.0,63.13,34.01,5.0,1.0,0.0,32.05,5.0,0
17.0,15.0,69.27,4.0,0.0,36.15,56.19,2.0,1
43.0,69.07,61.25,0.0,0.0,46.54,53.05,2.0,0
38.0,15.49,40.75,0.0,0.0,57.36,53.13,1.0,0
40.0,38.28,18.77,0.0,1.0,55.34,59.6,1.0,0
36.0,66.39,17.42,0.0,1.0,0.62,50.61,2.0,0
27.0,16.8,18.26,0.0,1.0,87.72,54.53,1.0,0
72.0,118.91,61.01,3.0,3.0,8.55,38.22,5.0,0
37.0,111.28,32.41,0.0,1.0,50.35,39.19,4.0,0
29.0,25.17,46.4,1.0,1.0,27.28,49.79,2.0,0
64.0,45.33,83.59,0.0,2.0,22.36,20.41,3.0,0
1.0,42.79,48.03,1.0,1.0,67.45,25.05,4.0,0
45.0,135.4,32.61,1.0,0.0,28.9,35.3,6.0,0
67.0,84.18,58.1,1.0,0.0,36.11,30.34,4.0,0
72.0,66.23,94.02,2.0,1.0,0.3,51.3,2.0,0
72.0,27.34,93.99,1.0,2.0,37.86,21.25,2.0,0
46.0,46.78,50.08,0.0,1.0,0.0,48.25,2.0,0
30.0,81.34,54.92,0.0,0.0,51.19,40.79,3.0,0
42.0,15.17,74.84,2.0,2.0,51.12,6.03,3.0,1
44.0,85.38,64.41,0.0,0.0,49.93,63.49,3.0,0
34.0,146.78,27.86,1.0,1.0,47.27,55.55,6.0,0
58.0,146.94,13.48,3.0,0.0,88.54,67.61,5.0,1
43.0,111.93,0.0,9.0,2.0,7.99,64.49,5.0,1
48.0,93.51,51.84,0.0,2.0,42.22,57.83,3.0,0
28.0,74.64,26.52,0.0,1.0,5.26,50.89,3.0,0
37.0,74.65,15.83,3.0,3.0,28.38,37.85,4.0,1
47.0,48.25,26.49,2.0,2.0,35.63,21.19,3.0,1
66.0,86.4,40.22,5.0,0.0,3.85,99.59,2.0,1
29.0,79.7,57.35,0.0,1.0,58.52,46.28,4.0,0
37.0,64.08,19.45,0.0,2.0,20.56,51.88,2.0,0
63.0,73.23,51.06,0.0,1.0,52.22,43.78,3.0,0
72.0,39.79,88.12,2.0,2.0,36.26,13.58,3.0,0
70.0,59.64,27.46,5.0,0.0,65.19,16.69,3.0,1
52.0,90.38,31.9,1.0,0.0,59.81,27.38,4.0,1
34.0,92.61,54.38,0.0,1.0,53.91,40.67,4.0,0
70.0,96.39,60.89,0.0,1.0,26.99,71.13,3.0,0
38.0,105.0,37.91,0.0,0.0,44.24,19.42,5.0,0
72.0,29.94,86.23,2.0,2.0,18.75,0.7,3.0,0
53.0,22.51,76.16,3.0,0.0,40.33,48.21,2.0,1
61.0,101.7,47.0,4.0,1.0,0.0,100.0,2.0,1
39.0,72.99,61.29,0.0,0.0,55.65,40.08,3.0,0
54.0,160.0,25.93,6.0,0.0,29.7,36.39,7.0,0
39.0,32.69,0.0,0.0,1.0,45.69,56.47,1.0,0
72.0,67.4,27.25,5.0,2.0,83.2,21.09,3.0,1
12.0,15.0,40.29,3.0,2.0,43.68,21.6,2.0,0
44.0,16.73,58.36,5.0,2.0,72.17,5.1,3.0,1
1.0,25.83,24.78,4.0,2.0,32.13,11.72,4.0,0
61.0,94.87,66.99,0.0,1.0,15.4,64.29,3.0,0
41.0,110.64,47.26,4.0,0.0,40.69,6.72,6.0,0
51.0,93.99,10.75,0.0,0.0,7.67,74.2,2.0,0
45.0,116.54,38.08,0.0,2.0,47.94,66.05,3.0,0
51.0,107.42,22.21,7.0,2.0,73.11,64.51,4.0,1
51.0,24.67,67.71,5.0,2.0,49.74,14.62,3.0,1
13.0,35.38,27.47,3.0,1.0,8.3,30.41,3.0,0
24.0,15.0,0.0,4.0,1.0,39.3,30.66,1.0,0
56.0,60.73,77.07,1.0,0.0,39.77,31.27,3.0,0
1.0,15.0,0.0,3.0,0.0,63.99,0.0,3.0,0
53.0,15.0,25.51,1.0,1.0,16.44,47.72,1.0,0
65.0,72.44,71.69,2.0,3.0,27.82,29.84,4.0,0
68.0,15.0,95.47,0.0,3.0,34.38,51.3,1.0,1
11.0,111.89,30.87,0.0,2.0,60.7,15.62,6.0,0
58.0,50.83,59.69,4.0,2.0,25.12,64.05,2.0,1
72.0,42.6,75.83,4.0,1.0,30.83,45.46,2.0,1
43.0,67.6,75.26,1.0,2.0,37.44,20.84,4.0,0
72.0,121.75,64.59,3.0,1.0,0.0,61.33,4.0,0
70.0,54.91,74.15,0.0,2.0,30.38,41.44,2.0,0
4.0,72.59,60.01,0.0,1.0,34.23,35.52,4.0,0
48.0,114.96,47.38,1.0,1.0,36.47,45.02,5.0,0
58.0,74.94,25.55,7.0,0.0,65.26,36.65,4.0,1
51.0,100.87,54.29,0.0,0.0,36.52,60.99,3.0,0
41.0,97.29,19.51,5.0,1.0,47.13,72.89,4.0,1
31.0,115.51,50.53,2.0,1.0,78.6,57.57,5.0,1
28.0,53.16,40.74,0.0,1.0,14.21,46.16,3.0,0
46.0,122.67,27.2,8.0,3.0,91.52,79.88,5.0,1
50.0,22.31,94.87,1.0,3.0,8.63,65.94,1.0,1
31.0,46.92,69.92,2.0,0.0,0.0,87.53,2.0,1
25.0,78.82,18.82,0.0,2.0,44.21,58.94,3.0,0
35.0,83.66,28.01,0.0,1.0,6.9,68.9,3.0,0
8.0,15.0,14.43,4.0,1.0,30.69,17.46,3.0,0
46.0,119.16,47.35,2.0,1.0,29.32,35.64,5.0,0
39.0,15.0,80.2,4.0,0.0,33.92,53.38,2.0,1
27.0,51.6,28.78,0.0,1.0,37.25,59.78,2.0,0
72.0,77.11,80.05,5.0,2.0,22.44,28.57,4.0,0
53.0,112.16,57.78,1.0,0.0,21.74,43.16,5.0,0
71.0,101.21,18.66,3.0,2.0,76.65,40.36,4.0,1
6.0,45.0,12.87,0.0,1.0,55.61,30.12,3.0,0
72.0,76.89,74.47,1.0,2.0,22.61,43.05,3.0,0
54.0,61.0,39.39,6.0,1.0,51.11,36.21,4.0,1
18.0,37.55,23.43,1.0,0.0,22.16,32.25,3.0,0
46.0,30.87,59.91,6.0,1.0,48.14,8.15,4.0,1
66.0,58.23,43.87,5.0,1.0,85.69,32.84,3.0,1
60.0,65.12,65.88,4.0,1.0,4.39,64.32,3.0,1
24.0,35.16,30.78,2.0,3.0,18.36,46.2,2.0,0
31.0,140.4,32.83,0.0,0.0,40.23,57.92,5.0,0
72.0,119.58,58.37,3.0,1.0,5.41,55.67,4.0,0
66.0,25.99,87.71,2.0,1.0,45.93,0.0,3.0,0
26.0,47.91,4.61,0.0,1.0,64.35,57.88,2.0,0
72.0,76.44,74.19,5.0,3.0,23.04,4.48,5.0,0
72.0,61.62,73.31,2.0,0.0,22.37,7.32,4.0,0
26.0,21.99,38.75,1.0,1.0,20.42,37.0,2.0,0
16.0,119.45,41.76,0.0,1.0,47.73,70.77,4.0,0
72.0,86.12,84.15,3.0,0.0,5.24,44.89,3.0,0
25.0,63.38,33.93,0.0,0.0,27.36,53.4,3.0,0
36.0,125.67,24.84,3.0,0.0,73.87,85.16,4.0,1
57.0,39.15,77.73,2.0,1.0,17.6,36.65,3.0,1
1.0,15.0,21.16,3.0,3.0,62.78,20.14,2.0,0
72.0,104.1,61.58,0.0,2.0,13.89,60.6,3.0,0
55.0,58.28,45.46,0.0,1.0,29.12,76.42,1.0,0
55.0,31.48,87.64,1.0,0.0,6.53,75.01,1.0,1
59.0,84.52,72.04,1.0,1.0,37.38,46.35,4.0,0
66.0,15.0,100.0,0.0,0.0,31.38,37.59,1.0,0
47.0,51.85,56.23,5.0,1.0,33.19,0.0,5.0,1
71.0,27.94,72.61,7.0,0.0,50.12,16.81,3.0,1
34.0,47.01,31.9,3.0,2.0,39.89,42.08,3.0,1
1.0,15.0,16.65,6.0,0.0,80.87,13.78,3.0,0
72.0,103.57,64.87,4.0,1.0,24.85,41.86,4.0,0
34.0,74.41,25.87,1.0,0.0,42.93,54.6,3.0,1
1.0,36.85,42.11,4.0,1.0,17.24,18.31,5.0,0
31.0,106.21,42.14,1.0,0.0,51.22,23.77,5.0,0
4.0,65.31,27.0,0.0,0.0,38.2,36.06,4.0,0
37.0,65.84,57.69,4.0,1.0,0.0,27.54,4.0,1
60.0,101.38,20.87,4.0,1.0,61.36,36.25,4.0,1
67.0,129.48,46.45,3.0,1.0,20.77,50.02,5.0,0
1.0,35.41,86.06,3.0,0.0,0.0,12.4,5.0,0
2.0,84.17,35.32,1.0,1.0,1.24,37.34,5.0,0
52.0,20.81,79.18,1.0,0.0,34.35,53.74,1.0,1
72.0,80.43,73.54,2.0,1.0,23.26,45.98,3.0,0
69.0,76.54,50.31,3.0,0.0,8.63,65.68,2.0,1
61.0,65.78,26.35,4.0,0.0,47.7,20.01,4.0,1
72.0,68.7,74.06,1.0,1.0,5.86,31.17,2.0,0
60.0,101.8,57.32,4.0,2.0,25.68,9.13,6.0,0
38.0,95.71,54.65,0.0,2.0,42.41,43.15,4.0,0
3.0,17.16,39.36,2.0,2.0,10.0,4.76,4.0,0
33.0,82.79,31.71,4.0,0.0,46.94,32.06,5.0,1
57.0,88.54,4.11,8.0,1.0,38.54,44.66,4.0,1
57.0,44.24,40.64,1.0,0.0,62.33,31.73,2.0,1
52.0,101.09,48.57,0.0,0.0,40.87,77.57,2.0,0
69.0,113.95,35.36,7.0,3.0,100.0,48.32,5.0,1
72.0,81.11,13.81,4.0,1.0,79.02,41.11,3.0,1
54.0,67.93,68.7,0.0,2.0,30.86,34.9,3.0,0
22.0,79.45,22.98,0.0,2.0,0.0,56.61,3.0,0
44.0,91.18,48.22,7.0,1.0,100.0,55.25,5.0,1
26.0,95.22,33.19,0.0,2.0,0.0,53.58,4.0,0
47.0,62.21,11.58,0.0,1.0,34.25,70.95,1.0,0
59.0,71.31,71.05,0.0,2.0,34.79,46.66,3.0,0
6.0,21.33,45.18,0.0,1.0,50.79,23.68,3.0,0
53.0,118.09,56.97,2.0,1.0,93.63,35.95,5.0,1
62.0,98.38,31.65,7.0,2.0,73.08,42.1,5.0,1
51.0,21.79,87.66,1.0,0.0,19.55,59.89,1.0,1
13.0,15.0,51.09,0.0,0.0,96.62,51.74,1.0,0
63.0,86.07,54.07,0.0,0.0,39.8,35.02,3.0,0
50.0,76.39,64.34,0.0,0.0,34.05,35.94,3.0,0
54.0,75.82,39.75,6.0,0.0,20.38,25.36,5.0,1
1.0,54.0,19.44,5.0,1.0,29.34,9.7,6.0,0
72.0,71.91,83.32,3.0,0.0,0.87,18.2,4.0,0
72.0,39.08,88.3,2.0,0.0,17.56,14.97,3.0,0
65.0,60.76,53.46,5.0,2.0,29.02,65.15,3.0,1
70.0,15.0,94.59,3.0,1.0,67.52,1.55,2.0,1
52.0,115.15,45.6,0.0,1.0,39.17,70.68,3.0,0
11.0,34.08,48.75,0.0,1.0,27.82,33.46,3.0,0
1.0,15.0,8.22,7.0,0.0,29.16,7.88,3.0,0
33.0,129.46,24.51,0.0,3.0,39.16,28.06,6.0,0
13.0,56.71,26.12,0.0,0.0,42.63,47.16,3.0,0
1.0,67.69,46.8,0.0,1.0,39.8,31.49,4.0,0
30.0,114.17,11.74,0.0,0.0,37.82,80.56,3.0,1
2.0,87.86,41.56,0.0,2.0,31.43,43.53,5.0,0
55.0,93.91,27.17,5.0,1.0,55.63,35.82,4.0,1
9.0,63.81,33.57,0.0,1.0,30.65,34.38,4.0,0
69.0,42.48,74.41,0.0,1.0,31.39,30.2,2.0,0
42.0,152.85,28.28,3.0,1.0,28.02,39.41,7.0,0
41.0,21.65,21.26,1.0,2.0,12.42,47.99,1.0,0
46.0,102.96,7.51,2.0,1.0,34.98,61.97,3.0,1
60.0,31.21,86.63,0.0,1.0,10.25,29.08,2.0,1
48.0,97.36,69.13,0.0,3.0,24.22,63.63,3.0,0
72.0,81.97,72.62,2.0,0.0,15.61,48.45,3.0,0
1.0,40.46,39.68,4.0,2.0,0.0,10.45,5.0,0
1.0,53.68,44.88,0.0,1.0,86.7,44.81,3.0,0
42.0,112.82,56.22,2.0,1.0,27.8,37.46,5.0,0
51.0,64.67,61.49,3.0,1.0,12.07,52.75,3.0,1
72.0,47.46,73.93,0.0,1.0,40.77,39.25,2.0,0
8.0,52.04,66.06,1.0,1.0,37.53,52.68,3.0,0
1.0,18.19,20.67,3.0,3.0,42.11,11.31,4.0,0
1.0,56.61,0.0,4.0,1.0,17.87,29.4,4.0,0
29.0,30.16,39.52,1.0,1.0,24.11,53.89,2.0,0
44.0,15.0,60.94,7.0,2.0,89.11,0.0,4.0,1
19.0,59.84,42.27,0.0,1.0,22.14,44.56,3.0,0
64.0,54.49,39.12,5.0,1.0,61.81,4.84,4.0,1
52.0,89.26,21.28,7.0,0.0,78.09,55.73,4.0,1
6.0,32.58,42.39,1.0,2.0,29.14,23.4,3.0,0
36.0,28.83,67.75,2.0,0.0,20.04,58.54,2.0,1
70.0,29.55,74.83,2.0,0.0,44.06,13.38,2.0,1
4.0,44.48,43.86,1.0,0.0,22.43,30.59,4.0,0
25.0,78.17,21.86,0.0,1.0,2.16,45.54,3.0,0
17.0,117.58,18.95,0.0,0.0,56.66,25.42,5.0,0
70.0,68.76,91.66,1.0,1.0,19.21,40.95,3.0,0
25.0,48.03,60.43,0.0,1.0,73.34,49.46,2.0,0
26.0,69.17,43.96,0.0,2.0,0.0,47.94,3.0,0
51.0,27.46,60.65,4.0,1.0,61.72,0.0,4.0,1
15.0,22.21,50.51,0.0,0.0,45.91,34.88,2.0,0
52.0,142.47,37.8,2.0,0.0,26.43,58.39,5.0,0
54.0,69.8,81.92,0.0,0.0,27.94,54.02,3.0,0
72.0,18.79,97.95,0.0,1.0,32.84,13.89,2.0,1
72.0,23.13,100.0,1.0,1.0,15.13,20.29,2.0,0
49.0,90.77,33.19,8.0,2.0,72.83,57.29,4.0,1
61.0,37.71,87.21,0.0,3.0,41.65,14.07,3.0,0
67.0,98.81,56.94,1.0,0.0,16.54,29.48,4.0,0
58.0,45.38,0.0,0.0,1.0,53.96,72.85,1.0,0
69.0,50.72,76.19,0.0,0.0,30.08,48.59,2.0,0
57.0,63.28,36.11,3.0,0.0,35.6,62.67,2.0,1
21.0,56.45,38.6,1.0,2.0,0.0,39.78,3.0,0
1.0,15.0,11.73,3.0,3.0,40.61,12.76,3.0,0
40.0,160.0,31.19,2.0,0.0,32.33,66.06,6.0,0
68.0,94.12,24.46,0.0,2.0,62.06,30.89,3.0,1
67.0,133.31,43.17,1.0,0.0,7.73,44.79,5.0,0
25.0,80.55,40.25,0.0,1.0,20.2,60.52,3.0,0
15.0,26.05,45.19,1.0,0.0,48.04,38.6,2.0,0
35.0,89.41,55.69,0.0,3.0,44.17,51.81,3.0,0
72.0,77.7,78.14,1.0,1.0,16.07,33.12,4.0,0
32.0,40.68,10.6,0.0,2.0,59.04,49.59,1.0,0
8.0,44.02,63.76,1.0,0.0,14.01,36.03,4.0,0
72.0,72.09,36.75,3.0,3.0,87.82,34.14,3.0,1
71.0,84.91,34.11,1.0,1.0,14.16,82.95,2.0,1
69.0,127.71,55.4,2.0,1.0,11.87,57.9,5.0,0
1.0,19.18,19.38,5.0,0.0,38.92,0.0,5.0,0
72.0,47.05,99.74,2.0,1.0,13.52,22.54,3.0,0
42.0,54.98,28.38,0.0,1.0,27.51,60.56,1.0,0
72.0,100.79,73.42,4.0,2.0,1.57,34.45,4.0,0
54.0,52.14,54.98,5.0,2.0,28.2,37.78,3.0,1
62.0,15.0,94.67,0.0,0.0,29.17,49.57,1.0,1
23.0,58.04,63.93,0.0,2.0,61.0,21.09,4.0,0
72.0,112.65,85.46,4.0,3.0,0.0,65.06,3.0,0
25.0,28.58,6.89,2.0,3.0,19.25,48.95,2.0,0
72.0,104.1,69.72,1.0,0.0,8.26,59.99,3.0,0
58.0,72.73,45.52,4.0,1.0,11.55,100.0,1.0,1
22.0,128.28,46.08,2.0,1.0,44.49,43.74,6.0,0
49.0,63.05,75.87,5.0,1.0,0.0,64.12,3.0,1
21.0,93.12,44.37,0.0,1.0,58.34,27.24,5.0,0
35.0,97.57,50.03,0.0,0.0,56.05,54.07,4.0,0
31.0,24.84,75.92,0.0,1.0,7.97,71.26,1.0,1
49.0,46.59,43.8,6.0,2.0,62.17,16.31,4.0,1
51.0,122.65,55.75,0.0,2.0,21.34,84.78,3.0,0
21.0,123.01,25.13,0.0,0.0,49.72,30.88,6.0,0
72.0,66.89,81.84,3.0,0.0,20.83,11.76,4.0,0
40.0,108.16,46.08,0.0,3.0,34.77,63.65,3.0,0
72.0,15.0,100.0,1.0,0.0,74.21,0.02,1.0,1
36.0,15.0,88.19,1.0,1.0,58.86,33.86,1.0,1
12.0,32.04,46.57,2.0,1.0,32.94,36.19,3.0,0
31.0,41.99,43.72,0.0,1.0,23.46,47.93,2.0,0
38.0,52.85,38.74,0.0,0.0,5.9,60.09,2.0,0
61.0,55.65,19.59,0.0,1.0,0.0,64.36,1.0,0
48.0,139.85,38.26,1.0,1.0,20.76,54.84,5.0,0
12.0,46.16,26.95,0.0,0.0,35.39,39.78,3.0,0
69.0,116.9,45.37,0.0,2.0,100.0,55.44,3.0,1
36.0,76.62,15.41,0.0,0.0,8.65,64.63,2.0,0
8.0,108.31,25.93,0.0,0.0,36.85,66.97,4.0,0
72.0,100.79,16.24,5.0,1.0,42.4,56.16,3.0,1
60.0,80.35,56.01,5.0,1.0,0.0,94.06,2.0,1
36.0,45.76,33.91,0.0,1.0,39.05,56.94,1.0,0
22.0,71.8,22.47,1.0,0.0,0.0,49.44,3.0,0
59.0,54.73,36.81,7.0,2.0,60.09,33.65,4.0,1
19.0,60.99,21.14,0.0,0.0,43.62,56.09,2.0,0
9.0,57.26,50.44,0.0,2.0,45.31,43.35,3.0,0
65.0,71.7,60.29,0.0,1.0,39.05,26.96,3.0,0
25.0,96.85,34.73,0.0,1.0,32.71,58.08,3.0,0
44.0,15.0,69.53,5.0,4.0,69.54,33.52,2.0,1
72.0,25.77,82.63,1.0,2.0,33.62,16.33,2.0,1
56.0,93.0,29.24,0.0,0.0,76.03,41.9,3.0,1
1.0,35.94,14.5,0.0,1.0,93.15,34.26,3.0,0
46.0,114.35,17.68,2.0,2.0,42.61,39.17,5.0,1
72.0,106.54,14.6,1.0,1.0,84.75,52.8,3.0,1
6.0,36.99,47.24,4.0,1.0,0.0,28.05,4.0,0
2.0,56.4,30.11,1.0,0.0,28.04,31.68,4.0,0
44.0,118.83,29.99,5.0,2.0,81.68,59.88,5.0,1
51.0,67.52,52.67,0.0,0.0,44.88,46.33,2.0,0
49.0,83.19,7.78,1.0,0.0,30.03,51.86,3.0,1
27.0,123.55,42.09,0.0,1.0,37.72,31.48,6.0,0
40.0,95.72,43.56,4.0,0.0,69.22,48.09,4.0,1
54.0,110.01,48.52,1.0,0.0,36.24,35.95,5.0,0
1.0,15.0,25.65,5.0,1.0,20.8,15.23,4.0,0
72.0,46.81,100.0,0.0,0.0,14.16,74.73,1.0,0
49.0,122.09,45.64,0.0,1.0,18.85,55.8,4.0,0
72.0,39.8,100.0,1.0,1.0,10.38,39.98,2.0,0
49.0,95.82,59.25,0.0,2.0,34.29,58.45,3.0,0
51.0,98.71,30.85,5.0,0.0,71.49,47.57,4.0,1
54.0,29.36,64.37,1.0,2.0,41.09,47.35,2.0,1
55.0,40.6,64.57,6.0,1.0,33.08,67.92,2.0,1
29.0,160.0,23.74,0.0,1.0,25.11,82.86,5.0,0
12.0,15.0,42.26,1.0,0.0,55.26,22.13,2.0,1
64.0,87.74,21.34,5.0,1.0,48.58,37.97,4.0,1
59.0,48.5,76.87,0.0,0.0,35.14,26.15,3.0,0
40.0,129.87,30.54,1.0,1.0,41.14,41.31,5.0,0
43.0,92.69,24.89,3.0,2.0,54.38,49.95,4.0,1
55.0,73.16,0.0,0.0,2.0,36.66,82.73,1.0,0
1.0,15.0,2.65,6.0,1.0,63.06,8.85,4.0,0
52.0,92.75,71.35,7.0,1.0,23.44,0.0,7.0,0
46.0,74.56,49.59,1.0,1.0,0.0,87.76,2.0,1
63.0,98.2,60.01,2.0,1.0,27.25,40.76,4.0,0
67.0,80.15,35.78,3.0,1.0,68.41,25.37,4.0,1
42.0,95.75,30.87,5.0,1.0,60.77,53.51,4.0,1
37.0,76.56,50.57,0.0,0.0,20.71,72.43,2.0,0
59.0,85.97,58.65,0.0,1.0,27.26,69.65,2.0,0
26.0,58.04,47.47,0.0,1.0,5.58,51.18,3.0,0
3.0,18.95,4.59,3.0,1.0,38.6,18.86,3.0,0
18.0,112.2,0.4,5.0,2.0,19.09,86.94,4.0,1
36.0,68.61,34.71,3.0,3.0,28.62,36.39,4.0,1
9.0,96.19,0.0,0.0,1.0,32.91,49.22,4.0,0
45.0,15.0,74.84,3.0,1.0,52.97,36.71,2.0,1
42.0,113.29,36.31,0.0,2.0,30.87,30.91,5.0,0
61.0,65.97,63.34,0.0,2.0,44.08,37.65,3.0,0
64.0,133.38,34.39,3.0,1.0,87.9,36.73,5.0,1
72.0,76.01,86.94,2.0,0.0,11.22,49.04,3.0,0
72.0,15.0,76.01,5.0,0.0,63.15,43.0,1.0,1
43.0,73.6,60.53,0.0,2.0,44.73,29.83,4.0,0
57.0,97.0,62.76,2.0,1.0,19.48,19.74,5.0,0
31.0,67.88,57.55,1.0,1.0,43.87,0.0,6.0,0
18.0,103.02,32.29,0.0,1.0,68.99,16.57,5.0,0
61.0,125.54,53.41,0.0,3.0,16.77,63.06,4.0,0
42.0,106.15,42.55,1.0,1.0,28.63,13.09,5.0,0
51.0,57.94,31.18,0.0,2.0,8.7,68.36,1.0,0
6.0,134.26,30.63,0.0,0.0,50.33,69.78,5.0,0
31.0,34.47,55.51,1.0,1.0,12.31,42.47,2.0,0
10.0,26.77,0.0,3.0,1.0,39.72,29.46,3.0,0
50.0,96.89,68.1,3.0,1.0,37.43,23.47,5.0,0
38.0,86.55,57.28,1.0,0.0,47.62,17.18,5.0,0
1.0,121.83,18.0,0.0,0.0,58.85,25.47,6.0,0
21.0,50.15,34.55,1.0,1.0,22.03,46.2,3.0,0
6.0,58.45,40.03,1.0,2.0,17.13,34.39,4.0,0
29.0,15.0,29.36,2.0,2.0,20.6,33.1,2.0,0
53.0,15.0,77.42,4.0,0.0,51.74,41.06,2.0,1
51.0,87.99,70.34,0.0,1.0,36.53,94.56,1.0,0
15.0,75.47,57.72,0.0,0.0,0.0,41.96,4.0,0
59.0,85.23,32.0,2.0,0.0,54.73,21.73,4.0,1
68.0,72.6,26.47,5.0,1.0,57.03,25.09,4.0,1
23.0,47.36,14.43,0.0,1.0,9.55,33.59,3.0,0
72.0,39.5,96.08,0.0,1.0,18.23,30.7,2.0,0
22.0,34.51,23.46,3.0,1.0,22.82,43.8,3.0,0
14.0,41.48,39.87,0.0,0.0,64.73,39.2,2.0,0
60.0,136.41,0.0,3.0,2.0,43.43,56.53,4.0,1
40.0,65.1,67.9,0.0,1.0,43.12,28.43,4.0,0
26.0,48.62,52.87,7.0,0.0,26.64,0.0,6.0,1
61.0,97.43,46.29,6.0,1.0,100.0,51.83,4.0,1
4.0,15.0,37.85,4.0,0.0,10.46,18.46,3.0,0
72.0,101.9,39.35,2.0,3.0,2.54,56.64,3.0,1
40.0,86.96,21.11,5.0,2.0,27.34,34.29,5.0,1
61.0,46.3,92.37,0.0,2.0,18.34,45.01,2.0,0
39.0,101.81,59.64,0.0,1.0,30.55,48.8,4.0,0
8.0,15.0,50.0,4.0,1.0,32.56,21.17,3.0,0
38.0,43.76,30.35,1.0,3.0,0.0,51.09,2.0,0
1.0,130.72,25.37,0.0,2.0,67.67,50.52,5.0,0
72.0,100.58,70.49,3.0,3.0,11.08,37.11,4.0,0
72.0,39.73,85.3,0.0,3.0,20.93,20.3,2.0,0
50.0,68.01,23.03,0.0,2.0,42.25,74.24,1.0,0
59.0,77.8,35.73,0.0,2.0,42.65,87.71,1.0,0
22.0,16.52,17.36,0.0,1.0,53.72,34.59,1.0,0
18.0,88.99,37.49,0.0,1.0,2.96,54.69,4.0,0
63.0,43.75,100.0,2.0,3.0,0.0,46.14,3.0,1
18.0,129.33,33.56,0.0,2.0,48.48,67.73,4.0,0
1.0,15.38,26.63,5.0,3.0,36.35,7.36,4.0,0
1.0,35.93,51.75,5.0,1.0,0.0,19.85,5.0,0
45.0,122.72,60.93,0.0,0.0,20.25,70.01,4.0,0
72.0,15.0,73.99,2.0,2.0,100.0,11.84,1.0,1
55.0,15.0,96.14,2.0,2.0,21.63,3.5,3.0,1
55.0,128.43,43.89,0.0,2.0,19.9,81.47,3.0,0
72.0,77.47,81.55,1.0,0.0,18.44,50.78,3.0,0
55.0,96.55,39.21,1.0,0.0,80.25,32.18,4.0,1
58.0,55.78,77.18,0.0,1.0,37.73,33.28,3.0,0
49.0,47.51,74.11,0.0,1.0,55.25,32.06,3.0,0
52.0,112.44,49.6,0.0,1.0,37.75,69.95,3.0,0
1.0,15.0,13.63,5.0,0.0,35.22,18.9,3.0,0
72.0,115.72,56.48,4.0,0.0,11.08,41.76,4.0,0
61.0,53.91,71.76,0.0,0.0,35.0,31.4,2.0,0
53.0,46.12,21.34,0.0,1.0,28.91,63.28,1.0,0
53.0,99.32,64.84,0.0,0.0,19.98,33.53,5.0,0
69.0,93.58,66.55,0.0,1.0,23.69,83.89,2.0,0
71.0,15.0,91.39,1.0,0.0,57.8,13.09,1.0,1
7.0,73.05,34.08,1.0,2.0,7.36,36.59,4.0,0
31.0,123.2,22.34,0.0,1.0,47.1,24.74,6.0,0
61.0,75.05,76.26,0.0,2.0,23.02,62.19,2.0,0
1.0,138.24,25.63,1.0,2.0,53.95,13.39,8.0,0
16.0,19.3,32.02,1.0,2.0,39.16,32.63,2.0,0
51.0,94.65,40.51,6.0,0.0,66.21,51.27,4.0,1
48.0,125.63,46.21,2.0,2.0,35.98,60.17,5.0,0
45.0,31.37,61.49,2.0,3.0,40.35,49.15,2.0,1
1.0,15.0,19.91,3.0,1.0,66.49,18.88,3.0,0
38.0,86.15,31.49,8.0,0.0,40.3,49.97,5.0,1
32.0,16.57,67.89,6.0,2.0,57.52,38.21,3.0,1
47.0,70.73,37.17,3.0,1.0,56.1,38.81,3.0,1
39.0,114.01,51.25,0.0,2.0,29.03,41.14,5.0,0
16.0,91.31,36.16,0.0,2.0,21.85,57.15,4.0,0
34.0,94.23,51.59,0.0,0.0,52.33,39.59,4.0,0
48.0,100.1,50.36,5.0,1.0,100.0,50.01,5.0,1
53.0,84.01,53.47,4.0,2.0,80.73,29.5,5.0,1
4.0,47.92,6.41,2.0,1.0,54.89,41.85,3.0,0
31.0,104.24,51.81,1.0,1.0,47.69,26.15,5.0,0
67.0,40.34,83.85,0.0,1.0,30.11,12.91,3.0,0
19.0,66.31,28.58,0.0,1.0,41.53,52.3,3.0,0
51.0,135.22,44.12,0.0,0.0,27.68,59.81,5.0,1
36.0,74.91,17.65,0.0,2.0,17.44,67.02,2.0,0
62.0,111.84,50.23,1.0,3.0,31.12,48.28,4.0,0
58.0,67.3,36.73,5.0,0.0,47.56,14.07,4.0,1
1.0,15.0,3.01,6.0,0.0,59.59,13.52,2.0,0
72.0,117.6,62.11,7.0,0.0,4.96,29.81,5.0,0
54.0,107.3,42.69,0.0,0.0,42.71,50.01,4.0,0
19.0,37.43,67.89,2.0,1.0,0.0,38.62,3.0,0
72.0,86.09,32.6,5.0,2.0,40.17,53.89,3.0,1
72.0,69.8,78.78,0.0,0.0,15.21,45.44,3.0,0
42.0,83.16,48.09,0.0,1.0,45.25,50.76,3.0,0
40.0,71.03,25.24,6.0,1.0,42.5,42.02,4.0,1
43.0,142.23,35.18,1.0,3.0,28.24,48.3,6.0,0
42.0,15.0,23.34,1.0,1.0,21.53,44.8,1.0,0
49.0,120.55,34.67,0.0,1.0,34.0,46.13,4.0,0
52.0,120.46,48.47,0.0,1.0,26.76,52.1,4.0,0
45.0,82.94,43.46,0.0,1.0,73.36,43.48,3.0,1
57.0,86.35,54.52,0.0,1.0,47.1,61.71,3.0,0
1.0,45.6,14.36,0.0,2.0,93.93,29.62,3.0,0
53.0,35.5,62.62,2.0,2.0,43.91,31.3,3.0,1
72.0,45.92,87.97,4.0,3.0,22.92,3.17,3.0,0
54.0,100.84,26.39,0.0,0.0,17.3,87.52,1.0,0
2.0,47.84,22.61,0.0,1.0,71.43,42.57,3.0,0
27.0,45.45,62.56,0.0,1.0,19.49,50.67,2.0,0
11.0,33.57,51.71,3.0,0.0,7.28,33.62,3.0,0
53.0,51.92,80.65,1.0,2.0,0.0,76.53,2.0,1
56.0,54.44,78.62,2.0,2.0,0.0,62.49,2.0,1
65.0,112.3,59.12,4.0,2.0,6.57,21.9,6.0,0
47.0,84.26,56.18,1.0,0.0,0.0,72.7,3.0,1
72.0,101.11,63.7,4.0,2.0,14.84,22.09,5.0,0
1.0,36.95,37.56,2.0,0.0,24.85,0.0,5.0,0
8.0,30.5,41.59,3.0,1.0,32.44,29.46,3.0,0
1.0,57.79,41.79,2.0,1.0,1.44,19.8,5.0,0
53.0,40.11,65.11,1.0,0.0,27.02,28.96,3.0,1
64.0,101.73,65.95,2.0,1.0,13.38,35.69,5.0,0
11.0,90.08,6.44,0.0,1.0,78.19,53.56,3.0,0
33.0,33.55,38.23,0.0,3.0,49.59,50.73,1.0,0
34.0,76.54,70.26,0.0,1.0,41.99,22.66,4.0,0
30.0,27.34,40.3,0.0,2.0,43.39,51.58,1.0,0
34.0,106.42,44.69,0.0,0.0,62.55,50.83,4.0,1
67.0,65.38,64.17,4.0,0.0,1.8,86.9,2.0,1
22.0,86.13,47.46,0.0,0.0,48.57,57.45,3.0,0
47.0,37.14,15.7,0.0,1.0,30.03,59.61,1.0,0
15.0,79.05,31.34,0.0,2.0,24.81,46.6,4.0,0
38.0,47.8,0.0,0.0,0.0,70.59,67.98,1.0,0
27.0,41.45,29.8,0.0,0.0,34.72,55.71,2.0,0
72.0,64.56,76.61,4.0,1.0,31.99,15.74,4.0,0
40.0,85.68,59.48,0.0,0.0,42.64,43.25,4.0,0
46.0,71.57,78.78,0.0,1.0,35.27,44.8,3.0,0
48.0,44.76,37.62,0.0,2.0,44.17,71.28,1.0,0
68.0,66.64,75.7,0.0,1.0,31.53,47.35,2.0,0
64.0,105.64,58.14,1.0,2.0,13.62,32.3,5.0,0
27.0,124.97,66.08,0.0,1.0,18.23,69.54,4.0,0
72.0,28.24,99.02,3.0,1.0,19.1,7.61,3.0,0
51.0,52.92,70.04,1.0,0.0,60.89,24.43,3.0,0
9.0,38.67,11.09,3.0,2.0,30.13,34.18,3.0,0
41.0,132.53,40.79,0.0,3.0,24.58,59.16,5.0,0
34.0,136.76,41.29,1.0,2.0,30.14,40.54,6.0,0
72.0,36.2,93.32,0.0,1.0,19.51,27.6,2.0,0
50.0,127.2,57.37,2.0,1.0,28.72,57.64,5.0,0
72.0,101.41,68.55,1.0,0.0,7.94,63.33,3.0,0
1.0,15.0,9.33,6.0,0.0,44.23,21.03,3.0,0
72.0,90.47,59.55,4.0,0.0,30.3,22.62,5.0,0
46.0,88.15,39.38,0.0,0.0,0.0,66.46,2.0,0
11.0,39.12,46.28,3.0,1.0,2.39,37.93,3.0,0
23.0,160.0,31.64,2.0,0.0,33.1,59.19,7.0,0
1.0,51.92,50.84,3.0,1.0,5.52,21.96,5.0,0
15.0,141.2,22.84,0.0,2.0,51.07,43.11,6.0,0
26.0,17.91,28.29,1.0,1.0,25.5,39.65,2.0,0
13.0,60.84,41.26,2.0,3.0,4.06,44.39,4.0,0
46.0,137.98,38.73,1.0,0.0,22.63,40.89,6.0,0
40.0,30.78,11.71,0.0,2.0,29.78,61.24,1.0,0
21.0,63.07,73.11,0.0,2.0,35.56,42.45,3.0,0
72.0,89.76,22.62,1.0,1.0,87.78,29.27,3.0,1
40.0,73.31,22.4,0.0,0.0,45.11,68.44,1.0,0
50.0,49.91,42.54,2.0,1.0,59.45,15.45,3.0,1
64.0,141.77,47.73,0.0,1.0,21.53,85.41,4.0,0
42.0,125.37,51.25,3.0,1.0,39.1,46.84,6.0,0
1.0,15.0,49.16,6.0,0.0,46.62,5.78,3.0,0
44.0,43.78,54.29,7.0,0.0,45.06,18.07,4.0,1
72.0,15.0,100.0,0.0,1.0,24.89,25.33,1.0,1
51.0,58.63,87.12,0.0,1.0,31.84,59.49,2.0,0
72.0,46.26,94.31,2.0,1.0,13.64,47.81,1.0,0
63.0,70.48,73.1,3.0,1.0,22.28,0.0,5.0,0
43.0,126.1,49.39,0.0,1.0,26.77,59.98,5.0,0
48.0,39.58,19.74,0.0,1.0,72.02,77.91,1.0,0
42.0,64.77,73.44,3.0,2.0,0.0,62.6,3.0,1
72.0,92.34,89.82,0.0,0.0,0.0,78.93,2.0,0
1.0,47.1,61.36,0.0,2.0,45.54,28.88,4.0,0
29.0,15.0,1.72,0.0,1.0,57.49,31.8,1.0,0
27.0,96.91,56.12,0.0,2.0,48.76,65.72,3.0,0
1.0,41.44,34.19,2.0,2.0,25.4,23.87,4.0,0
1.0,21.35,38.94,1.0,0.0,40.17,13.8,4.0,0
18.0,64.18,25.39,0.0,3.0,32.21,50.57,3.0,0
27.0,16.66,50.97,7.0,3.0,82.79,5.31,4.0,1
20.0,39.18,50.68,4.0,0.0,30.07,58.38,3.0,1
23.0,70.02,34.79,4.0,2.0,7.56,65.24,3.0,1
37.0,126.35,26.51,0.0,1.0,37.32,30.56,6.0,0
72.0,82.2,76.61,0.0,3.0,24.79,65.17,2.0,0
62.0,138.14,26.83,5.0,1.0,96.62,66.82,5.0,1
59.0,105.3,21.06,2.0,2.0,68.67,39.77,4.0,1
54.0,85.75,54.46,1.0,0.0,38.21,27.44,4.0,0
15.0,38.5,36.9,2.0,2.0,0.0,32.0,3.0,0
13.0,17.39,36.81,3.0,1.0,18.58,26.03,3.0,0
63.0,91.28,62.79,1.0,0.0,31.39,47.86,3.0,0
10.0,30.28,23.78,0.0,0.0,49.37,28.98,2.0,0
66.0,98.32,31.99,0.0,0.0,0.0,91.55,1.0,0
22.0,31.44,42.88,0.0,0.0,51.73,40.28,2.0,0
43.0,45.41,23.8,0.0,2.0,58.82,59.92,1.0,0
50.0,116.67,68.89,0.0,2.0,14.13,73.69,4.0,0
53.0,20.66,93.57,0.0,2.0,31.01,37.21,1.0,0
40.0,77.34,67.92,1.0,3.0,39.11,21.0,5.0,0
55.0,114.99,41.95,0.0,1.0,28.33,67.24,3.0,0
22.0,61.41,27.52,0.0,4.0,40.98,46.33,3.0,0
56.0,59.77,37.85,4.0,3.0,54.1,11.18,4.0,1
4.0,22.36,19.48,3.0,3.0,36.2,21.23,3.0,0
52.0,117.42,47.02,2.0,1.0,96.74,53.17,5.0,1
25.0,102.04,48.55,0.0,1.0,45.94,57.03,4.0,0
44.0,78.31,34.8,3.0,1.0,18.63,63.02,3.0,1
1.0,15.0,48.13,3.0,2.0,46.18,25.47,3.0,0
72.0,50.63,92.04,4.0,0.0,22.82,17.08,3.0,0
17.0,47.34,54.82,1.0,1.0,7.1,40.42,3.0,0
21.0,56.43,48.32,0.0,1.0,10.16,43.73,3.0,0
39.0,110.14,4.78,7.0,1.0,32.97,62.09,5.0,1
46.0,61.16,79.08,0.0,1.0,25.22,28.14,3.0,0
72.0,115.6,45.3,2.0,1.0,14.94,27.22,5.0,0
5.0,41.62,63.19,6.0,2.0,2.34,43.23,4.0,1
45.0,96.96,39.31,0.0,1.0,26.24,72.25,2.0,0
72.0,15.0,100.0,2.0,0.0,48.57,33.35,1.0,1
43.0,38.06,35.23,7.0,1.0,75.62,23.03,4.0,1
72.0,76.79,71.95,1.0,1.0,24.8,35.89,3.0,0
72.0,115.67,67.83,1.0,1.0,14.85,84.39,3.0,0
1.0,22.64,46.53,0.0,0.0,86.13,7.75,4.0,0
70.0,44.09,95.3,0.0,0.0,26.74,46.08,2.0,0
10.0,15.0,25.55,1.0,1.0,79.21,27.65,2.0,0
31.0,61.48,30.21,0.0,1.0,35.89,64.06,2.0,0
22.0,123.85,50.98,0.0,2.0,35.23,73.16,4.0,0
72.0,95.29,62.4,0.0,0.0,15.63,42.04,4.0,0
66.0,15.0,60.85,4.0,1.0,84.29,17.05,2.0,1
72.0,99.04,74.9,5.0,2.0,12.66,28.25,5.0,0
32.0,15.0,100.0,4.0,1.0,66.1,0.0,3.0,1
68.0,92.36,79.79,1.0,0.0,9.84,45.61,4.0,0
28.0,87.65,40.09,1.0,0.0,56.0,0.0,6.0,0
58.0,58.36,71.55,0.0,1.0,33.47,16.04,3.0,0
53.0,83.9,0.0,0.0,1.0,1.63,76.63,1.0,0
38.0,71.85,18.96,0.0,0.0,29.02,68.98,2.0,0
49.0,125.06,47.24,1.0,1.0,20.24,37.88,5.0,0
48.0,45.4,12.68,0.0,2.0,69.45,68.4,1.0,0
71.0,86.9,46.54,4.0,0.0,94.67,25.9,4.0,1
65.0,132.39,33.84,1.0,1.0,31.08,46.64,5.0,0
63.0,114.66,30.44,1.0,1.0,79.41,30.78,5.0,1
61.0,71.89,76.57,2.0,2.0,16.67,9.1,4.0,0
1.0,38.47,39.99,3.0,1.0,32.66,22.97,4.0,0
19.0,15.0,40.55,0.0,1.0,40.7,34.22,2.0,0
52.0,72.76,27.42,2.0,2.0,64.96,38.02,3.0,1
56.0,125.56,51.37,0.0,0.0,13.49,63.95,4.0,0
52.0,15.0,0.0,0.0,0.0,30.12,45.3,1.0,0
50.0,71.87,5.59,0.0,2.0,15.8,72.57,1.0,0
1.0,28.81,33.18,3.0,1.0,50.46,5.87,5.0,0
5.0,19.79,26.62,0.0,0.0,57.33,20.82,3.0,0
63.0,79.53,24.34,0.0,2.0,69.84,44.49,2.0,1
5.0,46.84,22.66,2.0,0.0,19.6,28.05,4.0,0
34.0,61.7,39.22,0.0,0.0,17.33,53.75,2.0,0
33.0,62.97,19.83,0.0,2.0,33.37,59.04,2.0,0
1.0,28.18,39.52,4.0,0.0,14.39,18.43,4.0,0
62.0,139.79,41.25,3.0,1.0,25.18,37.81,6.0,0
30.0,71.14,56.6,0.0,2.0,49.47,12.38,5.0,0
71.0,66.8,40.96,4.0,1.0,80.51,15.76,4.0,1
33.0,52.82,28.15,0.0,1.0,47.74,58.15,1.0,0
45.0,121.43,48.74,2.0,2.0,27.17,32.43,6.0,0
29.0,63.57,73.15,1.0,0.0,46.39,15.72,4.0,0
35.0,94.46,18.42,1.0,0.0,52.75,69.12,3.0,1
72.0,15.0,100.0,0.0,3.0,19.15,20.42,1.0,0
23.0,23.16,16.0,1.0,1.0,30.28,29.46,2.0,0
55.0,101.83,26.59,4.0,1.0,78.24,51.9,4.0,1
10.0,39.43,59.42,0.0,2.0,19.97,24.56,4.0,0
18.0,35.8,2.51,1.0,2.0,42.3,42.17,2.0,0
43.0,74.14,54.8,1.0,2.0,50.28,8.75,5.0,0
48.0,53.28,66.53,4.0,0.0,11.29,77.89,2.0,1
65.0,43.37,82.75,2.0,2.0,4.44,66.81,2.0,1
70.0,74.68,16.87,7.0,2.0,60.87,34.1,4.0,1
23.0,49.47,36.85,0.0,0.0,61.14,65.53,2.0,0
72.0,86.71,55.08,2.0,2.0,22.53,22.12,4.0,0
65.0,78.39,79.37,1.0,1.0,27.2,35.86,4.0,0
54.0,71.78,26.93,6.0,1.0,43.87,44.97,4.0,1
59.0,50.81,0.86,0.0,1.0,38.69,76.46,1.0,0
72.0,75.98,43.25,1.0,0.0,18.66,77.34,2.0,1
24.0,69.04,42.91,6.0,1.0,8.57,76.99,3.0,1
68.0,104.92,67.35,2.0,1.0,18.82,51.1,4.0,0
32.0,80.9,36.87,0.0,2.0,65.26,21.92,4.0,0
53.0,130.94,36.94,3.0,3.0,29.2,44.0,5.0,0
23.0,19.12,37.89,3.0,0.0,20.31,42.49,2.0,0
25.0,75.07,33.96,0.0,1.0,31.63,56.34,3.0,0
72.0,73.97,74.2,0.0,2.0,27.43,50.68,3.0,0
72.0,49.92,99.94,5.0,0.0,16.84,29.16,3.0,0
36.0,123.53,38.55,0.0,1.0,39.35,74.27,4.0,0
51.0,95.33,60.88,1.0,2.0,31.32,36.9,4.0,0
67.0,111.3,53.26,0.0,2.0,18.25,67.57,3.0,0
49.0,147.17,27.92,1.0,1.0,30.83,52.06,5.0,0
9.0,20.37,36.15,3.0,3.0,6.06,24.12,3.0,0
1.0,53.64,15.05,1.0,0.0,29.11,24.87,4.0,0
26.0,77.76,30.9,0.0,1.0,15.5,49.46,3.0,0
19.0,24.59,60.85,0.0,0.0,9.97,18.82,3.0,0
16.0,55.35,24.74,0.0,2.0,56.82,48.95,2.0,0
55.0,62.58,81.3,0.0,3.0,42.42,57.31,2.0,0
54.0,69.69,28.59,6.0,2.0,63.14,30.96,4.0,1
12.0,55.1,34.38,1.0,1.0,29.81,41.32,3.0,0
50.0,45.26,83.66,0.0,1.0,43.37,36.41,2.0,0
72.0,93.74,58.9,2.0,1.0,18.09,33.59,4.0,0
1.0,65.01,34.43,0.0,1.0,54.38,40.33,4.0,0
18.0,39.04,28.15,0.0,0.0,48.24,34.44,2.0,0
38.0,153.81,16.38,0.0,1.0,34.13,75.82,4.0,0
69.0,117.06,29.03,4.0,1.0,98.86,55.16,4.0,1
29.0,113.36,38.38,0.0,0.0,41.39,51.09,4.0,0
23.0,104.63,30.94,0.0,1.0,57.56,50.79,4.0,0
51.0,126.42,19.62,5.0,0.0,55.93,68.09,5.0,1
33.0,66.52,3.6,0.0,1.0,38.65,56.33,2.0,0
25.0,50.86,45.7,0.0,1.0,50.37,47.64,2.0,0
28.0,51.89,25.08,0.0,1.0,23.88,40.13,2.0,0
17.0,72.04,59.98,0.0,2.0,8.42,41.07,4.0,0
37.0,42.65,9.71,0.0,0.0,69.85,64.19,1.0,0
60.0,114.77,40.51,3.0,2.0,36.17,14.96,6.0,0
43.0,81.53,44.51,2.0,1.0,0.0,85.43,3.0,1
16.0,62.77,40.02,0.0,3.0,26.71,40.22,3.0,0
29.0,52.64,30.73,0.0,1.0,42.35,63.45,2.0,0
20.0,15.0,0.0,2.0,1.0,52.63,36.8,1.0,0
22.0,129.91,37.73,0.0,2.0,24.04,58.14,5.0,0
52.0,62.53,53.2,5.0,1.0,8.93,73.76,3.0,1
63.0,105.87,33.1,1.0,2.0,81.1,42.55,4.0,1
33.0,103.18,33.32,0.0,3.0,49.24,40.7,4.0,0
62.0,115.56,47.34,2.0,0.0,27.95,30.77,5.0,0
23.0,15.0,84.72,5.0,0.0,33.19,35.34,3.0,1
72.0,62.5,81.03,1.0,2.0,19.8,42.84,2.0,0
54.0,89.39,18.07,8.0,2.0,50.45,50.73,4.0,1
40.0,56.4,13.79,0.0,1.0,38.29,58.86,1.0,0
44.0,123.45,43.46,0.0,2.0,32.35,49.14,5.0,0
55.0,104.69,45.29,0.0,2.0,27.02,35.56,4.0,0
42.0,57.87,26.82,0.0,0.0,42.65,63.39,1.0,0
57.0,131.89,38.09,1.0,0.0,27.35,45.29,5.0,0
72.0,147.03,49.53,7.0,0.0,5.3,38.33,6.0,0
6.0,20.5,20.94,1.0,2.0,48.87,22.25,3.0,0
1.0,48.23,24.89,3.0,0.0,59.13,8.33,5.0,0
15.0,47.93,7.44,2.0,1.0,18.51,42.91,3.0,0
36.0,36.58,81.35,5.0,1.0,12.87,34.18,4.0,1
1.0,24.85,48.76,0.0,1.0,67.8,28.04,3.0,0
13.0,75.15,49.17,0.0,2.0,3.87,44.72,4.0,0
72.0,77.52,89.06,2.0,2.0,6.56,39.42,3.0,0
1.0,74.31,0.0,3.0,2.0,29.65,28.69,5.0,0
65.0,58.72,55.64,2.0,0.0,25.31,25.61,3.0,1
47.0,117.35,45.98,1.0,0.0,27.55,30.1,5.0,0
31.0,15.0,40.72,1.0,1.0,25.63,42.04,2.0,0
23.0,105.45,30.57,5.0,0.0,48.59,79.39,4.0,1
14.0,24.95,38.96,0.0,2.0,44.45,29.39,3.0,0
21.0,35.2,62.62,5.0,2.0,35.05,0.0,5.0,1
35.0,52.87,39.6,0.0,1.0,26.98,60.85,2.0,0
66.0,60.96,80.94,0.0,1.0,32.41,48.24,2.0,0
57.0,131.22,53.06,3.0,0.0,22.48,45.98,6.0,0
43.0,55.61,42.95,2.0,2.0,42.76,46.18,3.0,1
72.0,146.94,8.74,8.0,0.0,0.0,100.0,4.0,1
25.0,15.0,44.92,2.0,2.0,28.7,33.62,2.0,0
54.0,24.99,91.54,0.0,1.0,2.6,57.36,1.0,1
12.0,15.9,13.69,2.0,2.0,28.62,20.45,3.0,0
12.0,15.0,41.42,4.0,0.0,16.91,19.7,3.0,0
29.0,15.0,84.11,2.0,0.0,27.88,29.91,3.0,1
7.0,100.49,34.86,0.0,1.0,61.88,34.78,5.0,0
37.0,126.7,20.76,0.0,2.0,11.8,84.13,3.0,0
30.0,158.76,15.81,0.0,0.0,34.96,50.86,6.0,0
35.0,54.32,20.61,0.0,1.0,28.77,55.59,2.0,0
1.0,15.0,57.89,3.0,2.0,43.11,18.16,3.0,0
63.0,52.51,70.93,0.0,2.0,0.64,69.72,1.0,1
38.0,53.69,18.21,0.0,1.0,48.67,59.27,1.0,0
61.0,84.53,58.53,1.0,2.0,0.0,52.4,3.0,1
30.0,67.61,28.36,0.0,1.0,51.07,66.16,2.0,0
31.0,140.25,54.6,5.0,1.0,21.27,28.06,7.0,0
57.0,65.46,55.96,2.0,1.0,48.59,0.0,5.0,0
11.0,143.63,28.99,1.0,2.0,49.26,47.73,6.0,0
72.0,82.44,74.98,1.0,1.0,22.61,57.68,3.0,0
6.0,55.51,37.84,1.0,0.0,0.0,19.51,4.0,0
49.0,121.83,42.85,1.0,2.0,32.97,40.27,5.0,0
72.0,104.76,19.2,0.0,2.0,100.0,54.19,3.0,1
64.0,42.03,27.19,0.0,1.0,18.04,70.01,1.0,0
1.0,30.45,66.02,3.0,3.0,17.66,15.1,5.0,0
56.0,46.35,77.59,0.0,1.0,37.26,29.44,2.0,0
44.0,110.9,50.8,0.0,4.0,23.79,71.68,3.0,0
53.0,116.76,52.59,0.0,2.0,26.95,54.62,4.0,0
72.0,15.0,87.39,0.0,1.0,70.92,25.37,1.0,1
33.0,77.93,33.71,0.0,0.0,49.45,69.13,2.0,0
6.0,91.68,37.09,0.0,3.0,21.03,52.68,4.0,0
31.0,134.71,29.17,1.0,1.0,50.0,44.86,6.0,0
44.0,101.36,58.64,0.0,1.0,31.33,61.56,3.0,0
71.0,15.0,87.22,4.0,1.0,52.96,48.22,1.0,1
30.0,96.45,46.34,0.0,1.0,53.23,40.34,4.0,0
69.0,93.2,47.55,1.0,1.0,100.0,28.94,4.0,1
17.0,29.08,0.0,0.0,2.0,52.87,30.29,2.0,0
63.0,148.53,38.08,4.0,0.0,13.87,37.98,6.0,0
60.0,69.04,30.37,2.0,1.0,49.59,19.25,3.0,1
24.0,134.11,27.29,1.0,2.0,50.54,30.33,6.0,0
63.0,42.44,65.67,2.0,2.0,29.4,57.5,2.0,1
8.0,70.59,20.67,0.0,1.0,45.45,55.04,3.0,0
45.0,71.94,21.99,0.0,1.0,25.26,67.55,1.0,0
55.0,124.05,45.11,0.0,0.0,24.31,67.35,4.0,0
35.0,109.48,43.68,0.0,0.0,38.21,60.92,3.0,0
34.0,41.55,55.27,4.0,0.0,37.39,45.47,3.0,1
72.0,86.11,80.54,2.0,1.0,8.21,53.98,3.0,0
64.0,66.43,44.48,2.0,1.0,86.28,32.93,3.0,1
49.0,100.67,0.0,7.0,2.0,8.66,55.63,4.0,1
57.0,109.32,57.02,0.0,2.0,24.57,54.07,4.0,0
63.0,146.92,0.79,5.0,0.0,63.22,56.99,5.0,1
72.0,29.7,72.69,3.0,1.0,45.03,48.84,2.0,1
49.0,103.01,55.39,0.0,1.0,30.18,64.87,3.0,0
40.0,66.31,66.13,2.0,2.0,0.0,70.4,3.0,1
14.0,61.72,20.08,0.0,1.0,52.83,53.67,3.0,0
24.0,46.82,27.63,0.0,2.0,47.43,40.16,2.0,0
33.0,93.91,27.02,0.0,2.0,23.45,66.48,3.0,0
9.0,71.92,27.04,0.0,2.0,29.98,41.1,4.0,0
46.0,40.23,44.56,0.0,1.0,27.72,72.81,1.0,0
72.0,119.81,66.67,0.0,1.0,0.0,81.01,3.0,0
25.0,82.79,51.01,0.0,2.0,59.14,63.35,3.0,0
29.0,66.34,8.69,0.0,2.0,51.2,68.51,2.0,0
34.0,43.36,20.81,0.0,0.0,34.35,56.27,1.0,0
14.0,26.89,41.89,0.0,0.0,40.6,32.65,2.0,0
28.0,75.25,43.57,0.0,2.0,21.38,55.08,3.0,0
21.0,93.47,24.14,0.0,2.0,0.0,42.53,4.0,0
24.0,142.0,19.64,2.0,2.0,50.29,28.46,7.0,0
49.0,109.99,40.37,1.0,0.0,40.2,25.44,5.0,0
72.0,30.62,64.03,2.0,0.0,56.87,48.8,1.0,1
60.0,60.61,67.88,0.0,4.0,42.62,19.23,3.0,0
13.0,24.5,27.92,0.0,0.0,60.16,35.72,2.0,0
42.0,71.73,2.06,0.0,0.0,34.33,60.32,1.0,0
30.0,105.66,41.03,0.0,2.0,44.88,37.01,5.0,0
30.0,65.05,25.97,0.0,0.0,27.55,54.22,2.0,0
28.0,140.52,36.38,0.0,2.0,32.34,54.62,5.0,0
8.0,24.51,20.59,3.0,0.0,32.45,25.36,3.0,0
72.0,59.03,89.27,0.0,0.0,20.39,56.82,2.0,0
50.0,24.61,77.4,0.0,1.0,53.01,7.0,2.0,0
51.0,89.66,64.04,3.0,1.0,39.72,33.14,5.0,0
25.0,55.96,32.48,0.0,1.0,25.16,54.95,2.0,0
29.0,55.15,37.71,0.0,2.0,0.0,40.52,3.0,0
52.0,65.01,79.55,0.0,0.0,42.53,50.92,3.0,0
14.0,19.35,24.0,5.0,1.0,0.0,22.67,3.0,0
70.0,98.07,35.21,2.0,2.0,82.07,43.42,3.0,1
3.0,48.31,43.96,4.0,0.0,12.16,41.87,4.0,0
45.0,15.24,43.24,0.0,1.0,37.75,58.68,1.0,0
1.0,87.96,32.6,0.0,3.0,36.96,42.05,4.0,0
54.0,48.23,58.93,5.0,0.0,35.48,39.21,3.0,1
50.0,112.48,11.64,1.0,1.0,30.67,53.47,4.0,1
72.0,110.71,54.37,6.0,1.0,14.46,8.59,6.0,0
62.0,85.42,40.77,6.0,0.0,74.18,3.73,5.0,1
53.0,112.27,40.56,0.0,2.0,36.88,38.11,4.0,0
22.0,48.85,24.93,2.0,2.0,21.35,55.28,3.0,0
72.0,23.49,99.66,1.0,3.0,27.62,24.66,2.0,0
44.0,97.72,17.09,5.0,0.0,35.5,46.85,4.0,1
1.0,51.47,25.73,2.0,1.0,69.04,25.22,4.0,0
29.0,126.7,57.72,4.0,2.0,40.09,46.5,6.0,0
28.0,106.41,42.63,0.0,0.0,47.08,53.83,4.0,0
72.0,77.22,88.17,2.0,0.0,13.48,38.52,4.0,0
52.0,100.35,46.34,0.0,1.0,28.14,55.69,3.0,0
72.0,79.69,75.43,2.0,1.0,17.53,26.42,4.0,0
58.0,149.97,17.02,5.0,1.0,93.29,71.65,5.0,1
20.0,15.0,29.12,1.0,1.0,36.12,28.81,2.0,0
58.0,40.37,73.08,0.0,2.0,65.5,42.2,2.0,0
72.0,27.31,97.86,0.0,2.0,30.34,51.24,1.0,0
15.0,17.51,61.97,5.0,0.0,35.22,9.7,4.0,1
1.0,27.41,43.0,2.0,1.0,44.95,21.72,4.0,0
72.0,74.53,42.26,5.0,1.0,25.56,85.39,2.0,1
36.0,33.69,86.67,3.0,2.0,0.0,41.9,3.0,1
45.0,39.71,84.37,0.0,2.0,34.13,58.2,1.0,0
54.0,46.07,78.48,0.0,1.0,46.48,11.04,3.0,0
13.0,18.13,54.96,0.0,1.0,54.72,25.32,2.0,0
68.0,87.21,64.28,2.0,1.0,17.28,20.19,4.0,0
48.0,116.59,54.38,3.0,0.0,23.29,23.69,6.0,0
54.0,136.52,40.53,2.0,0.0,96.69,53.43,5.0,1
39.0,137.38,44.67,2.0,0.0,45.87,62.1,5.0,0
40.0,60.41,38.61,0.0,2.0,34.61,72.04,1.0,0
72.0,41.07,87.68,0.0,0.0,18.53,49.92,1.0,0
61.0,82.97,47.56,2.0,0.0,100.0,34.55,4.0,1
17.0,60.27,4.82,1.0,3.0,19.99,42.17,3.0,0
40.0,15.0,88.44,3.0,1.0,34.77,64.39,1.0,1
54.0,82.16,48.71,1.0,2.0,42.47,15.03,4.0,0
45.0,116.36,42.57,0.0,2.0,34.49,71.68,3.0,0
72.0,15.0,100.0,1.0,1.0,9.14,35.16,1.0,0
42.0,42.86,33.79,0.0,0.0,18.43,55.67,1.0,0
72.0,52.2,82.55,1.0,0.0,26.6,35.65,2.0,0
52.0,15.0,97.56,2.0,1.0,49.64,34.19,1.0,1
72.0,17.39,65.06,4.0,1.0,80.94,23.25,2.0,1
57.0,105.74,66.72,0.0,1.0,16.65,84.93,2.0,0
38.0,15.0,84.97,2.0,0.0,41.85,45.64,1.0,1
43.0,15.0,33.57,1.0,1.0,10.22,41.66,1.0,0
21.0,43.85,16.76,0.0,1.0,71.15,50.81,1.0,0
70.0,50.99,68.47,2.0,2.0,24.41,54.92,2.0,1
66.0,121.86,56.81,0.0,0.0,15.56,65.83,4.0,0
66.0,47.06,45.25,0.0,3.0,43.56,0.0,3.0,1
18.0,15.0,32.78,3.0,0.0,51.76,30.31,1.0,0
39.0,92.57,24.71,0.0,1.0,40.53,45.37,4.0,1
11.0,37.16,33.7,1.0,2.0,36.29,38.07,3.0,0
69.0,128.47,9.08,8.0,0.0,1.18,71.18,5.0,1
72.0,15.0,100.0,2.0,0.0,55.5,5.81,2.0,1
42.0,15.0,37.49,0.0,2.0,59.29,49.12,1.0,0
72.0,101.49,62.15,1.0,1.0,7.3,53.83,3.0,0
70.0,75.07,77.34,0.0,3.0,27.99,57.88,2.0,0
33.0,74.67,16.19,0.0,1.0,2.49,55.75,3.0,0
42.0,62.68,22.3,10.0,1.0,37.45,37.97,5.0,1
7.0,30.05,28.52,1.0,2.0,47.89,30.93,3.0,0
11.0,60.24,36.32,0.0,0.0,44.1,41.97,3.0,0
40.0,48.78,28.59,0.0,2.0,39.08,59.02,1.0,0
45.0,142.4,38.14,0.0,0.0,25.23,49.92,5.0,0
43.0,82.04,43.66,0.0,1.0,60.01,34.57,4.0,0
53.0,90.29,60.69,0.0,0.0,30.58,53.53,3.0,0
66.0,101.4,54.83,0.0,3.0,24.92,60.0,3.0,0
1.0,31.31,14.45,3.0,1.0,41.29,32.06,3.0,0
2.0,65.33,9.14,0.0,1.0,53.64,41.92,3.0,0
66.0,88.79,44.76,3.0,1.0,93.59,31.68,4.0,1
37.0,94.82,42.83,0.0,2.0,35.32,24.09,4.0,0
24.0,15.0,68.3,4.0,2.0,51.53,33.57,2.0,1
1.0,15.0,36.29,4.0,1.0,15.72,20.13,3.0,0
24.0,75.1,35.98,8.0,2.0,11.42,79.7,4.0,1
17.0,28.36,0.0,1.0,2.0,55.86,39.6,2.0,0
18.0,71.66,34.12,0.0,1.0,28.64,52.1,3.0,0
50.0,122.99,38.19,0.0,1.0,30.45,55.54,4.0,0
10.0,16.44,30.9,5.0,2.0,0.0,15.87,4.0,0
52.0,103.56,40.29,0.0,0.0,51.99,50.35,4.0,0
28.0,80.26,20.82,0.0,0.0,58.21,63.71,2.0,0
31.0,110.26,49.28,0.0,1.0,45.48,70.97,4.0,0
30.0,44.36,65.88,1.0,1.0,0.58,87.11,2.0,1
17.0,67.52,19.8,0.0,1.0,8.32,48.61,3.0,0
54.0,101.55,26.5,7.0,1.0,57.85,48.78,5.0,1
42.0,105.57,51.0,0.0,2.0,39.43,66.04,3.0,0
45.0,112.98,49.8,1.0,1.0,32.6,34.43,5.0,0
47.0,15.0,92.16,8.0,2.0,75.56,12.4,3.0,1
72.0,58.26,58.18,2.0,2.0,38.55,16.8,3.0,1
36.0,67.31,46.51,3.0,0.0,41.09,21.98,4.0,1
21.0,65.24,40.54,1.0,1.0,0.0,44.11,4.0,0
13.0,18.39,40.62,0.0,2.0,47.93,26.86,2.0,0
37.0,62.0,48.18,3.0,0.0,3.81,75.52,2.0,1
55.0,78.36,40.91,9.0,1.0,85.58,49.31,4.0,1
69.0,118.65,58.36,3.0,1.0,12.11,21.19,6.0,0
41.0,84.89,17.84,6.0,1.0,27.35,47.91,4.0,1
72.0,28.19,62.79,3.0,3.0,73.01,46.15,1.0,1
38.0,123.74,24.77,0.0,2.0,58.72,52.56,4.0,0
27.0,105.87,32.18,0.0,0.0,52.12,21.93,5.0,0
39.0,28.76,68.55,0.0,2.0,27.57,78.16,1.0,1
37.0,73.72,83.18,0.0,1.0,24.89,51.59,3.0,0
10.0,42.52,40.07,2.0,0.0,26.42,44.43,3.0,0
45.0,108.7,53.45,0.0,0.0,28.65,44.42,4.0,0
33.0,102.51,41.06,0.0,3.0,44.93,20.0,5.0,0
38.0,45.4,29.26,0.0,1.0,6.57,49.71,2.0,0
1.0,42.52,54.5,4.0,1.0,14.0,29.06,5.0,0
64.0,78.92,30.67,0.0,1.0,72.12,23.1,3.0,1
53.0,89.21,60.67,0.0,3.0,26.87,35.57,4.0,0
1.0,55.87,30.03,3.0,1.0,0.0,20.13,5.0,0
59.0,126.45,52.08,10.0,1.0,100.0,40.59,7.0,1
21.0,27.97,24.49,2.0,1.0,13.77,34.6,3.0,0
72.0,49.11,98.73,2.0,1.0,11.91,48.58,2.0,0
45.0,90.04,71.21,1.0,1.0,31.1,37.06,4.0,0
48.0,129.44,28.43,0.0,2.0,26.26,35.04,5.0,0
20.0,125.09,20.23,0.0,0.0,62.78,60.54,4.0,0
37.0,100.83,29.32,0.0,0.0,0.0,66.17,3.0,0
22.0,88.09,21.09,0.0,0.0,25.15,60.52,3.0,0
28.0,128.85,35.92,0.0,2.0,34.7,53.99,5.0,0
65.0,29.85,81.91,0.0,1.0,18.06,76.31,1.0,1
29.0,79.7,40.27,6.0,0.0,0.0,61.08,4.0,1
55.0,90.24,17.51,6.0,0.0,45.17,32.47,5.0,1
12.0,18.13,8.69,0.0,0.0,94.56,36.82,1.0,0
16.0,92.67,43.53,0.0,1.0,48.88,34.24,4.0,0
72.0,129.42,58.0,5.0,1.0,15.11,58.72,5.0,0
31.0,136.48,30.64,0.0,3.0,43.46,66.77,5.0,0
63.0,135.06,36.75,4.0,1.0,100.0,68.53,5.0,1
11.0,16.54,16.16,0.0,0.0,64.31,29.04,2.0,0
55.0,122.14,29.87,5.0,0.0,87.12,43.0,5.0,1
65.0,53.82,86.11,3.0,4.0,35.94,20.78,4.0,0
49.0,105.99,47.55,2.0,0.0,100.0,60.73,4.0,1
34.0,81.08,52.16,0.0,1.0,49.34,46.84,3.0,0
28.0,73.92,51.84,0.0,2.0,28.32,72.11,2.0,0
5.0,64.81,22.45,2.0,0.0,25.51,41.7,4.0,0
50.0,97.99,33.34,5.0,1.0,72.48,49.43,4.0,1
61.0,107.95,28.26,4.0,1.0,0.0,66.18,4.0,1
12.0,17.19,28.41,0.0,0.0,64.85,28.77,2.0,0
41.0,63.76,68.44,0.0,0.0,35.43,20.6,4.0,0
47.0,100.9,61.28,0.0,1.0,31.27,49.89,4.0,0
45.0,101.16,63.57,0.0,0.0,31.98,64.78,3.0,0
52.0,46.52,3.45,1.0,0.0,16.86,63.91,1.0,0
1.0,18.44,40.0,5.0,0.0,74.48,8.5,5.0,0
11.0,15.0,47.67,1.0,3.0,29.43,18.7,3.0,0
10.0,15.0,44.97,4.0,0.0,3.64,1.81,3.0,0
72.0,79.18,72.1,4.0,1.0,20.76,9.07,5.0,0
20.0,94.74,47.59,0.0,1.0,46.15,26.53,5.0,0
57.0,55.6,37.39,4.0,2.0,51.51,11.39,4.0,1
71.0,19.45,100.0,0.0,4.0,23.83,44.95,1.0,0
51.0,23.34,65.95,6.0,0.0,54.93,21.07,3.0,1
65.0,22.71,92.31,0.0,2.0,42.68,43.92,1.0,0
6.0,15.12,49.38,2.0,0.0,25.14,19.03,3.0,0
5.0,108.85,46.92,0.0,1.0,55.03,58.52,4.0,0
58.0,55.44,68.14,0.0,0.0,79.3,0.77,4.0,1
42.0,113.88,25.04,7.0,0.0,45.09,40.94,6.0,1
30.0,69.47,36.85,0.0,0.0,16.92,61.36,3.0,0
39.0,57.19,82.53,0.0,2.0,34.49,47.57,2.0,0
66.0,35.37,80.04,0.0,0.0,44.37,48.35,1.0,0
17.0,15.0,28.49,5.0,1.0,0.0,21.5,3.0,0
40.0,57.49,61.29,0.0,0.0,50.75,63.52,1.0,0
37.0,51.39,30.83,0.0,0.0,50.88,43.17,2.0,1
72.0,23.42,100.0,0.0,0.0,24.99,49.49,1.0,0
17.0,110.23,30.58,0.0,2.0,43.34,63.28,4.0,0
72.0,133.19,52.01,0.0,0.0,100.0,38.62,4.0,1
43.0,88.94,41.57,0.0,1.0,54.25,32.66,4.0,0
65.0,65.85,33.51,5.0,2.0,54.19,46.93,3.0,1
70.0,60.63,58.29,4.0,0.0,23.36,34.04,3.0,1
17.0,75.56,53.37,0.0,0.0,31.38,31.12,4.0,1
59.0,123.44,56.02,2.0,1.0,19.28,42.23,5.0,0
72.0,56.72,45.42,4.0,2.0,71.01,8.35,4.0,1
55.0,89.12,1.26,0.0,2.0,22.88,84.88,1.0,0
1.0,16.44,18.14,3.0,0.0,44.24,2.47,4.0,0
43.0,63.22,68.53,4.0,2.0,0.0,60.71,3.0,1
71.0,104.92,26.2,2.0,1.0,91.54,54.03,3.0,1
36.0,35.18,11.85,0.0,1.0,47.13,44.31,1.0,0
20.0,120.26,44.2,0.0,2.0,40.1,56.84,5.0,0
54.0,39.65,69.36,0.0,1.0,25.13,15.9,3.0,1
72.0,90.7,63.94,6.0,1.0,100.0,12.16,5.0,1
47.0,106.33,26.54,4.0,1.0,81.57,75.27,4.0,1
72.0,117.52,15.69,4.0,1.0,15.14,74.96,3.0,1
72.0,78.87,90.26,2.0,0.0,10.34,49.51,3.0,0
72.0,102.88,58.62,0.0,2.0,15.62,90.33,1.0,1
52.0,94.93,28.04,5.0,2.0,59.9,51.28,4.0,1
72.0,47.32,81.9,0.0,0.0,32.4,26.83,2.0,0
53.0,104.3,64.18,0.0,2.0,10.34,55.66,4.0,0
72.0,159.07,46.53,6.0,2.0,9.22,45.69,7.0,0
69.0,94.94,43.94,2.0,0.0,0.0,90.66,2.0,1
72.0,81.65,29.27,3.0,1.0,79.08,25.69,3.0,1
6.0,89.03,42.8,0.0,0.0,51.15,52.65,4.0,0
37.0,118.09,50.58,1.0,2.0,30.31,43.42,5.0,0
66.0,92.18,55.78,0.0,2.0,31.3,47.18,3.0,0
17.0,61.77,41.22,0.0,1.0,27.29,38.85,3.0,0
23.0,93.07,21.64,0.0,2.0,50.23,63.25,3.0,0
67.0,120.02,7.02,1.0,1.0,59.33,42.12,4.0,1
3.0,15.0,35.81,4.0,2.0,62.72,13.79,2.0,0
1.0,38.19,32.98,1.0,0.0,30.15,26.02,4.0,0
53.0,31.08,81.38,0.0,1.0,1.62,75.14,1.0,1
5.0,64.03,47.97,2.0,0.0,0.0,33.49,5.0,0
39.0,132.51,38.55,2.0,3.0,36.01,48.56,5.0,0
59.0,125.73,57.77,2.0,2.0,31.8,77.04,4.0,0
25.0,28.3,17.84,2.0,1.0,20.33,41.33,2.0,0
72.0,75.57,38.6,6.0,2.0,44.33,7.55,5.0,1
58.0,83.79,20.03,10.0,0.0,34.7,28.85,5.0,1
23.0,49.68,15.27,0.0,0.0,37.67,48.1,2.0,0
1.0,81.06,77.9,0.0,1.0,25.61,29.87,5.0,0
35.0,29.51,22.39,0.0,2.0,58.1,40.42,1.0,0
19.0,126.11,28.42,1.0,0.0,49.18,17.0,7.0,0
19.0,33.28,31.55,3.0,1.0,6.99,38.43,3.0,0
72.0,102.14,49.48,2.0,2.0,100.0,21.59,4.0,1
72.0,78.78,79.96,2.0,2.0,23.18,42.86,3.0,0
21.0,133.45,25.28,0.0,1.0,55.25,60.95,5.0,0
1.0,24.95,45.24,3.0,1.0,33.33,3.36,5.0,0
18.0,158.66,9.83,0.0,2.0,51.56,55.24,6.0,0
47.0,87.33,81.63,1.0,0.0,29.39,45.81,4.0,0
15.0,48.51,0.7,2.0,2.0,50.13,53.01,2.0,0
70.0,73.55,64.26,3.0,0.0,33.28,15.92,4.0,0
61.0,107.77,48.0,2.0,0.0,28.92,26.34,5.0,0
13.0,75.55,36.98,0.0,1.0,7.24,43.33,4.0,0
72.0,49.3,77.33,0.0,0.0,17.11,28.81,2.0,0
54.0,106.19,26.93,2.0,1.0,42.38,34.24,5.0,1
39.0,54.43,31.59,0.0,1.0,17.01,63.95,2.0,0
44.0,104.26,53.81,0.0,1.0,31.03,77.66,3.0,0
33.0,140.98,33.37,3.0,1.0,38.15,30.27,7.0,0
36.0,15.0,15.34,0.0,0.0,72.15,55.84,1.0,0
69.0,106.9,43.41,1.0,1.0,23.07,32.31,4.0,0
42.0,109.15,21.59,5.0,1.0,47.72,66.1,4.0,1
71.0,129.65,38.8,3.0,0.0,28.05,48.81,5.0,0
1.0,31.29,45.05,7.0,0.0,18.79,10.48,6.0,0
56.0,79.77,55.65,0.0,2.0,43.06,19.44,4.0,0
1.0,35.41,27.56,3.0,0.0,43.12,33.81,4.0,0
58.0,83.75,35.57,6.0,2.0,80.93,42.23,4.0,1
72.0,91.05,35.15,3.0,0.0,83.74,30.61,4.0,1
66.0,37.53,86.86,0.0,1.0,28.16,20.55,2.0,0
20.0,33.81,49.82,5.0,1.0,47.34,14.46,4.0,1
26.0,110.08,45.19,0.0,0.0,44.54,42.74,5.0,0
72.0,73.33,39.02,4.0,2.0,73.66,19.2,4.0,1
29.0,78.05,34.12,0.0,1.0,38.67,68.17,2.0,0
27.0,17.97,56.16,0.0,0.0,28.36,41.61,2.0,0
40.0,94.01,27.31,9.0,2.0,52.11,56.51,5.0,1
25.0,72.45,50.75,0.0,2.0,69.69,64.65,2.0,0
72.0,82.48,55.2,3.0,2.0,0.0,93.44,2.0,1
42.0,51.08,69.66,0.0,0.0,3.63,61.24,2.0,1
18.0,60.6,15.84,0.0,0.0,52.9,48.7,2.0,0
17.0,57.23,17.79,0.0,0.0,22.96,43.44,3.0,0
13.0,21.33,16.6,0.0,0.0,60.29,28.33,2.0,0
32.0,28.55,36.58,0.0,1.0,16.43,43.18,2.0,0
37.0,15.0,82.41,3.0,0.0,33.08,30.88,2.0,1
72.0,113.81,53.55,0.0,2.0,11.68,84.24,2.0,0
1.0,30.23,33.99,4.0,2.0,6.07,22.47,4.0,0
72.0,95.68,57.21,4.0,0.0,33.93,27.92,4.0,0
72.0,80.03,34.55,0.0,3.0,100.0,37.8,2.0,1
62.0,120.2,38.47,2.0,1.0,0.0,88.59,3.0,1
31.0,124.56,34.91,0.0,4.0,40.7,41.65,5.0,0
67.0,70.47,78.29,3.0,0.0,30.54,22.35,4.0,0
72.0,79.33,55.91,0.0,0.0,100.0,29.89,2.0,1
72.0,35.63,57.98,5.0,1.0,67.03,21.81,3.0,1
68.0,94.74,64.45,0.0,1.0,27.02,67.29,3.0,0
66.0,83.67,46.02,2.0,0.0,0.0,82.99,2.0,1
26.0,32.36,29.87,0.0,0.0,61.71,42.2,2.0,0
57.0,115.38,51.92,0.0,3.0,27.4,67.63,4.0,0
42.0,54.73,80.42,1.0,1.0,42.8,6.47,4.0,0
68.0,50.63,67.79,0.0,1.0,15.46,71.88,1.0,1
57.0,86.34,54.05,1.0,1.0,32.86,10.92,5.0,0
53.0,95.78,46.02,0.0,0.0,36.38,45.24,3.0,0
17.0,77.74,41.66,0.0,3.0,1.79,48.07,4.0,0
1.0,15.0,52.89,4.0,1.0,55.54,23.28,4.0,0
60.0,18.54,75.02,2.0,2.0,44.48,38.66,2.0,1
23.0,15.0,18.7,2.0,1.0,58.43,30.97,1.0,0
47.0,107.76,27.72,0.0,1.0,64.2,44.74,4.0,1
33.0,93.71,57.91,0.0,0.0,42.89,33.12,5.0,0
35.0,95.97,39.91,0.0,1.0,40.29,16.62,5.0,0
16.0,50.93,23.55,1.0,2.0,25.75,44.33,3.0,0
71.0,91.85,58.4,1.0,0.0,28.71,34.96,4.0,0
37.0,20.26,41.12,4.0,2.0,78.34,38.51,2.0,1
41.0,73.94,52.94,0.0,0.0,49.02,13.52,4.0,0
70.0,108.24,40.12,5.0,1.0,0.0,59.78,4.0,1
49.0,89.0,70.64,1.0,1.0,14.66,39.16,4.0,0
72.0,84.67,45.34,3.0,2.0,15.22,66.71,2.0,1
47.0,134.58,2.94,6.0,2.0,55.48,73.89,5.0,1
52.0,119.36,50.23,0.0,2.0,21.44,72.83,3.0,0
17.0,107.83,40.08,0.0,0.0,57.73,44.5,5.0,0
30.0,34.97,24.64,0.0,0.0,58.52,53.79,1.0,0
30.0,18.25,38.35,0.0,1.0,43.87,37.8,1.0,0
36.0,68.14,79.0,1.0,2.0,54.61,47.38,4.0,0
51.0,50.05,37.43,0.0,0.0,67.3,20.87,2.0,1
1.0,25.32,56.95,4.0,0.0,8.77,2.77,5.0,0
70.0,109.08,78.21,1.0,0.0,10.83,74.8,3.0,0
19.0,41.86,16.17,0.0,0.0,57.19,45.43,2.0,0
48.0,55.53,76.5,2.0,1.0,0.0,65.73,3.0,0
62.0,36.78,56.62,8.0,1.0,63.33,50.62,3.0,1
71.0,41.39,91.43,2.0,1.0,30.89,20.11,3.0,0
72.0,136.74,48.73,5.0,1.0,3.9,23.2,6.0,0
12.0,76.69,37.38,1.0,0.0,0.0,41.7,4.0,0
72.0,70.7,64.77,0.0,1.0,20.17,46.96,2.0,0
5.0,40.91,42.49,0.0,1.0,36.03,29.28,3.0,0
31.0,75.87,67.8,0.0,1.0,36.07,41.82,3.0,0
38.0,34.2,32.41,0.0,2.0,49.95,54.21,1.0,0
30.0,139.95,32.75,2.0,1.0,49.07,51.58,6.0,0
1.0,46.09,19.08,0.0,0.0,46.98,23.4,3.0,0
23.0,39.8,53.02,5.0,1.0,29.08,49.35,3.0,1
60.0,84.71,60.51,1.0,2.0,35.89,23.52,4.0,0
33.0,134.0,30.44,0.0,0.0,34.55,47.26,5.0,0
72.0,54.97,87.32,0.0,1.0,12.34,40.03,2.0,0
22.0,23.26,37.35,0.0,1.0,82.52,50.31,1.0,0
17.0,25.52,50.08,4.0,1.0,0.0,31.59,3.0,0
30.0,62.21,50.96,0.0,0.0,51.14,35.29,3.0,0
20.0,36.33,30.45,3.0,1.0,0.0,35.17,3.0,0
57.0,75.17,70.24,2.0,0.0,37.87,24.22,4.0,0
64.0,51.16,77.82,0.0,1.0,34.95,54.76,1.0,0
59.0,140.48,40.94,6.0,1.0,30.68,27.98,7.0,0
61.0,18.25,89.35,6.0,1.0,41.59,12.6,3.0,1
15.0,47.07,32.49,1.0,2.0,49.21,48.99,3.0,0
47.0,94.79,49.48,0.0,1.0,38.56,49.39,3.0,0
32.0,34.35,64.45,5.0,2.0,31.15,34.48,3.0,1
29.0,77.8,56.91,4.0,1.0,0.0,62.11,4.0,1
27.0,80.61,63.77,0.0,2.0,55.01,72.63,2.0,0
12.0,44.49,41.56,2.0,1.0,0.0,20.34,4.0,0
31.0,140.64,38.35,0.0,0.0,27.18,51.18,5.0,0
54.0,95.51,68.19,0.0,0.0,28.05,49.46,4.0,0
60.0,101.5,11.92,5.0,0.0,33.02,45.1,4.0,1
58.0,107.27,48.89,5.0,1.0,28.76,0.0,7.0,0
46.0,111.79,45.75,0.0,0.0,40.1,41.9,5.0,0
1.0,36.74,49.54,2.0,1.0,30.43,12.71,4.0,0
72.0,73.52,67.39,0.0,1.0,32.69,58.97,2.0,0
69.0,57.02,9.46,0.0,1.0,30.33,84.82,1.0,0
10.0,55.33,33.21,0.0,1.0,56.75,34.67,3.0,0
72.0,86.83,84.36,3.0,0.0,17.7,62.87,3.0,0
58.0,84.54,67.2,0.0,2.0,35.13,53.98,3.0,0
72.0,37.9,100.0,4.0,0.0,6.13,21.28,3.0,0
17.0,94.86,27.82,0.0,1.0,0.0,49.49,4.0,0
44.0,134.1,41.24,3.0,1.0,31.7,37.43,6.0,0
72.0,72.64,58.87,3.0,2.0,29.85,0.0,4.0,0
38.0,34.09,54.72,9.0,2.0,48.36,37.47,4.0,1
9.0,20.36,0.0,2.0,1.0,59.43,37.55,2.0,0
53.0,77.01,62.81,1.0,1.0,33.99,28.17,4.0,0
58.0,99.85,21.45,6.0,0.0,15.24,53.16,4.0,1
72.0,77.87,76.54,1.0,1.0,0.0,34.68,3.0,0
46.0,88.8,23.94,8.0,1.0,64.25,77.65,4.0,1
50.0,107.44,46.66,0.0,2.0,30.38,42.0,4.0,0
6.0,30.56,5.93,2.0,0.0,27.84,15.54,3.0,0
46.0,98.29,53.63,0.0,1.0,26.08,28.08,5.0,0
35.0,38.98,19.0,1.0,1.0,40.01,65.74,1.0,0
72.0,135.83,32.18,6.0,1.0,26.76,17.96,6.0,0
57.0,81.22,49.45,5.0,1.0,92.62,34.35,4.0,1
20.0,154.67,16.82,0.0,1.0,42.08,44.72,6.0,0
28.0,15.0,20.16,0.0,0.0,47.89,37.8,1.0,0
24.0,110.2,48.51,0.0,1.0,50.81,47.05,5.0,0
35.0,116.77,39.44,2.0,3.0,45.78,24.55,6.0,0
70.0,76.32,73.79,0.0,0.0,25.57,57.8,2.0,0
26.0,126.02,28.82,2.0,1.0,59.68,28.36,6.0,0
47.0,142.89,32.52,1.0,1.0,33.49,58.25,5.0,0
70.0,28.82,0.0,0.0,2.0,45.69,71.21,1.0,0
13.0,93.76,46.34,0.0,0.0,63.4,28.2,5.0,0
57.0,99.46,40.2,1.0,0.0,44.15,27.24,4.0,0
39.0,75.71,68.17,0.0,1.0,38.2,34.19,4.0,0
31.0,78.57,43.54,0.0,1.0,57.01,37.83,3.0,0
72.0,65.37,97.01,2.0,2.0,11.26,34.19,3.0,0
41.0,109.86,50.39,0.0,0.0,33.07,54.56,4.0,0
32.0,51.14,64.13,0.0,1.0,53.45,22.27,3.0,0
39.0,25.73,24.37,0.0,0.0,52.43,54.29,1.0,0
33.0,35.65,25.97,0.0,1.0,21.65,37.46,2.0,0
53.0,40.8,62.11,2.0,0.0,28.71,36.21,3.0,1
55.0,91.5,61.95,2.0,1.0,34.44,29.59,5.0,0
14.0,55.76,15.97,3.0,0.0,9.32,42.81,3.0,0
1.0,15.0,46.23,3.0,0.0,35.46,14.5,3.0,0
72.0,52.87,100.0,0.0,1.0,2.06,81.07,1.0,0
61.0,85.56,61.0,4.0,1.0,39.13,7.81,5.0,0
67.0,21.9,66.23,8.0,1.0,68.6,0.0,4.0,1
70.0,65.56,22.92,8.0,3.0,76.61,13.34,4.0,1
23.0,93.04,36.3,0.0,2.0,37.52,61.47,3.0,0
72.0,80.57,84.31,2.0,0.0,8.85,57.86,2.0,0
72.0,62.09,88.54,0.0,4.0,15.87,66.03,2.0,0
72.0,15.0,100.0,1.0,1.0,68.45,0.0,1.0,1
6.0,18.48,22.6,1.0,0.0,59.36,22.68,3.0,0
45.0,107.53,34.78,5.0,2.0,81.01,66.74,4.0,1
72.0,61.94,75.92,0.0,1.0,21.21,26.17,3.0,0
68.0,107.22,64.15,1.0,2.0,12.41,47.01,4.0,0
56.0,105.22,48.39,1.0,0.0,32.3,46.85,4.0,0
57.0,150.07,9.88,3.0,3.0,85.22,74.41,5.0,1
52.0,95.66,65.56,1.0,1.0,29.32,43.6,4.0,0
29.0,15.0,33.8,0.0,0.0,58.42,47.13,1.0,0
67.0,105.0,33.24,3.0,3.0,0.0,74.23,3.0,1
55.0,104.53,61.27,1.0,2.0,37.58,58.52,4.0,0
40.0,46.89,4.3,0.0,1.0,54.48,65.99,1.0,0
22.0,69.04,69.18,0.0,1.0,41.23,48.47,3.0,0
46.0,125.5,37.86,2.0,0.0,26.25,29.71,6.0,0
68.0,61.03,41.52,4.0,0.0,52.23,10.9,4.0,1
72.0,70.86,49.06,5.0,1.0,15.88,94.07,1.0,1
72.0,107.37,40.0,6.0,3.0,4.91,61.22,4.0,1
50.0,118.94,48.92,1.0,1.0,32.71,53.78,4.0,0
49.0,109.03,39.56,2.0,0.0,36.6,20.2,5.0,0
72.0,131.51,12.76,5.0,1.0,0.0,97.31,3.0,1
72.0,42.4,58.29,5.0,2.0,55.77,18.04,3.0,1
71.0,66.8,85.67,2.0,1.0,27.13,45.2,3.0,0
20.0,61.26,51.49,8.0,1.0,9.99,33.73,5.0,1
14.0,23.45,34.84,2.0,1.0,32.48,28.47,3.0,0
72.0,70.09,82.22,2.0,0.0,22.39,37.0,3.0,0
30.0,39.66,55.99,4.0,0.0,31.76,60.13,3.0,1
6.0,34.71,26.07,1.0,2.0,32.95,25.28,3.0,0
33.0,19.84,13.72,0.0,0.0,47.13,42.82,1.0,0
62.0,79.25,71.41,2.0,0.0,28.89,26.08,4.0,0
10.0,35.95,23.59,3.0,0.0,27.28,38.72,3.0,0
45.0,105.1,46.95,1.0,0.0,44.63,42.32,4.0,0
34.0,94.51,35.03,5.0,0.0,49.65,41.29,5.0,1
18.0,15.0,35.2,0.0,0.0,60.54,38.77,2.0,0
4.0,43.45,20.23,3.0,2.0,26.12,38.52,3.0,0
8.0,16.39,43.32,5.0,0.0,1.22,25.68,3.0,0
17.0,36.95,53.37,2.0,0.0,0.0,27.94,4.0,0
48.0,111.06,34.94,2.0,1.0,77.67,43.13,5.0,1
26.0,40.39,45.33,0.0,0.0,25.71,42.87,2.0,0
72.0,43.78,90.3,5.0,1.0,18.37,0.0,4.0,0
40.0,46.03,49.64,4.0,1.0,45.82,0.0,5.0,1
29.0,37.86,14.85,0.0,1.0,34.76,40.29,2.0,0
72.0,15.0,100.0,1.0,0.0,30.98,41.83,1.0,0
1.0,22.59,35.87,4.0,1.0,5.09,0.0,5.0,0
43.0,50.74,33.45,3.0,1.0,25.75,9.18,4.0,1
36.0,86.74,10.66,2.0,1.0,34.78,61.2,3.0,1
72.0,55.16,61.62,1.0,1.0,17.6,60.78,2.0,1
17.0,45.55,31.17,0.0,1.0,30.61,31.71,3.0,0
51.0,111.49,23.28,7.0,1.0,56.45,39.25,5.0,1
64.0,68.55,74.24,0.0,0.0,30.36,42.74,3.0,0
33.0,51.2,46.27,0.0,0.0,17.94,49.83,2.0,0
45.0,59.59,64.81,1.0,0.0,54.77,20.62,4.0,0
51.0,142.04,27.25,0.0,1.0,30.77,64.81,4.0,0
58.0,95.71,81.39,2.0,1.0,18.9,52.73,4.0,0
53.0,15.0,99.49,4.0,0.0,26.16,0.0,4.0,1
1.0,35.98,27.15,6.0,2.0,22.16,23.84,5.0,0
49.0,42.5,91.47,2.0,1.0,42.08,12.69,4.0,0
22.0,54.93,48.94,0.0,2.0,40.5,42.96,3.0,0
11.0,22.63,10.19,5.0,0.0,15.94,30.69,3.0,0
58.0,105.61,48.49,0.0,3.0,22.09,34.38,4.0,0
1.0,15.0,42.34,3.0,0.0,64.27,19.61,3.0,0
18.0,46.3,28.95,1.0,1.0,7.12,33.26,3.0,0
51.0,96.46,69.6,0.0,3.0,24.7,72.32,3.0,0
31.0,50.93,53.12,0.0,1.0,25.98,49.55,2.0,0
29.0,91.96,58.37,0.0,1.0,44.98,55.05,4.0,0
72.0,120.16,48.02,0.0,1.0,19.11,58.54,4.0,0
56.0,113.0,47.86,0.0,0.0,32.06,47.61,4.0,0
47.0,102.88,25.74,2.0,1.0,58.01,52.92,4.0,1
67.0,56.62,84.03,0.0,1.0,26.72,58.88,2.0,0
72.0,68.07,80.44,1.0,1.0,26.96,53.05,2.0,0
30.0,15.0,2.39,3.0,2.0,11.13,25.54,1.0,0
61.0,67.45,68.08,0.0,0.0,34.39,26.32,3.0,0
16.0,69.0,12.67,0.0,1.0,19.81,50.87,3.0,0
22.0,117.55,34.81,0.0,0.0,55.67,37.59,5.0,0
54.0,48.89,14.06,0.0,2.0,38.11,75.6,1.0,0
46.0,51.13,52.92,3.0,2.0,25.59,57.72,3.0,1
38.0,106.96,0.0,9.0,1.0,37.22,82.38,4.0,1
71.0,64.67,72.73,0.0,2.0,31.29,44.66,3.0,0
72.0,37.7,59.9,1.0,1.0,49.48,45.31,1.0,1
49.0,160.0,19.34,0.0,1.0,29.51,63.52,6.0,0
72.0,41.5,72.52,0.0,1.0,23.39,15.68,2.0,0
72.0,89.1,63.47,0.0,1.0,20.51,60.94,2.0,0
50.0,69.91,53.09,1.0,2.0,51.13,10.85,4.0,0
32.0,102.89,18.8,10.0,0.0,54.69,84.6,5.0,1
40.0,44.9,53.71,0.0,2.0,8.1,50.79,2.0,0
72.0,86.27,61.02,0.0,1.0,23.01,73.26,2.0,0
10.0,79.31,57.73,0.0,2.0,26.0,49.81,4.0,0
63.0,52.61,82.64,1.0,2.0,33.78,40.52,3.0,0
50.0,96.26,18.21,7.0,1.0,19.93,45.86,5.0,1
16.0,36.32,45.13,0.0,0.0,62.01,50.29,2.0,0
37.0,38.7,41.94,0.0,1.0,56.34,46.25,1.0,0
66.0,89.87,54.91,0.0,0.0,20.08,55.97,2.0,0
66.0,67.6,77.63,0.0,1.0,22.57,38.85,3.0,0
16.0,15.0,20.83,3.0,0.0,47.46,19.03,2.0,0
26.0,21.1,41.12,0.0,0.0,43.43,36.36,2.0,0
3.0,92.77,35.4,0.0,1.0,55.21,55.88,4.0,0
54.0,121.88,49.34,1.0,2.0,28.9,58.31,4.0,0
29.0,81.22,30.06,0.0,1.0,16.89,63.25,3.0,0
35.0,21.6,11.53,1.0,0.0,18.5,43.82,1.0,0
51.0,68.36,26.29,0.0,0.0,66.59,85.74,1.0,0
20.0,15.15,27.61,0.0,0.0,52.98,35.5,2.0,0
72.0,73.16,70.59,1.0,2.0,26.95,43.7,3.0,0
69.0,77.4,73.36,3.0,0.0,28.92,12.22,5.0,1
13.0,29.75,52.97,0.0,0.0,37.93,32.35,3.0,0
51.0,58.54,46.66,2.0,2.0,29.22,38.58,3.0,1
57.0,114.44,48.89,0.0,1.0,38.49,58.39,4.0,0
24.0,138.01,22.83,0.0,1.0,49.16,59.34,5.0,0
36.0,23.95,15.88,2.0,2.0,3.16,42.76,1.0,0
18.0,24.39,27.69,0.0,1.0,32.11,34.73,2.0,0
37.0,142.03,34.73,0.0,2.0,27.04,52.02,5.0,0
36.0,61.34,67.57,0.0,0.0,49.75,49.57,2.0,0
19.0,19.76,18.8,0.0,0.0,83.97,40.89,1.0,0
72.0,29.87,77.23,4.0,0.0,40.73,41.19,2.0,1
15.0,53.76,31.62,0.0,2.0,34.44,40.53,3.0,0
35.0,75.99,50.36,1.0,2.0,70.53,36.59,4.0,1
1.0,17.44,4.9,5.0,2.0,40.79,18.1,4.0,0
33.0,61.01,24.35,8.0,2.0,60.93,9.67,5.0,1
4.0,15.0,4.22,3.0,0.0,72.71,37.26,2.0,0
72.0,80.14,73.71,1.0,0.0,25.81,58.58,3.0,0
63.0,64.77,73.32,0.0,1.0,31.98,33.35,3.0,0
3.0,34.9,42.55,2.0,2.0,38.94,35.89,3.0,0
1.0,128.95,28.98,0.0,0.0,63.13,27.03,7.0,0
2.0,41.79,8.4,0.0,0.0,73.42,39.57,3.0,0
40.0,49.59,82.62,0.0,2.0,39.34,12.39,4.0,0
4.0,15.0,45.14,2.0,1.0,71.21,22.19,2.0,0
41.0,142.46,50.78,3.0,0.0,22.66,41.4,6.0,0
27.0,96.51,33.76,2.0,1.0,42.3,44.49,5.0,1
48.0,85.13,69.68,0.0,2.0,29.2,63.1,3.0,0
16.0,37.84,54.01,2.0,2.0,0.0,27.34,4.0,0
64.0,81.19,81.39,1.0,2.0,20.0,41.96,4.0,0
43.0,84.92,63.11,1.0,1.0,46.49,21.74,5.0,0
43.0,65.45,27.37,0.0,0.0,0.0,60.32,2.0,0
60.0,68.79,37.18,4.0,2.0,37.19,21.95,4.0,1
58.0,109.67,43.38,3.0,2.0,47.05,27.23,5.0,0
20.0,58.34,31.52,0.0,1.0,5.2,41.95,3.0,0
60.0,83.94,55.92,0.0,0.0,28.76,29.54,4.0,0
61.0,60.09,66.24,0.0,1.0,36.73,26.68,3.0,0
1.0,59.29,42.2,0.0,1.0,40.91,34.37,4.0,0
34.0,109.64,20.94,5.0,0.0,52.94,70.19,4.0,1
72.0,96.29,88.73,3.0,0.0,0.0,59.38,3.0,0
1.0,15.0,32.89,3.0,1.0,79.71,10.79,2.0,0
72.0,22.31,100.0,2.0,1.0,18.38,12.47,3.0,0
1.0,15.0,0.0,6.0,0.0,68.95,0.2,3.0,0
48.0,29.21,73.98,0.0,0.0,22.62,70.74,1.0,1
23.0,79.26,39.98,0.0,2.0,20.29,58.5,3.0,0
69.0,74.59,39.89,4.0,0.0,33.98,50.0,3.0,1
66.0,70.29,27.37,7.0,0.0,69.75,29.31,4.0,1
64.0,88.56,56.14,4.0,1.0,33.1,9.29,5.0,0
40.0,40.26,74.21,5.0,1.0,18.75,28.75,4.0,1
72.0,59.86,74.29,2.0,0.0,27.88,23.1,3.0,0
61.0,110.78,41.77,2.0,1.0,100.0,54.16,4.0,1
53.0,45.7,57.46,7.0,1.0,46.28,13.14,4.0,1
59.0,98.76,48.38,0.0,3.0,28.55,26.97,4.0,0
10.0,34.98,33.41,0.0,0.0,49.99,32.49,3.0,0
1.0,30.38,34.85,2.0,1.0,60.27,26.08,4.0,0
12.0,57.55,31.26,0.0,2.0,6.8,38.38,3.0,0
33.0,138.46,39.93,0.0,2.0,37.73,66.85,5.0,0
43.0,30.62,6.06,0.0,1.0,46.06,62.75,1.0,0
63.0,68.41,70.07,1.0,2.0,28.89,7.36,4.0,0
53.0,81.19,60.43,0.0,2.0,51.8,50.28,3.0,0
8.0,35.59,68.92,1.0,3.0,24.86,28.4,4.0,0
37.0,75.63,26.33,0.0,2.0,70.75,61.47,1.0,0
46.0,101.11,48.47,0.0,0.0,31.97,35.45,4.0,0
48.0,91.16,58.0,0.0,0.0,27.6,25.39,4.0,0
61.0,104.09,73.55,4.0,0.0,12.54,25.55,6.0,0
44.0,15.0,77.22,2.0,1.0,38.22,40.52,2.0,1
9.0,72.3,37.25,0.0,1.0,41.84,49.48,3.0,0
13.0,35.99,26.67,2.0,0.0,26.43,37.66,3.0,0
66.0,80.75,17.78,8.0,1.0,54.57,40.12,4.0,1
12.0,71.9,58.92,0.0,0.0,6.06,40.66,4.0,0
37.0,69.62,31.77,4.0,1.0,33.91,31.25,4.0,1
11.0,53.95,38.16,0.0,1.0,14.97,34.1,4.0,0
40.0,66.0,0.63,0.0,2.0,32.78,59.21,1.0,0
51.0,45.45,47.47,5.0,1.0,46.5,72.99,2.0,1
13.0,159.61,34.56,0.0,0.0,32.47,61.21,6.0,0
7.0,136.81,29.19,0.0,1.0,55.56,52.54,6.0,0
70.0,15.0,100.0,5.0,0.0,48.19,0.0,4.0,0
32.0,63.53,35.24,0.0,2.0,51.9,59.49,2.0,0
23.0,17.81,62.38,2.0,1.0,0.0,39.64,2.0,0
34.0,156.93,30.84,3.0,2.0,25.72,38.99,7.0,0
37.0,106.88,47.17,0.0,1.0,34.71,35.75,5.0,0
1.0,56.98,25.74,2.0,2.0,45.53,27.67,4.0,0
2.0,74.54,25.9,2.0,1.0,0.0,30.71,5.0,0
14.0,15.0,36.85,1.0,1.0,53.06,30.16,2.0,1
37.0,97.86,20.26,2.0,0.0,30.88,58.65,4.0,1
68.0,142.67,10.49,3.0,1.0,58.46,39.18,5.0,1
59.0,139.57,60.0,1.0,2.0,21.13,73.68,5.0,0
28.0,81.06,53.79,0.0,2.0,37.13,35.81,4.0,0
71.0,89.14,41.14,0.0,1.0,0.0,100.0,1.0,1
53.0,99.88,40.82,8.0,1.0,78.43,34.53,5.0,1
61.0,108.46,56.62,2.0,0.0,32.92,60.58,4.0,0
52.0,111.79,51.36,0.0,3.0,30.62,50.37,4.0,0
51.0,72.99,26.74,7.0,0.0,44.25,37.04,4.0,1
49.0,120.09,12.0,3.0,1.0,63.08,76.87,4.0,1
49.0,97.73,47.35,5.0,1.0,98.22,57.75,4.0,1
14.0,43.42,12.37,0.0,2.0,36.22,33.39,3.0,0
50.0,116.37,41.27,1.0,0.0,41.16,37.18,5.0,0
72.0,121.53,45.86,1.0,0.0,100.0,51.51,4.0,1
72.0,78.63,80.58,2.0,1.0,20.26,52.81,3.0,0
39.0,83.14,37.44,7.0,0.0,42.88,29.63,5.0,1
72.0,42.47,99.94,1.0,1.0,8.05,21.49,3.0,0
15.0,34.36,15.15,1.0,1.0,38.57,41.24,2.0,0
47.0,63.0,14.24,7.0,3.0,50.22,43.0,4.0,1
32.0,80.42,28.55,7.0,1.0,48.61,45.55,5.0,1
12.0,19.5,37.46,0.0,2.0,53.09,32.21,2.0,0
50.0,62.52,51.93,0.0,2.0,82.83,25.74,3.0,1
72.0,78.02,32.66,0.0,0.0,22.24,89.61,1.0,1
5.0,57.06,54.22,2.0,0.0,0.0,26.0,5.0,0
72.0,98.56,86.54,1.0,1.0,0.25,82.07,3.0,0
42.0,15.0,82.11,2.0,0.0,34.86,57.39,1.0,1
1.0,33.95,27.63,3.0,2.0,68.97,18.1,4.0,0
39.0,43.55,7.55,0.0,0.0,30.16,52.61,1.0,0
17.0,56.13,41.61,3.0,0.0,1.56,49.73,4.0,0
46.0,53.8,42.76,5.0,0.0,44.72,4.9,4.0,1
58.0,66.19,70.86,1.0,2.0,24.3,9.91,4.0,0
12.0,27.64,25.94,0.0,2.0,87.6,33.42,2.0,0
72.0,77.77,78.18,0.0,1.0,13.98,61.55,2.0,0
64.0,72.4,68.58,1.0,0.0,39.41,40.63,3.0,0
37.0,63.78,72.57,0.0,2.0,27.5,57.51,2.0,0
43.0,52.77,54.02,2.0,1.0,12.2,94.02,1.0,1
56.0,77.65,65.43,0.0,1.0,28.55,29.63,3.0,0
10.0,117.43,28.9,0.0,0.0,55.59,59.47,4.0,0
23.0,15.84,0.0,0.0,1.0,89.08,40.87,1.0,0
72.0,53.74,58.63,4.0,0.0,29.61,40.32,3.0,1
33.0,122.51,30.07,0.0,1.0,52.27,45.5,5.0,0
51.0,100.87,61.85,3.0,2.0,100.0,27.08,5.0,1
64.0,103.1,67.82,0.0,3.0,16.69,68.5,3.0,0
54.0,15.0,85.88,3.0,2.0,45.18,24.74,2.0,1
32.0,71.61,28.85,0.0,2.0,32.94,64.01,2.0,0
47.0,126.03,24.19,5.0,0.0,0.0,100.0,3.0,1
72.0,77.52,59.48,2.0,2.0,26.86,10.01,4.0,0
58.0,127.6,29.32,2.0,2.0,81.85,66.23,4.0,1
60.0,82.91,43.61,5.0,1.0,8.29,16.77,5.0,1
10.0,62.12,28.77,1.0,1.0,24.53,42.23,4.0,0
70.0,56.62,43.74,3.0,0.0,85.36,16.58,3.0,1
26.0,52.24,31.84,0.0,0.0,19.46,45.9,2.0,0
39.0,65.89,38.0,7.0,1.0,33.83,31.41,5.0,1
29.0,102.73,54.42,0.0,1.0,46.78,46.43,4.0,0
46.0,87.45,59.84,0.0,0.0,39.41,62.85,3.0,0
54.0,15.0,92.93,3.0,1.0,42.48,0.0,3.0,1
1.0,15.0,16.37,6.0,2.0,50.77,17.25,2.0,0
20.0,50.5,42.6,0.0,1.0,1.89,39.4,3.0,0
3.0,19.9,10.0,7.0,4.0,0.0,21.19,4.0,0
39.0,48.64,33.93,0.0,1.0,26.58,58.98,1.0,0
52.0,86.03,54.85,1.0,0.0,39.52,14.57,5.0,0
72.0,29.66,73.48,3.0,1.0,49.45,1.21,2.0,1
22.0,40.06,6.73,0.0,0.0,71.08,48.0,2.0,0
43.0,74.35,62.21,0.0,1.0,41.99,26.09,4.0,0
21.0,71.32,68.97,0.0,1.0,59.29,31.3,4.0,0
9.0,56.53,47.12,0.0,1.0,52.17,38.26,3.0,0
40.0,73.79,40.55,5.0,4.0,6.9,62.75,4.0,1
39.0,85.92,58.08,0.0,0.0,33.29,75.5,2.0,0
15.0,133.61,29.84,0.0,2.0,42.23,46.22,5.0,0
32.0,15.0,62.45,4.0,2.0,67.95,0.0,4.0,1
72.0,122.26,47.43,0.0,2.0,19.66,88.33,2.0,0
48.0,82.51,25.88,6.0,1.0,30.63,19.52,5.0,1
41.0,128.39,50.88,2.0,1.0,29.09,59.12,5.0,0
69.0,15.0,71.33,6.0,2.0,84.94,12.88,2.0,1
44.0,87.86,74.76,0.0,2.0,31.24,76.69,3.0,0
47.0,81.88,17.72,6.0,1.0,47.63,44.8,4.0,1
39.0,142.05,47.63,1.0,3.0,100.0,78.66,5.0,1
1.0,91.26,47.97,0.0,1.0,44.33,42.91,5.0,0
53.0,112.52,75.61,1.0,2.0,100.0,40.44,5.0,1
35.0,15.0,68.45,5.0,2.0,56.0,26.41,3.0,1
13.0,56.99,42.27,0.0,0.0,22.64,37.69,3.0,0
7.0,68.91,29.28,1.0,2.0,21.52,42.07,4.0,0
60.0,108.73,46.47,1.0,0.0,33.19,42.18,4.0,0
55.0,116.44,54.62,2.0,1.0,16.69,36.18,5.0,0
43.0,118.16,43.3,1.0,1.0,35.15,31.12,5.0,0
9.0,90.07,33.44,0.0,1.0,26.15,54.3,4.0,0
43.0,53.83,65.88,1.0,0.0,57.3,3.81,4.0,0
29.0,79.92,28.58,0.0,1.0,4.45,60.16,3.0,0
41.0,120.3,0.0,5.0,1.0,32.13,83.84,4.0,0
60.0,89.45,53.11,1.0,1.0,35.43,25.7,4.0,0
11.0,49.05,43.16,0.0,0.0,45.24,36.98,3.0,0
5.0,60.8,44.3,3.0,2.0,0.0,38.63,4.0,0
30.0,149.03,8.55,0.0,0.0,50.3,59.47,5.0,0
72.0,21.02,100.0,0.0,1.0,26.59,25.61,1.0,0
29.0,29.31,0.0,0.0,0.0,44.77,31.52,2.0,0
72.0,28.56,98.43,0.0,0.0,20.32,16.94,2.0,0
35.0,118.41,37.76,0.0,1.0,46.15,39.81,5.0,0
10.0,22.43,27.7,1.0,2.0,63.1,33.73,2.0,0
25.0,54.92,28.16,1.0,1.0,23.14,55.07,2.0,0
35.0,126.2,19.5,7.0,1.0,63.48,76.45,5.0,1
24.0,31.12,31.23,0.0,0.0,26.4,40.29,2.0,0
66.0,45.21,56.45,1.0,2.0,86.65,12.27,3.0,1
69.0,96.45,75.28,1.0,2.0,23.54,70.89,3.0,0
54.0,15.0,89.7,4.0,3.0,45.78,9.83,3.0,1
30.0,38.56,65.7,5.0,1.0,23.09,37.21,4.0,1
21.0,40.6,36.27,2.0,2.0,9.76,47.54,3.0,0
68.0,95.26,42.73,2.0,0.0,94.87,32.43,4.0,1
12.0,87.88,38.17,1.0,2.0,0.0,43.25,5.0,0
27.0,109.07,49.57,0.0,1.0,36.92,46.17,5.0,0
35.0,58.32,67.05,3.0,1.0,0.0,80.34,2.0,1
72.0,56.99,72.83,0.0,1.0,22.9,43.49,2.0,0
72.0,125.71,21.73,7.0,2.0,92.93,50.5,5.0,1
22.0,59.75,17.4,0.0,1.0,46.0,55.99,2.0,0
5.0,52.5,64.34,0.0,0.0,71.09,41.34,3.0,0
35.0,122.01,35.07,0.0,2.0,45.54,49.0,5.0,0
18.0,67.77,22.48,0.0,0.0,32.2,51.49,3.0,0
57.0,68.41,49.28,3.0,1.0,20.85,33.2,4.0,1
3.0,61.88,41.51,2.0,2.0,8.16,39.01,4.0,0
72.0,61.54,77.21,3.0,1.0,12.95,5.71,4.0,0
15.0,86.55,9.8,0.0,0.0,33.62,57.07,3.0,0
48.0,44.16,62.87,3.0,2.0,21.94,43.76,3.0,1
31.0,55.92,0.0,1.0,0.0,0.0,43.14,2.0,0
72.0,62.62,59.08,2.0,0.0,7.11,45.5,2.0,1
72.0,38.4,100.0,2.0,1.0,7.99,45.75,2.0,0
52.0,133.08,35.36,2.0,2.0,37.71,42.82,5.0,0
72.0,15.0,92.5,3.0,2.0,52.82,20.36,2.0,1
10.0,15.0,23.59,2.0,2.0,57.3,35.13,2.0,0
47.0,34.67,54.75,5.0,3.0,50.81,37.59,3.0,1
41.0,59.92,14.06,4.0,1.0,30.76,47.86,3.0,1
27.0,115.51,9.84,10.0,1.0,39.93,70.83,5.0,1
62.0,160.0,0.0,4.0,2.0,42.0,83.83,5.0,1
49.0,29.67,58.79,3.0,0.0,51.39,52.94,2.0,1
29.0,134.71,34.8,0.0,2.0,52.4,72.38,5.0,0
61.0,50.03,70.19,5.0,1.0,18.94,23.42,4.0,1
63.0,90.31,25.38,2.0,1.0,62.52,33.35,4.0,1
49.0,61.27,68.33,0.0,1.0,28.0,16.39,3.0,0
70.0,89.33,65.73,1.0,0.0,22.86,31.0,4.0,0
22.0,33.91,17.14,0.0,0.0,33.9,34.78,2.0,0
72.0,52.16,56.26,4.0,1.0,89.89,6.45,4.0,1
71.0,82.04,76.89,1.0,1.0,24.76,54.75,3.0,0
39.0,42.34,16.05,1.0,0.0,2.71,51.58,2.0,0
28.0,15.0,89.81,3.0,0.0,78.9,22.64,1.0,1
72.0,28.27,100.0,1.0,0.0,10.19,33.08,2.0,0
68.0,121.67,24.61,6.0,1.0,98.09,63.78,4.0,1
68.0,15.0,100.0,0.0,1.0,36.56,5.42,1.0,0
4.0,57.0,45.5,0.0,3.0,54.61,46.22,3.0,0
24.0,66.62,40.98,0.0,0.0,29.15,44.34,3.0,0
30.0,112.95,40.31,10.0,1.0,44.65,46.17,7.0,1
72.0,117.15,50.98,3.0,1.0,26.98,41.57,5.0,0
72.0,97.88,34.47,2.0,3.0,96.44,48.96,3.0,1
54.0,44.85,59.43,1.0,1.0,62.22,6.21,3.0,0
38.0,76.66,36.29,0.0,2.0,24.51,61.29,2.0,0
32.0,82.43,48.5,0.0,3.0,51.51,42.98,3.0,0
12.0,54.9,19.29,2.0,0.0,18.86,38.92,3.0,0
38.0,44.26,0.0,0.0,2.0,33.6,60.57,1.0,0
24.0,47.63,22.99,0.0,2.0,55.96,53.73,2.0,0
46.0,32.37,67.1,4.0,1.0,31.55,18.37,3.0,1
72.0,91.17,20.28,7.0,2.0,72.61,20.81,5.0,1
42.0,68.18,66.87,2.0,1.0,40.33,0.0,5.0,0
72.0,147.91,45.86,3.0,2.0,12.57,54.15,5.0,0
72.0,42.37,92.07,3.0,1.0,24.15,28.97,2.0,0
46.0,71.46,58.58,0.0,1.0,37.81,40.71,2.0,0
19.0,17.95,32.73,4.0,3.0,1.83,28.72,3.0,0
72.0,70.73,51.64,1.0,1.0,24.41,20.1,3.0,1
58.0,103.68,26.23,0.0,1.0,74.21,32.49,4.0,1
3.0,15.0,73.01,2.0,1.0,34.07,17.08,3.0,0
5.0,67.42,18.25,2.0,2.0,10.39,38.93,4.0,0
49.0,69.17,0.0,0.0,2.0,42.63,64.64,1.0,0
63.0,85.4,34.75,4.0,1.0,70.34,36.53,4.0,1
72.0,15.0,83.93,3.0,1.0,49.03,50.1,1.0,1
63.0,66.26,57.51,5.0,1.0,16.32,38.37,4.0,1
45.0,87.9,41.23,2.0,1.0,76.17,33.48,4.0,1
64.0,96.34,63.09,1.0,0.0,30.0,53.9,3.0,0
57.0,94.69,59.25,2.0,1.0,13.69,8.77,5.0,0
54.0,98.14,23.26,5.0,1.0,53.13,43.29,4.0,1
21.0,58.24,51.88,0.0,1.0,8.09,40.26,3.0,0
38.0,91.49,37.62,0.0,1.0,2.52,74.8,2.0,0
60.0,113.76,49.58,0.0,2.0,30.54,65.53,4.0,0
26.0,42.94,35.12,2.0,0.0,11.56,47.74,3.0,0
1.0,29.28,42.35,4.0,0.0,31.16,9.99,5.0,0
29.0,62.57,39.94,2.0,3.0,0.0,46.08,4.0,0
72.0,63.65,55.4,0.0,0.0,25.4,46.6,2.0,1
49.0,47.87,7.7,0.0,1.0,26.54,62.68,1.0,0
1.0,65.33,64.26,0.0,0.0,59.79,38.34,4.0,0
30.0,83.07,30.25,0.0,0.0,11.79,59.22,3.0,0
72.0,58.23,72.84,0.0,0.0,5.42,63.71,1.0,1
72.0,95.33,67.22,3.0,1.0,17.36,28.27,5.0,0
40.0,102.98,11.97,4.0,1.0,42.12,63.9,4.0,1
46.0,102.55,41.56,4.0,1.0,65.8,37.15,5.0,1
39.0,104.12,42.63,2.0,0.0,51.41,20.24,5.0,0
44.0,31.75,64.46,3.0,1.0,35.14,48.01,2.0,1
72.0,123.99,46.43,3.0,0.0,10.61,41.53,5.0,0
25.0,15.0,82.46,5.0,2.0,51.09,0.0,4.0,1
70.0,73.01,75.05,2.0,0.0,23.34,26.41,4.0,0
72.0,88.77,79.6,0.0,3.0,0.0,54.85,3.0,0
8.0,84.5,21.15,0.0,1.0,55.01,37.01,4.0,0
36.0,83.75,62.9,1.0,0.0,42.19,22.57,5.0,0
52.0,15.0,53.31,7.0,3.0,100.0,0.0,3.0,1
2.0,15.0,33.05,3.0,2.0,54.7,23.33,3.0,0
23.0,76.93,24.59,6.0,1.0,22.78,28.41,5.0,1
14.0,46.9,46.56,1.0,2.0,14.36,37.58,3.0,0
40.0,136.53,42.9,0.0,0.0,30.1,81.82,4.0,0
68.0,56.0,87.48,0.0,0.0,30.87,36.45,3.0,0
33.0,22.53,88.89,0.0,2.0,49.62,28.8,2.0,0
72.0,66.21,63.47,5.0,0.0,6.33,51.03,3.0,1
3.0,60.93,30.72,3.0,0.0,4.89,38.07,4.0,0
48.0,20.05,43.3,2.0,3.0,49.19,3.81,3.0,1
41.0,132.84,31.47,0.0,1.0,0.0,76.82,4.0,0
4.0,29.93,19.73,1.0,1.0,64.49,41.19,2.0,0
12.0,65.74,15.83,0.0,1.0,15.78,35.0,4.0,0
10.0,55.66,33.13,0.0,2.0,42.7,44.96,3.0,0
10.0,53.67,41.05,0.0,0.0,49.14,52.5,3.0,0
1.0,70.39,41.2,0.0,1.0,68.27,45.26,4.0,0
11.0,42.67,59.35,2.0,2.0,0.0,28.92,4.0,0
5.0,15.0,16.83,1.0,1.0,63.3,11.07,2.0,0
24.0,42.62,38.07,0.0,1.0,45.21,48.93,2.0,0
34.0,113.68,0.66,0.0,1.0,10.2,67.02,3.0,0
51.0,90.9,56.29,0.0,1.0,33.54,56.76,3.0,0
4.0,15.0,39.54,3.0,0.0,46.29,24.67,3.0,0
43.0,25.41,69.84,3.0,0.0,36.52,41.12,2.0,1
17.0,15.0,24.92,3.0,2.0,27.29,29.0,2.0,0
40.0,146.31,33.57,1.0,0.0,39.87,58.92,6.0,0
36.0,155.94,14.11,0.0,0.0,40.17,53.09,5.0,0
32.0,34.42,30.31,1.0,0.0,11.21,40.73,2.0,0
1.0,28.1,58.28,1.0,0.0,75.45,9.73,5.0,0
72.0,15.1,100.0,0.0,0.0,33.3,21.77,1.0,0
43.0,75.67,25.02,6.0,1.0,52.06,57.39,4.0,1
14.0,106.02,53.39,0.0,2.0,48.18,66.06,4.0,0
45.0,84.66,49.21,0.0,0.0,39.08,25.96,4.0,0
72.0,130.71,28.43,8.0,0.0,100.0,44.32,5.0,1
70.0,64.2,67.49,1.0,1.0,0.0,86.99,1.0,1
59.0,73.71,72.79,4.0,2.0,100.0,11.39,5.0,1
38.0,142.78,32.11,1.0,0.0,35.98,47.34,6.0,0
1.0,15.0,12.91,0.0,0.0,100.0,27.06,2.0,0
72.0,104.14,63.53,2.0,0.0,13.77,57.4,3.0,0
47.0,57.08,52.31,4.0,1.0,23.3,80.11,2.0,1
63.0,15.0,90.9,4.0,2.0,91.54,0.0,2.0,1
20.0,50.24,70.15,0.0,1.0,46.93,52.45,2.0,0
1.0,57.48,21.96,1.0,1.0,60.37,43.36,4.0,0
67.0,104.49,54.89,4.0,0.0,26.79,29.31,5.0,0
19.0,24.4,47.22,1.0,1.0,29.12,32.46,3.0,0
18.0,54.89,19.05,0.0,2.0,53.32,51.02,2.0,0
63.0,92.35,58.06,0.0,3.0,36.54,67.34,2.0,0
1.0,48.96,33.74,2.0,3.0,20.97,30.96,4.0,0
72.0,72.37,72.21,2.0,1.0,24.2,23.67,4.0,0
47.0,92.76,47.78,0.0,4.0,39.68,42.23,3.0,0
59.0,15.0,63.5,3.0,1.0,89.54,22.15,1.0,1
72.0,71.2,81.51,2.0,1.0,0.0,35.02,3.0,0
52.0,88.32,67.27,2.0,1.0,33.22,35.76,4.0,0
36.0,55.0,45.73,5.0,2.0,35.43,29.22,4.0,1
1.0,94.08,59.45,2.0,2.0,0.0,29.67,6.0,0
72.0,29.15,82.15,2.0,2.0,55.83,15.89,2.0,1
62.0,103.31,45.36,7.0,1.0,89.96,40.56,5.0,1
59.0,56.03,72.03,1.0,0.0,46.55,11.1,4.0,0
22.0,89.57,22.66,0.0,2.0,41.75,62.81,3.0,0
63.0,92.44,38.45,6.0,2.0,96.27,65.56,3.0,1
66.0,70.79,79.51,0.0,1.0,32.32,49.04,3.0,0
31.0,44.95,5.1,0.0,1.0,48.95,54.42,1.0,0
66.0,87.73,64.99,2.0,2.0,29.54,37.01,4.0,0
58.0,139.3,36.63,4.0,0.0,24.37,35.78,6.0,0
22.0,54.06,49.63,3.0,1.0,0.0,44.95,4.0,0
72.0,82.5,57.06,1.0,1.0,25.54,45.1,3.0,0
50.0,98.35,59.23,0.0,1.0,40.3,62.79,3.0,0
45.0,110.62,50.71,3.0,0.0,93.0,43.73,5.0,1
24.0,73.37,37.16,9.0,1.0,15.58,39.84,5.0,1
44.0,83.0,14.86,3.0,0.0,7.56,34.36,4.0,1
71.0,80.23,65.99,1.0,1.0,27.81,40.02,3.0,0
61.0,87.11,70.65,0.0,2.0,29.59,75.01,2.0,0
1.0,23.57,56.06,2.0,0.0,51.74,33.41,3.0,0
36.0,63.93,46.79,3.0,0.0,17.95,23.13,4.0,1
65.0,44.16,82.6,0.0,2.0,34.38,38.98,2.0,0
27.0,15.0,48.91,1.0,0.0,12.0,39.4,2.0,0
56.0,32.88,41.01,5.0,2.0,44.14,4.82,3.0,1
16.0,15.0,43.55,3.0,0.0,38.45,31.21,2.0,0
72.0,35.0,52.83,6.0,0.0,74.35,26.53,2.0,1
11.0,26.21,2.28,0.0,2.0,74.42,30.48,2.0,0
70.0,72.73,76.62,5.0,2.0,33.11,16.14,5.0,0
26.0,71.12,43.09,4.0,2.0,3.19,44.66,4.0,1
72.0,90.64,67.26,0.0,2.0,100.0,0.0,3.0,1
57.0,15.0,77.94,3.0,1.0,49.55,51.68,1.0,1
72.0,44.03,99.73,0.0,0.0,14.11,51.46,1.0,0
19.0,69.06,47.92,0.0,3.0,20.15,56.34,3.0,0
59.0,135.6,49.31,1.0,0.0,10.75,60.72,5.0,0
52.0,49.58,47.3,5.0,3.0,45.09,33.6,3.0,1
72.0,71.46,75.8,2.0,1.0,9.93,33.71,3.0,0
20.0,43.48,33.52,1.0,0.0,21.65,43.81,3.0,0
1.0,22.79,33.01,2.0,1.0,83.15,12.49,4.0,0
46.0,70.07,36.84,4.0,0.0,84.58,47.42,3.0,1
55.0,47.6,80.4,3.0,1.0,0.69,39.91,3.0,1
61.0,83.78,32.46,1.0,0.0,73.5,32.14,3.0,1
48.0,87.66,16.24,0.0,1.0,19.46,84.69,1.0,0
1.0,50.9,23.32,4.0,1.0,34.46,30.99,5.0,0
33.0,18.4,70.68,3.0,0.0,31.48,63.42,2.0,1
48.0,75.29,58.17,0.0,1.0,51.45,34.26,4.0,0
72.0,128.01,49.32,2.0,0.0,10.02,40.67,5.0,0
39.0,151.33,35.05,3.0,0.0,25.9,40.65,7.0,0
29.0,15.0,89.61,1.0,2.0,27.47,52.5,1.0,1
60.0,86.16,59.08,0.0,0.0,27.52,49.5,3.0,0
20.0,59.34,39.55,3.0,0.0,0.0,59.1,3.0,0
56.0,100.11,34.75,4.0,0.0,69.69,28.1,5.0,1
54.0,99.27,29.19,2.0,2.0,85.71,52.01,4.0,1
2.0,99.17,66.42,0.0,1.0,7.84,43.66,5.0,0
71.0,63.54,34.6,6.0,0.0,52.0,66.64,2.0,1
57.0,106.88,56.15,2.0,0.0,18.38,30.03,5.0,0
19.0,17.73,0.0,3.0,1.0,44.26,35.96,2.0,0
19.0,26.11,23.64,0.0,0.0,54.31,37.29,2.0,0
33.0,15.21,51.29,0.0,2.0,35.03,36.97,1.0,0
62.0,87.37,62.1,0.0,0.0,24.92,67.43,2.0,0
23.0,72.26,21.74,1.0,0.0,9.32,50.8,3.0,0
58.0,88.38,43.57,8.0,3.0,74.35,27.44,5.0,1
45.0,85.54,27.97,4.0,3.0,33.99,32.61,4.0,1
14.0,58.32,29.83,2.0,3.0,0.0,41.65,4.0,0
32.0,45.19,61.63,4.0,1.0,20.99,62.26,3.0,1
26.0,40.17,12.09,0.0,1.0,53.73,60.52,1.0,0
45.0,147.65,31.67,0.0,0.0,22.01,66.13,5.0,0
40.0,92.51,54.77,0.0,0.0,37.05,52.96,3.0,0
28.0,44.17,27.44,0.0,1.0,20.57,50.24,2.0,0
12.0,126.4,28.73,0.0,1.0,49.31,72.58,4.0,0
72.0,58.45,74.33,1.0,1.0,33.12,36.63,3.0,0
68.0,47.04,31.15,1.0,2.0,36.75,0.0,3.0,1
63.0,107.63,71.76,0.0,2.0,10.14,71.33,3.0,0
72.0,129.84,17.49,4.0,2.0,0.0,86.47,3.0,1
52.0,91.01,0.47,3.0,0.0,35.05,42.18,4.0,1
52.0,59.48,79.57,1.0,0.0,42.11,28.29,4.0,0
19.0,61.88,43.13,0.0,2.0,48.24,63.56,2.0,0
51.0,99.61,37.76,2.0,4.0,76.02,38.64,4.0,1
52.0,59.54,35.98,5.0,4.0,40.41,6.2,4.0,1
54.0,103.3,59.13,4.0,1.0,29.98,13.99,6.0,0
17.0,15.0,27.17,0.0,1.0,70.7,36.89,2.0,0
39.0,24.26,22.14,0.0,2.0,40.94,44.13,1.0,0
58.0,95.48,45.14,0.0,1.0,85.8,34.37,4.0,1
68.0,80.43,63.43,0.0,0.0,27.09,56.98,2.0,0
56.0,95.17,62.67,2.0,1.0,29.88,35.38,4.0,0
42.0,50.4,60.01,0.0,2.0,72.78,25.59,3.0,1
23.0,160.0,6.36,0.0,3.0,50.95,59.21,6.0,0
61.0,67.91,83.93,0.0,2.0,23.14,56.47,2.0,0
9.0,26.01,56.77,5.0,1.0,0.0,31.12,4.0,0
49.0,15.0,70.36,4.0,1.0,100.0,0.0,3.0,1
2.0,16.02,1.8,1.0,0.0,53.53,14.26,3.0,0
32.0,65.24,0.0,0.0,0.0,49.66,60.39,2.0,0
29.0,52.33,53.16,0.0,2.0,37.33,50.42,2.0,0
67.0,78.28,41.43,6.0,1.0,23.35,38.46,4.0,1
62.0,142.68,35.75,1.0,1.0,22.17,52.18,5.0,0
14.0,34.49,26.04,1.0,2.0,17.67,23.4,3.0,0
21.0,110.33,45.71,0.0,3.0,41.77,51.81,4.0,0
64.0,76.95,81.59,0.0,2.0,17.9,48.95,3.0,0
15.0,26.48,37.02,0.0,2.0,75.86,47.5,2.0,0
20.0,77.58,53.79,0.0,1.0,36.71,51.08,3.0,0
27.0,55.06,38.33,0.0,0.0,52.89,61.84,2.0,0
44.0,109.73,50.96,2.0,2.0,38.64,47.81,5.0,0
51.0,160.0,28.65,2.0,1.0,10.03,54.07,6.0,0
64.0,65.61,46.89,10.0,1.0,62.26,0.0,6.0,1
38.0,92.57,23.71,0.0,0.0,0.0,60.23,3.0,0
22.0,78.25,68.92,0.0,1.0,0.0,47.06,4.0,0
28.0,72.98,33.32,1.0,1.0,0.0,44.12,4.0,0
68.0,26.01,69.79,1.0,3.0,48.59,31.34,2.0,1
63.0,152.07,53.7,2.0,1.0,100.0,63.7,5.0,1
1.0,63.01,34.9,2.0,0.0,36.54,42.77,4.0,0
14.0,84.8,30.44,1.0,0.0,5.16,60.29,4.0,0
72.0,94.59,82.35,3.0,0.0,10.8,64.19,3.0,0
25.0,153.89,20.57,3.0,2.0,35.76,13.72,8.0,0
44.0,81.83,47.61,0.0,2.0,0.0,75.56,2.0,1
34.0,106.18,40.19,0.0,1.0,45.1,64.23,3.0,0
19.0,35.03,3.67,2.0,0.0,18.95,33.4,3.0,0
58.0,91.93,62.08,4.0,0.0,25.59,0.0,6.0,0
66.0,118.69,58.73,4.0,4.0,19.4,44.66,5.0,0
51.0,63.46,0.0,0.0,1.0,0.07,64.11,1.0,0
41.0,120.58,49.47,0.0,1.0,30.68,46.2,5.0,0
12.0,53.08,31.93,0.0,2.0,21.32,21.52,4.0,0
8.0,16.62,39.49,1.0,1.0,68.67,29.78,2.0,0
46.0,67.02,76.48,0.0,2.0,37.13,48.98,3.0,0
63.0,15.0,93.35,3.0,0.0,34.75,36.29,2.0,1
1.0,26.77,34.87,2.0,3.0,56.22,27.67,3.0,0
57.0,95.02,46.5,2.0,3.0,42.81,23.52,5.0,0
31.0,137.66,29.48,0.0,2.0,35.6,53.46,5.0,0
1.0,38.2,16.21,2.0,0.0,46.36,35.19,3.0,0
1.0,49.33,22.64,3.0,3.0,55.07,33.85,4.0,0
25.0,119.54,31.82,0.0,1.0,57.25,44.1,5.0,0
58.0,137.52,41.72,2.0,0.0,28.32,58.75,5.0,0
44.0,97.22,34.1,5.0,2.0,0.0,55.87,4.0,1
68.0,26.97,72.83,7.0,2.0,50.58,41.95,2.0,1
6.0,77.28,30.13,0.0,0.0,35.28,40.62,4.0,0
49.0,150.78,28.5,2.0,2.0,32.55,54.67,6.0,0
20.0,37.17,45.06,2.0,1.0,0.0,27.99,3.0,0
16.0,79.73,29.13,0.0,0.0,37.57,67.16,3.0,0
54.0,58.6,81.23,0.0,1.0,34.61,37.61,3.0,0
57.0,109.04,49.1,0.0,2.0,33.06,52.77,4.0,0
72.0,55.98,85.08,5.0,3.0,22.38,26.84,3.0,0
48.0,89.11,57.41,0.0,1.0,46.42,32.78,4.0,0
59.0,77.13,46.61,5.0,3.0,12.07,33.65,4.0,1
44.0,121.94,44.23,0.0,2.0,28.54,58.37,4.0,0
48.0,44.9,52.2,4.0,2.0,41.93,23.1,3.0,1
72.0,80.93,74.48,1.0,0.0,17.9,56.0,2.0,0
35.0,68.13,30.96,8.0,1.0,36.78,46.08,4.0,1
72.0,52.45,88.74,0.0,0.0,17.96,51.46,2.0,0
70.0,86.32,50.31,1.0,2.0,35.49,28.48,4.0,0
69.0,79.86,38.18,3.0,2.0,62.86,13.38,4.0,1
72.0,15.0,88.04,1.0,1.0,56.01,50.18,1.0,1
67.0,59.29,41.78,4.0,0.0,82.38,23.83,3.0,1
49.0,39.99,17.82,0.0,1.0,15.91,56.73,1.0,0
72.0,86.56,77.81,3.0,1.0,2.26,37.22,4.0,0
41.0,72.98,38.68,4.0,0.0,7.16,77.19,3.0,1
72.0,121.73,51.25,1.0,1.0,10.39,45.9,4.0,0
1.0,47.41,30.37,1.0,1.0,62.93,35.1,4.0,0
68.0,63.33,29.84,0.0,3.0,45.87,3.93,3.0,1
8.0,30.83,34.27,0.0,1.0,44.08,24.56,3.0,0
72.0,58.39,72.49,0.0,0.0,26.81,42.39,2.0,0
6.0,53.65,52.18,1.0,0.0,2.36,28.02,4.0,0
43.0,85.18,44.22,0.0,0.0,49.3,37.9,3.0,0
17.0,15.0,15.27,3.0,0.0,27.86,26.24,2.0,0
3.0,15.0,26.9,3.0,2.0,79.91,30.04,2.0,0
20.0,74.83,69.78,0.0,0.0,45.63,54.53,3.0,0
72.0,74.58,48.8,1.0,2.0,45.02,22.58,3.0,0
72.0,90.4,75.95,2.0,3.0,13.63,50.01,4.0,0
51.0,103.4,60.62,0.0,2.0,20.83,67.59,3.0,0
54.0,82.48,29.92,0.0,2.0,9.52,75.36,1.0,0
55.0,92.42,82.2,0.0,0.0,12.7,53.29,4.0,0
17.0,109.55,50.51,2.0,2.0,57.14,29.4,6.0,0
15.0,55.03,39.91,0.0,0.0,56.55,51.65,3.0,0
72.0,74.9,59.13,4.0,1.0,10.06,50.76,3.0,1
50.0,116.68,37.37,7.0,1.0,71.46,43.74,6.0,1
29.0,96.63,62.09,0.0,0.0,43.15,59.37,4.0,0
43.0,80.13,29.56,0.0,1.0,55.18,79.7,1.0,0
47.0,75.45,30.12,8.0,2.0,54.44,28.91,5.0,1
1.0,15.0,50.04,4.0,1.0,27.42,3.21,4.0,0
49.0,15.0,70.97,9.0,0.0,98.23,5.67,3.0,1
26.0,32.84,6.69,0.0,1.0,54.5,43.45,2.0,0
38.0,108.54,43.31,7.0,2.0,63.07,42.12,6.0,1
10.0,62.82,38.79,2.0,1.0,2.26,42.61,4.0,0
43.0,103.45,63.66,0.0,1.0,28.02,47.43,4.0,0
33.0,93.16,9.12,4.0,2.0,32.76,74.18,3.0,1
36.0,47.1,0.0,0.0,0.0,44.96,57.2,1.0,0
51.0,63.33,43.42,4.0,1.0,76.89,39.37,3.0,1
20.0,26.63,39.02,0.0,3.0,47.4,32.63,2.0,0
12.0,15.0,18.43,3.0,0.0,8.45,18.62,3.0,0
69.0,16.78,83.99,0.0,1.0,46.93,30.54,1.0,1
40.0,100.31,16.06,1.0,1.0,61.15,66.93,3.0,1
44.0,86.04,30.81,6.0,2.0,72.42,51.01,4.0,1
48.0,139.1,31.54,0.0,3.0,27.35,48.92,5.0,0
12.0,15.0,43.46,4.0,0.0,34.04,24.02,2.0,0
16.0,15.0,41.42,2.0,2.0,20.85,24.5,2.0,0
53.0,15.0,93.01,0.0,0.0,20.95,88.33,1.0,1
70.0,75.87,49.91,6.0,1.0,11.56,79.67,3.0,0
72.0,96.28,82.37,5.0,1.0,0.0,49.74,3.0,0
34.0,32.84,72.37,1.0,0.0,15.73,66.59,2.0,1
1.0,34.65,33.02,2.0,2.0,74.25,19.34,4.0,0
26.0,50.76,0.0,2.0,2.0,12.6,49.0,2.0,0
72.0,60.96,79.97,1.0,0.0,23.27,30.13,3.0,0
28.0,117.66,43.7,0.0,1.0,41.84,67.68,4.0,0
72.0,66.8,73.49,1.0,3.0,37.25,35.7,3.0,0
12.0,84.73,26.33,0.0,1.0,59.46,64.03,3.0,0
34.0,64.79,52.07,0.0,1.0,50.07,34.63,3.0,0
48.0,79.88,0.0,8.0,2.0,11.15,56.06,3.0,1
65.0,113.89,53.37,1.0,1.0,27.53,58.6,4.0,0
41.0,52.63,39.31,5.0,0.0,48.69,28.84,4.0,1
72.0,37.94,81.72,0.0,0.0,27.08,20.98,2.0,0
32.0,99.17,49.39,0.0,1.0,50.25,51.89,4.0,0
16.0,84.3,53.17,0.0,1.0,61.2,36.67,4.0,0
3.0,73.37,34.09,0.0,1.0,46.73,40.48,4.0,0
65.0,46.53,32.91,7.0,2.0,47.62,0.0,4.0,1
65.0,85.71,66.14,1.0,0.0,27.68,37.0,4.0,0
45.0,84.4,52.51,0.0,0.0,34.6,6.84,5.0,0
51.0,109.46,43.94,2.0,1.0,33.08,19.72,5.0,0
43.0,90.65,67.62,2.0,0.0,38.06,22.34,5.0,0
9.0,15.69,49.11,5.0,2.0,0.0,25.64,3.0,0
30.0,38.91,24.27,1.0,2.0,21.61,55.37,2.0,0
12.0,15.0,49.79,2.0,0.0,58.59,26.07,2.0,0
6.0,47.06,25.59,0.0,2.0,70.58,41.37,3.0,0
9.0,71.65,37.34,0.0,3.0,49.49,42.79,3.0,0
47.0,94.85,40.85,3.0,2.0,75.78,55.1,4.0,1
58.0,71.99,22.87,6.0,2.0,60.42,5.5,5.0,1
10.0,65.38,13.17,0.0,0.0,46.31,48.64,3.0,0
30.0,82.67,60.7,0.0,1.0,37.08,47.26,3.0,0
48.0,107.15,39.38,0.0,2.0,44.35,43.13,4.0,0
15.0,56.16,26.98,0.0,0.0,19.34,42.2,3.0,0
28.0,80.68,52.19,0.0,0.0,50.08,67.64,2.0,0
16.0,118.93,31.59,0.0,2.0,46.33,34.5,5.0,0
44.0,142.33,40.64,1.0,0.0,23.13,62.81,5.0,0
1.0,85.05,49.41,0.0,2.0,64.34,39.26,5.0,0
27.0,103.39,17.91,1.0,1.0,35.03,73.25,4.0,1
72.0,86.88,73.15,0.0,2.0,6.91,51.81,3.0,0
64.0,129.46,26.26,0.0,1.0,100.0,74.75,3.0,1
35.0,15.0,92.89,2.0,1.0,36.79,14.42,3.0,1
67.0,92.49,56.27,0.0,1.0,22.83,48.52,3.0,0
28.0,33.01,72.07,0.0,0.0,11.14,55.37,2.0,1
31.0,63.03,29.98,0.0,1.0,30.17,65.67,2.0,0
1.0,41.43,40.88,3.0,1.0,46.17,6.01,6.0,0
17.0,52.01,21.4,0.0,2.0,58.13,47.46,2.0,0
72.0,106.55,65.37,1.0,1.0,17.9,60.39,3.0,0
34.0,34.15,1.25,0.0,0.0,68.03,50.11,1.0,0
72.0,51.58,81.31,1.0,0.0,19.93,30.13,2.0,0
44.0,54.96,29.08,1.0,0.0,23.95,5.87,4.0,1
51.0,69.54,44.2,5.0,3.0,71.58,9.04,5.0,1
1.0,44.97,47.21,1.0,0.0,32.18,29.94,4.0,0
29.0,89.08,42.09,0.0,1.0,0.0,55.93,3.0,0
72.0,89.16,83.15,3.0,0.0,14.79,54.45,3.0,0
46.0,81.14,62.33,0.0,0.0,39.64,58.57,3.0,0
60.0,70.6,71.61,0.0,2.0,32.83,30.35,3.0,0
27.0,87.16,19.88,0.0,2.0,0.77,54.8,3.0,0
33.0,56.17,3.54,0.0,1.0,22.03,62.32,2.0,0
35.0,144.45,36.76,0.0,1.0,38.64,78.05,5.0,0
1.0,15.0,26.62,4.0,0.0,66.96,22.53,3.0,0
16.0,67.69,59.57,0.0,1.0,24.02,51.31,3.0,0
1.0,42.54,26.06,5.0,0.0,19.37,12.56,5.0,0
70.0,100.42,15.84,6.0,0.0,67.61,52.18,4.0,1
24.0,34.98,23.12,0.0,1.0,66.97,50.71,1.0,0
54.0,76.07,70.75,0.0,2.0,32.81,49.08,3.0,0
23.0,54.28,56.19,0.0,0.0,12.85,47.83,3.0,0
33.0,72.45,16.56,0.0,1.0,17.82,58.63,2.0,0
54.0,93.09,44.17,0.0,1.0,74.5,36.29,4.0,1
12.0,15.84,4.95,1.0,0.0,71.92,32.8,2.0,0
70.0,96.29,74.13,1.0,0.0,16.52,52.92,4.0,0
45.0,53.46,40.28,9.0,1.0,51.58,21.23,5.0,1
45.0,99.62,58.05,1.0,2.0,100.0,45.22,4.0,1
29.0,16.87,20.36,0.0,3.0,43.63,42.3,1.0,0
28.0,55.96,54.45,0.0,0.0,19.23,55.79,2.0,0
28.0,147.12,27.03,0.0,0.0,37.65,66.18,5.0,0
11.0,63.84,11.43,0.0,2.0,41.6,42.71,3.0,0
1.0,74.04,43.97,0.0,2.0,30.4,32.59,5.0,0
48.0,33.5,61.13,5.0,1.0,33.15,54.0,2.0,1
12.0,38.79,30.37,4.0,2.0,0.0,26.37,4.0,0
24.0,42.83,45.55,0.0,1.0,46.12,48.93,2.0,0
58.0,84.94,62.28,2.0,1.0,29.4,16.81,5.0,0
41.0,111.36,33.42,0.0,3.0,0.0,70.19,3.0,0
1.0,36.12,31.84,4.0,2.0,15.61,7.15,5.0,0
72.0,23.23,87.7,2.0,1.0,39.56,51.98,1.0,1
55.0,28.8,97.8,0.0,2.0,37.45,26.36,2.0,0
25.0,148.31,26.54,0.0,0.0,46.11,59.06,6.0,0
1.0,38.71,46.42,3.0,1.0,12.37,17.41,4.0,0
47.0,43.6,77.37,0.0,0.0,52.7,23.26,3.0,0
72.0,108.21,64.15,5.0,0.0,18.91,31.29,5.0,0
57.0,137.98,44.97,4.0,0.0,100.0,71.66,5.0,1
1.0,43.28,40.69,1.0,1.0,16.65,20.89,4.0,0
46.0,86.69,62.33,0.0,1.0,25.18,18.05,5.0,0
72.0,105.02,57.55,0.0,0.0,21.5,64.03,3.0,0
27.0,15.0,52.97,2.0,0.0,6.44,32.07,2.0,0
34.0,156.93,28.59,8.0,2.0,71.11,78.02,6.0,1
72.0,47.55,86.56,0.0,0.0,28.5,50.28,1.0,0
14.0,93.73,55.08,0.0,2.0,0.0,40.46,5.0,0
72.0,83.03,78.27,0.0,0.0,14.11,56.83,3.0,0
45.0,60.91,46.1,0.0,1.0,22.17,63.83,1.0,0
1.0,40.83,33.73,0.0,0.0,91.33,35.58,3.0,0
12.0,122.93,36.78,0.0,1.0,67.27,55.33,5.0,0
9.0,31.39,52.4,0.0,0.0,50.37,38.52,3.0,0
72.0,77.6,79.52,4.0,1.0,2.85,20.62,4.0,0
60.0,78.2,59.28,0.0,0.0,43.38,53.65,3.0,0
3.0,120.13,19.38,0.0,1.0,62.87,33.22,5.0,0
18.0,133.26,36.94,0.0,0.0,35.33,49.03,5.0,0
52.0,103.85,50.17,1.0,2.0,76.68,28.91,5.0,1
69.0,60.76,87.03,0.0,3.0,22.48,57.15,2.0,0
44.0,63.03,33.88,7.0,1.0,40.69,24.0,4.0,1
29.0,40.55,11.1,2.0,0.0,15.33,41.07,2.0,0
28.0,46.71,31.14,2.0,1.0,0.0,45.82,3.0,0
18.0,88.46,33.23,0.0,1.0,35.84,56.07,3.0,0
57.0,83.51,60.12,2.0,0.0,36.36,19.44,5.0,0
18.0,25.01,24.74,1.0,2.0,44.63,35.24,2.0,0
16.0,67.46,54.45,1.0,0.0,0.0,37.19,4.0,0
9.0,69.33,33.35,0.0,0.0,77.63,58.69,3.0,0
44.0,91.01,57.37,4.0,1.0,84.96,36.43,5.0,1
63.0,47.97,53.54,1.0,0.0,39.72,51.41,2.0,1
72.0,50.19,43.3,7.0,2.0,74.12,24.17,3.0,1
48.0,55.32,27.7,5.0,1.0,50.67,32.62,3.0,1
46.0,31.52,31.08,1.0,2.0,0.0,53.86,1.0,0
26.0,44.05,55.6,2.0,2.0,25.71,46.37,3.0,1
15.0,49.3,0.0,3.0,0.0,14.07,44.41,3.0,0
50.0,122.18,37.03,1.0,1.0,25.92,23.67,5.0,0
31.0,53.92,28.48,0.0,1.0,23.74,50.41,2.0,0
42.0,15.0,99.12,0.0,2.0,53.02,16.49,2.0,0
31.0,88.53,26.1,0.0,1.0,9.94,61.06,3.0,0
39.0,84.81,57.68,0.0,2.0,42.37,61.18,2.0,0
33.0,44.49,34.4,4.0,2.0,23.71,29.79,3.0,1
23.0,20.82,72.23,2.0,2.0,22.66,39.92,3.0,1
66.0,21.3,81.95,0.0,2.0,34.26,80.72,1.0,1
41.0,79.84,0.0,0.0,1.0,32.56,69.83,1.0,0
32.0,61.85,32.08,1.0,1.0,0.0,46.63,3.0,0
36.0,68.19,60.85,0.0,0.0,38.73,22.75,3.0,0
72.0,82.25,59.22,2.0,2.0,16.75,19.4,4.0,0
65.0,17.13,98.01,2.0,0.0,14.8,52.17,1.0,1
64.0,69.44,37.44,4.0,2.0,36.2,38.42,3.0,1
34.0,101.4,51.48,0.0,3.0,35.75,58.47,3.0,0
62.0,99.41,51.1,3.0,0.0,28.17,21.08,5.0,0
49.0,70.27,79.48,3.0,0.0,37.63,18.47,5.0,0
51.0,55.59,46.84,3.0,0.0,23.24,92.3,1.0,1
52.0,37.83,0.0,0.0,3.0,20.83,56.46,1.0,0
1.0,45.93,19.72,1.0,0.0,55.99,27.12,4.0,0
1.0,34.89,67.1,4.0,0.0,39.06,17.86,5.0,0
41.0,132.12,32.78,0.0,1.0,38.18,50.09,5.0,0
46.0,55.35,0.0,0.0,2.0,25.2,47.55,1.0,0
24.0,95.42,41.54,0.0,1.0,21.28,54.54,4.0,0
64.0,53.63,82.16,3.0,3.0,0.0,59.71,2.0,1
1.0,32.36,54.32,3.0,0.0,20.24,50.87,3.0,1
19.0,53.79,56.48,2.0,0.0,0.0,43.59,4.0,0
72.0,99.11,56.37,0.0,0.0,17.98,55.78,3.0,0
41.0,64.32,15.55,0.0,1.0,35.64,66.36,1.0,0
28.0,130.62,34.51,0.0,0.0,47.0,61.05,5.0,0
65.0,88.05,65.37,1.0,1.0,29.17,36.47,4.0,0
72.0,95.96,48.57,3.0,2.0,100.0,21.83,4.0,1
44.0,81.45,32.13,0.0,4.0,0.0,65.7,3.0,0
3.0,15.0,50.25,4.0,0.0,56.32,11.54,2.0,0
40.0,97.39,39.34,1.0,2.0,57.49,17.02,5.0,0
72.0,73.5,87.21,3.0,0.0,0.0,25.99,4.0,0
54.0,37.32,37.27,0.0,0.0,56.88,70.76,1.0,0
25.0,34.56,45.41,2.0,1.0,0.0,34.37,3.0,0
7.0,75.69,57.3,2.0,1.0,0.0,41.6,5.0,0
2.0,20.66,0.0,1.0,1.0,91.95,30.73,2.0,0
72.0,100.68,65.83,3.0,1.0,7.39,27.54,5.0,0
60.0,15.0,100.0,0.0,0.0,27.14,36.82,1.0,1
53.0,104.15,53.95,4.0,2.0,30.11,2.19,6.0,0
43.0,140.28,45.81,2.0,0.0,27.48,65.21,5.0,0
1.0,27.58,59.58,3.0,1.0,11.37,22.09,4.0,0
32.0,98.63,46.89,0.0,0.0,44.5,41.16,4.0,0
36.0,15.0,95.85,2.0,0.0,71.86,0.0,3.0,1
37.0,85.15,46.71,0.0,1.0,56.28,27.08,4.0,0
72.0,43.63,89.64,1.0,0.0,25.26,40.09,2.0,0
34.0,95.63,27.72,0.0,1.0,41.15,70.1,2.0,0
55.0,102.46,24.71,7.0,2.0,74.78,55.2,4.0,1
57.0,120.02,0.0,5.0,0.0,32.5,66.15,4.0,1
1.0,73.99,35.31,0.0,0.0,55.32,26.12,5.0,0
61.0,119.89,53.47,4.0,2.0,23.21,30.44,6.0,0
17.0,40.34,29.4,3.0,0.0,4.37,33.83,3.0,0
71.0,96.78,64.2,4.0,1.0,100.0,28.92,5.0,1
72.0,94.26,63.2,3.0,1.0,9.98,13.73,5.0,0
66.0,38.06,56.7,6.0,1.0,64.66,9.88,3.0,1
51.0,105.47,13.06,4.0,0.0,31.24,46.09,4.0,1
56.0,75.54,60.86,2.0,1.0,37.46,13.76,4.0,0
31.0,37.72,11.62,0.0,1.0,55.75,53.18,1.0,0
1.0,47.48,35.3,2.0,1.0,52.36,25.11,4.0,0
6.0,40.39,20.95,1.0,0.0,68.26,43.23,3.0,0
64.0,88.97,24.66,5.0,3.0,65.72,62.68,3.0,1
46.0,139.86,42.0,0.0,1.0,15.28,45.0,6.0,0
24.0,108.75,35.99,0.0,1.0,2.39,60.89,4.0,0
1.0,20.66,30.15,4.0,1.0,21.48,11.65,4.0,0
1.0,33.32,38.44,4.0,1.0,10.67,15.33,4.0,0
72.0,55.82,9.26,0.0,0.0,12.76,76.49,1.0,0
54.0,105.43,45.18,1.0,1.0,31.69,30.99,5.0,0
72.0,15.0,98.91,0.0,2.0,30.7,0.0,2.0,0
34.0,75.81,61.25,0.0,3.0,0.0,55.08,3.0,0
62.0,19.58,92.52,2.0,1.0,15.46,55.91,1.0,1
68.0,41.33,63.54,4.0,1.0,68.33,0.0,4.0,1
46.0,58.2,64.75,6.0,0.0,9.31,22.62,5.0,1
33.0,113.46,43.81,2.0,2.0,25.72,0.0,7.0,0
20.0,26.74,37.29,1.0,0.0,43.94,39.28,2.0,0
48.0,105.92,49.11,0.0,0.0,88.38,49.25,4.0,1
72.0,29.38,64.25,3.0,2.0,83.21,5.41,2.0,1
22.0,33.73,54.13,0.0,1.0,90.71,42.53,1.0,0
72.0,61.7,77.03,2.0,1.0,26.75,18.57,3.0,0
67.0,110.1,57.27,1.0,2.0,15.3,49.47,4.0,0
14.0,60.08,48.64,0.0,1.0,34.57,50.06,3.0,0
45.0,68.12,37.81,0.0,2.0,21.02,67.48,1.0,0
21.0,160.0,16.98,0.0,0.0,47.99,62.36,6.0,0
