tenure,monthly_charges,usage_hours,support_calls,late_payments,contract_score,engagement_score,service_count,churn,is_anomaly,anomaly_score,prediction,churn_probability,uncertainty,high_uncertainty,prediction_risk
67.0,51.157152470159176,36.96242093644243,8.0,3.0,56.27,51.02497226026989,2.0,1,1,-0.012259621972519064,1,0.9973346,0.005330801,0,MEDIUM
53.0,117.03829061629426,34.47684846159456,6.0,0.0,67.5,13.175580166442176,5.0,1,0,0.038803079521262274,1,0.97894603,0.04210794,0,LOW
26.0,86.74597848457569,17.49966416727149,1.0,0.0,30.76,38.62524836831092,3.0,0,0,0.12152719914271798,0,0.10210034,0.20420069,0,LOW
28.0,122.97781551296006,47.979952841979866,4.0,1.0,36.3,53.47447159703125,3.0,0,0,0.09415485093446418,0,0.2823056,0.5646112,0,LOW
30.0,93.31032151128196,32.3324488268925,2.0,0.0,47.16,46.97057064600858,2.0,0,0,0.10237442581363132,0,0.38781703,0.77563405,1,MEDIUM
72.0,100.74706065921106,26.401946497868263,4.0,1.0,21.41,44.076868563071656,2.0,1,0,0.0780851688824698,1,0.8530885,0.293823,0,LOW
3.0,79.24018962077315,5.01045916235038,3.0,0.0,46.18,29.916365924782504,4.0,0,0,0.0453218599568983,0,0.05658825,0.113176525,0,LOW
55.0,146.28481418569174,49.43255084210162,5.0,0.0,21.49,58.11728222786025,4.0,0,0,0.04384268737268271,0,0.05030814,0.100616276,0,LOW
31.0,88.42543821863279,41.68310624606144,1.0,1.0,45.11,18.39390775733012,3.0,0,0,0.12097563140099626,0,0.08053548,0.16107094,0,LOW
53.0,97.2304306686062,54.19170827864846,1.0,1.0,37.12,44.81294497182033,2.0,0,0,0.12804348174716046,0,0.02494752,0.04989505,0,LOW
58.0,141.07080677014278,14.94178046843227,2.0,1.0,65.15,35.29463647329344,3.0,1,0,0.053603263424508274,1,0.9810636,0.03787279,0,LOW
34.0,113.90954814093848,34.31368860713281,1.0,0.0,39.29,29.18156539071665,5.0,0,0,0.11067998268575424,0,0.026903551,0.05380708,0,LOW
72.0,86.03047828163518,82.29465598880789,2.0,1.0,10.63,26.762653502478763,3.0,0,0,0.09297833411912221,0,0.0065891882,0.013178349,0,LOW
72.0,45.27964277710628,7.299943905901724,0.0,2.0,27.89,54.89960670849938,1.0,0,0,0.051827683333029784,0,0.05183037,0.10366076,0,LOW
46.0,116.8941409359035,50.300516041684894,0.0,2.0,40.09,47.80827739501734,4.0,0,0,0.13269011481601628,0,0.004005122,0.008010268,0,LOW
36.0,53.20902128221008,22.436612996229904,5.0,2.0,20.57,8.228937897171761,3.0,1,0,0.05639316544920281,1,0.98861104,0.022777915,0,LOW
60.0,93.39617598808614,42.97417792416582,0.0,0.0,27.63,21.071701272914744,3.0,0,0,0.11895427911403916,0,0.086586595,0.17317319,0,LOW
72.0,114.93124733005654,13.575886608928418,8.0,1.0,57.43,13.338325188421573,4.0,1,0,0.00845916488762588,1,0.99848974,0.003020525,0,LOW
72.0,108.93327272198296,66.0898719292087,4.0,0.0,5.57,11.635608113622965,4.0,0,0,0.04153136935926083,0,0.006041334,0.012082696,0,LOW
26.0,19.482290086900623,10.919426916082326,2.0,3.0,23.67,23.735353173478988,1.0,0,0,0.014251912289331425,0,0.011841967,0.023683906,0,LOW
23.0,96.54265205353352,53.4475041214185,3.0,2.0,37.26,39.10270654901591,3.0,0,0,0.10937254383035383,0,0.13949834,0.2789967,0,LOW
29.0,72.63170242184339,34.71581867854969,2.0,0.0,60.11,52.40423427237948,2.0,0,0,0.0937666627759558,0,0.47494915,0.9498983,1,MEDIUM
45.0,109.2523314405684,40.67273747711206,4.0,2.0,47.03,6.322165627821242,5.0,0,0,0.06123362281525008,0,0.4009475,0.801895,1,MEDIUM
40.0,35.458070405282626,40.65034498806804,9.0,1.0,57.02,-8.060965434522867,4.0,1,1,-0.01786151335388131,1,0.99289894,0.014202118,0,MEDIUM
8.0,68.3957404590097,50.46085680386752,0.0,2.0,44.55,45.34612683175592,3.0,0,0,0.11512834492498425,0,0.0007991148,0.001598239,0,LOW
1.0,28.777799174143404,34.65872563469597,2.0,3.0,84.97,17.391248334031264,2.0,0,1,-0.007774765654105398,0,0.0022947066,0.0045894384,0,MEDIUM
1.0,87.515791412894,12.887813749527307,6.0,1.0,26.82,10.438335945888388,4.0,0,0,0.015022978605044535,0,0.13530993,0.27061987,0,LOW
52.0,153.9262556644358,1.4045467830657916,10.0,2.0,0.0,71.25542328639125,5.0,1,1,-0.08265957292008219,1,0.88047785,0.23904431,0,MEDIUM
72.0,77.51986664558363,69.14207686873303,1.0,0.0,27.82,40.31177223975008,2.0,0,0,0.10514180103291376,0,0.041519657,0.083039284,0,LOW
72.0,68.50888140060809,72.1527447346346,1.0,2.0,20.56,38.70414312907829,2.0,0,0,0.09932091111967262,0,0.04406631,0.08813262,0,LOW
49.0,94.67062822776428,13.237230277052651,12.0,0.0,48.62,10.287029140017172,5.0,0,1,-0.017079613617311473,1,0.9964713,0.0070574284,0,MEDIUM
66.0,116.16975394167332,20.8459415600608,6.0,3.0,46.48,12.156122155317885,5.0,1,1,-0.0019939061770305466,1,0.94851804,0.102963924,0,MEDIUM
67.0,162.77299082764853,32.974525133286456,3.0,0.0,7.39,56.850700561559705,4.0,0,0,0.02306941189283196,0,0.03954165,0.07908332,0,LOW
26.0,54.58724083995321,12.861223643294265,1.0,1.0,44.38,22.204330609684103,2.0,0,0,0.10301265522606184,0,0.02373436,0.047468722,0,LOW
66.0,62.28484859790967,58.403432550690624,1.0,2.0,11.45,64.72951747815091,1.0,1,0,0.0706628750333877,1,0.9203043,0.1593914,0,LOW
39.0,99.51988172052047,38.20922941681408,4.0,1.0,37.79,-10.764869929041469,6.0,0,0,0.03616940327573637,0,0.058305338,0.116610646,0,LOW
72.0,119.99528117436124,51.01294056511343,3.0,2.0,21.13,80.33188193894699,2.0,0,0,0.03876391763769205,0,0.2369426,0.47388518,0,LOW
1.0,30.916945561287232,40.58973351726487,4.0,1.0,9.62,2.272890105795873,4.0,0,0,0.03644807796430649,0,0.013193593,0.026387215,0,LOW
30.0,117.86906106706296,37.80222273133719,4.0,0.0,53.44,6.19909320595119,6.0,0,0,0.01864229378041249,0,0.09499106,0.18998212,0,LOW
58.0,133.3708077228806,29.1319759864832,5.0,0.0,95.35,33.02993418202317,5.0,1,0,0.007581320286452198,1,0.9989526,0.0020947456,0,LOW
67.0,100.47275424623734,52.8998841344557,6.0,2.0,35.66,13.128789036468874,4.0,0,0,0.0644310231234777,0,0.08474331,0.16948664,0,LOW
49.0,163.20157844662262,17.675637733827582,4.0,2.0,41.09,29.419617627553748,6.0,0,0,0.014303088242043183,0,0.08249933,0.16499865,0,LOW
50.0,32.45595645156389,77.56395071556162,2.0,3.0,31.06,36.60546265158165,1.0,1,0,0.0315674961925726,1,0.8568471,0.2863058,0,LOW
13.0,106.45837486585938,26.845384242304647,1.0,2.0,35.96,36.999565109202265,3.0,0,0,0.10266179642724887,0,0.019917337,0.03983468,0,LOW
55.0,117.77217370264547,57.02387996904671,0.0,1.0,21.55,57.227362957069786,2.0,0,0,0.10324236104868201,0,0.0027858776,0.0055717826,0,LOW
36.0,47.16191130100931,55.044691994553965,5.0,2.0,24.04,20.952107231284327,3.0,1,0,0.08707558626725276,1,0.9847333,0.030533433,0,LOW
34.0,137.72762047563373,24.121410491235885,4.0,0.0,75.45,61.18095288223709,4.0,1,0,0.04351122429686083,1,0.9946802,0.010639548,0,LOW
67.0,106.25447739310776,62.610541878374285,1.0,1.0,26.35,30.607720539409943,3.0,0,0,0.1256087883656758,0,0.0049399864,0.009879947,0,LOW
62.0,72.09024887968951,80.48360972843713,1.0,2.0,15.24,10.888122831799716,3.0,0,0,0.0720082357902383,0,0.0098493025,0.01969862,0,LOW
18.0,29.34961218717104,27.97667300233747,3.0,0.0,46.03,16.183446512787818,2.0,0,0,0.07460102526154322,0,0.027574023,0.055148065,0,LOW
26.0,86.9815445935137,27.496480421770634,2.0,2.0,7.9,50.61652142757748,3.0,0,0,0.10439302205124396,0,0.17169376,0.34338748,0,LOW
40.0,32.88049541296193,37.18726247402966,2.0,1.0,34.15,31.78250775151515,1.0,0,0,0.10354732641180336,0,0.45181262,0.90362525,1,MEDIUM
39.0,52.66241244899538,13.598116744799787,1.0,1.0,18.59,28.653473258377552,1.0,0,0,0.0909319298591656,0,0.029409416,0.058818817,0,LOW
14.0,86.23776078552652,28.52773561462553,2.0,0.0,16.23,35.15887205228518,4.0,0,0,0.09601774804782803,0,0.036399398,0.07279879,0,LOW
34.0,89.45492814617025,34.37821039609415,1.0,1.0,58.18,16.36657794237012,4.0,1,0,0.11079935881258507,0,0.1522593,0.30451858,0,LOW
20.0,55.247790943225,9.131104684544033,2.0,2.0,61.84,34.120499650671874,2.0,0,0,0.07614225113228967,0,0.039945588,0.079891205,0,LOW
69.0,120.7676669397153,25.289288584477248,8.0,0.0,82.72,32.781568324588775,4.0,1,0,0.003346653037749614,1,0.9994711,0.001057744,0,LOW
68.0,87.61722876153173,56.38236545355496,0.0,0.0,26.8,59.95132355485487,2.0,0,0,0.1068306213947679,0,0.04775878,0.095517576,0,LOW
17.0,55.27147032610786,37.93154571697709,0.0,1.0,55.69,27.86228741341019,2.0,0,0,0.11399160485398241,0,0.0030913595,0.00618273,0,LOW
72.0,130.14598019465916,26.897369107447705,9.0,1.0,100.0,45.72397176646322,4.0,1,1,-0.030983615379287843,1,0.9995819,0.00083625317,0,MEDIUM
57.0,24.05089982687324,26.416951588199183,1.0,0.0,2.87,34.73619218169506,1.0,0,0,0.040474400902736796,0,0.057976097,0.115952194,0,LOW
11.0,40.253555670303214,45.38013856858705,2.0,1.0,31.68,5.967832280541732,3.0,0,0,0.09300188643354568,0,0.005539274,0.0110785365,0,LOW
72.0,95.18886237097814,30.727492638076978,2.0,1.0,61.4,-7.712130799139514,4.0,1,0,0.053843799813052984,1,0.9881114,0.023777246,0,LOW
43.0,137.644609875558,26.588705152877065,3.0,1.0,40.95,12.28810904712742,5.0,0,0,0.06962919722979638,0,0.08897532,0.17795062,0,LOW
25.0,75.76970309116014,18.444983506192244,4.0,1.0,20.38,44.69507297952304,3.0,0,0,0.11505990225214141,1,0.95682704,0.08634591,0,LOW
63.0,82.30228847625939,50.2340947193458,4.0,2.0,38.66,1.289608515520527,4.0,0,0,0.0634736871450376,1,0.62493604,0.7501279,1,MEDIUM
52.0,51.80255230160216,32.362124904632246,5.0,0.0,51.72,2.0309214618163747,3.0,1,0,0.05234049872514446,1,0.9965383,0.006923437,0,LOW
1.0,71.90478268757201,17.55029978662872,2.0,1.0,49.37,17.839985684360236,4.0,0,0,0.07231668777153394,0,0.012917955,0.025835931,0,LOW
44.0,50.78892431668272,45.77447006878327,9.0,1.0,51.06,42.88299098266843,2.0,1,0,0.02827018172584239,1,0.98646915,0.0270617,0,LOW
72.0,30.14690060592052,76.21696464422533,2.0,3.0,18.19,5.3126101937981005,1.0,0,1,-0.016836372565860014,1,0.704813,0.590374,0,MEDIUM
51.0,72.45753797393355,25.367450193820066,7.0,0.0,55.33,24.787022067328884,3.0,1,0,0.07355056355307654,1,0.9988881,0.0022238493,0,LOW
1.0,69.19728856051874,64.72742078821454,2.0,3.0,28.05,1.913617904882852,5.0,0,1,-0.027661981125931212,0,0.01102218,0.02204436,0,MEDIUM
72.0,47.50957845401123,74.09570098653022,6.0,0.0,24.41,29.24919697883381,2.0,0,0,0.049263430946796194,1,0.776733,0.44653404,0,LOW
72.0,62.227148989352585,57.375330933810986,5.0,1.0,40.09,23.84347943893652,2.0,1,0,0.08077751359031232,1,0.945202,0.109596014,0,LOW
64.0,58.96007262291275,48.24911993217785,7.0,2.0,49.58,71.72909504864039,1.0,1,0,0.007647626994578771,1,0.9911646,0.01767075,0,LOW
14.0,31.495205238379587,50.80124243644352,1.0,2.0,54.58,23.10058941020685,2.0,0,0,0.07858089369190463,0,0.033061147,0.06612229,0,LOW
72.0,104.0900606285732,58.13730602443203,5.0,2.0,5.78,25.903480800555528,4.0,0,0,0.06067120556893363,0,0.050326664,0.10065335,0,LOW
64.0,82.98073795299003,49.61343629655495,0.0,1.0,32.23,23.421532112223368,3.0,0,0,0.13648984162790917,0,0.035644714,0.07128942,0,LOW
50.0,70.84819056837495,21.077227584763094,0.0,1.0,48.84,17.352188947787873,2.0,1,0,0.10399304157834655,0,0.23935829,0.4787166,0,LOW
57.0,134.0533423744948,15.895160774405316,7.0,0.0,53.78,23.19138283671421,6.0,1,0,0.002184121522328164,1,0.98505914,0.029881716,0,LOW
54.0,126.44043579273114,39.29180184265078,6.0,0.0,80.71,30.779008748134697,5.0,1,0,0.03319645640270197,1,0.99045044,0.019099116,0,LOW
1.0,34.77852697664891,46.330935861635865,5.0,1.0,53.76,9.42172447813919,4.0,0,0,0.052028430746659526,0,0.035435837,0.07087165,0,LOW
1.0,69.70285682172187,43.04259536126646,4.0,2.0,32.69,20.548599396777007,4.0,0,0,0.07098944041424865,0,0.015781658,0.03156334,0,LOW
14.0,33.655423126724145,30.244553536681867,2.0,1.0,50.76,13.386023634133709,2.0,0,0,0.08279009014230626,0,0.021304809,0.042609632,0,LOW
62.0,131.29939117354968,5.405587110207283,7.0,1.0,24.88,67.19976038274231,3.0,1,0,0.019719204529779488,1,0.98525316,0.02949369,0,LOW
72.0,69.5022079307978,35.25918577775039,8.0,1.0,100.0,16.81513636905851,4.0,1,1,-0.008346488442680822,1,0.99971145,0.00057709217,0,MEDIUM
11.0,53.78480068216753,25.988108486505418,2.0,2.0,52.13,32.39837299934338,3.0,0,0,0.10608505431838267,0,0.031374685,0.062749386,0,LOW
71.0,51.939343620020686,52.6487928617923,5.0,1.0,50.31,20.012166998262387,2.0,1,0,0.07405992486102131,1,0.99426395,0.011472106,0,LOW
45.0,144.69921279842427,17.923077475782254,10.0,2.0,42.38,29.95929390440667,6.0,1,1,-0.02474257264162416,1,0.60854596,0.7829081,1,HIGH
30.0,22.006477655734543,0.0,5.0,1.0,23.86,28.34793669028564,1.0,0,0,0.022960445945291896,0,0.2094928,0.4189856,0,LOW
1.0,118.39001665406302,47.42511161421152,0.0,2.0,31.82,40.975791772398544,5.0,0,0,0.06932359271234373,0,0.0002599816,0.0005199909,0,LOW
18.0,85.97904065753886,0.0,3.0,1.0,0.0,14.772090396269276,4.0,0,0,0.026278765929636405,0,0.012127041,0.024254084,0,LOW
22.0,62.76375980506603,9.93411556784476,2.0,1.0,24.36,45.34822460117579,2.0,0,0,0.11195640387967959,0,0.009258316,0.01851666,0,LOW
63.0,139.40386682811246,24.55458909967454,7.0,0.0,83.11,21.556388202429336,5.0,1,1,-0.004506535839817749,1,0.99762183,0.0047563314,0,MEDIUM
2.0,32.18959170809557,25.693151984994252,5.0,1.0,25.2,16.777067111293775,4.0,0,0,0.061453938378126516,0,0.034055937,0.0681119,0,LOW
55.0,152.22229921174736,22.17998373327397,8.0,2.0,77.99,53.85199446405686,5.0,1,1,-0.009202841424127195,1,0.97659326,0.046813488,0,MEDIUM
55.0,82.53201600427198,13.089623733267254,3.0,3.0,24.36,61.63546009905904,1.0,0,0,0.014287386190924622,1,0.8579618,0.28407645,0,LOW
49.0,67.89864899059569,47.38056976472748,4.0,0.0,32.92,20.74269219472358,3.0,1,0,0.11260955189581001,1,0.94546574,0.10906851,0,LOW
51.0,113.05713183838368,18.428149287265228,0.0,1.0,35.07,27.21014433169087,4.0,1,0,0.11626866748731368,1,0.5648474,0.8703052,1,MEDIUM
32.0,58.892569922499234,13.891779101889671,4.0,1.0,3.85,49.54376848183536,2.0,0,0,0.07590590622019322,0,0.4284637,0.8569274,1,MEDIUM
54.0,84.2512676337406,26.366480128875995,0.0,1.0,16.5,66.84120246552538,1.0,0,0,0.09700357283866229,0,0.014692909,0.029385805,0,LOW
66.0,60.63790286715116,58.84103663723382,0.0,2.0,11.45,51.95190069665559,1.0,1,0,0.07965919405355532,1,0.7326294,0.53474116,0,LOW
52.0,62.23116592970708,58.14277947908709,4.0,2.0,19.53,43.15473281616946,2.0,1,0,0.09860930496361808,1,0.9697261,0.06054783,0,LOW
6.0,160.3052656749575,10.598166212904378,4.0,1.0,57.57,40.254953464136406,6.0,0,1,-0.016077086991777678,0,0.082046725,0.16409343,0,MEDIUM
72.0,48.7468857958066,73.73782537058192,3.0,2.0,26.05,0.8751966535891196,2.0,0,0,0.03104597868656067,0,0.36840382,0.73680764,1,MEDIUM
48.0,62.98233545898588,39.429090916357794,7.0,1.0,45.72,42.59204576077913,3.0,1,0,0.09380668441957846,1,0.995786,0.008427978,0,LOW
54.0,80.76862190861306,30.935812147912515,4.0,0.0,23.53,38.75774547915256,3.0,1,0,0.11539420827850222,1,0.9930467,0.013906598,0,LOW
68.0,79.91662888633778,61.227034223846296,1.0,1.0,26.72,-12.20987198833364,3.0,0,0,0.0830834156055903,0,0.041514456,0.08302891,0,LOW
30.0,51.311672376095096,25.266648625663134,1.0,1.0,12.55,20.60558344362766,2.0,0,0,0.09958940703952784,0,0.018714573,0.037429154,0,LOW
1.0,47.41427270535738,25.44628711595016,4.0,2.0,37.87,-7.557039865721581,4.0,0,0,0.020663984669786473,0,0.32210726,0.6442145,1,MEDIUM
19.0,69.24615878195527,3.284293678441916,0.0,1.0,79.33,43.91872995346395,2.0,0,0,0.06867037962016564,0,0.0021030759,0.0042061806,0,LOW
72.0,160.05254603582574,47.27920068458366,5.0,0.0,14.75,30.503598363484212,6.0,0,1,-0.01159732615179121,0,0.001510499,0.0030210018,0,MEDIUM
72.0,141.1790152983779,52.22858560472344,7.0,1.0,12.35,71.99137801468946,4.0,0,0,0.0215775367420038,0,0.03247581,0.0649516,0,LOW
6.0,48.79564405660218,17.658925205139766,2.0,1.0,94.08,33.050008506373985,2.0,0,0,0.03987341090501029,0,0.0056694536,0.01133889,0,LOW
71.0,79.04595513967914,50.61075800851153,0.0,2.0,29.4,21.19618117481867,2.0,0,0,0.094585932931119,0,0.10921682,0.21843362,0,LOW
58.0,39.03783414820145,73.03859039875205,4.0,1.0,33.2,22.72041524025262,2.0,1,0,0.09361230560089562,1,0.9212431,0.15751386,0,LOW
49.0,163.25581826264823,23.544083440488915,2.0,1.0,38.15,69.42498898214508,4.0,0,0,0.05902721617102591,0,0.2223251,0.44465017,0,LOW
42.0,29.442206311725496,52.71469572357349,4.0,3.0,33.7,-9.676706503089203,3.0,1,0,0.007169605704432369,1,0.9342848,0.13143039,0,LOW
13.0,85.90291774335648,65.41859555642483,4.0,2.0,0.0,87.14516899669839,2.0,1,1,-0.012987823922035568,1,0.9542709,0.0914582,0,MEDIUM
1.0,68.1227333006212,54.70383963059515,3.0,2.0,28.14,12.71166260118626,5.0,0,0,0.04673635323574954,0,0.01409852,0.02819705,0,LOW
39.0,111.3394092494364,14.007434197768363,1.0,0.0,7.97,48.88965803930383,2.0,0,0,0.06963073697647887,0,0.13520154,0.2704031,0,LOW
58.0,179.25211809684504,4.335927166147485,3.0,1.0,56.32,59.7567466478688,5.0,1,0,0.009413887052348135,1,0.93627715,0.1274457,0,LOW
11.0,30.81526498686129,31.19088216574312,3.0,0.0,58.8,9.043684873932255,2.0,0,0,0.04532028166169255,0,0.008427924,0.016855836,0,LOW
67.0,62.63484962674983,49.691166690639925,1.0,2.0,9.67,59.80318789426754,1.0,1,0,0.07429937399712178,1,0.70936,0.58128,0,LOW
49.0,107.15572516589452,4.655618662623418,6.0,2.0,30.17,46.25033032672044,4.0,1,0,0.056287056687681636,1,0.99760336,0.0047932863,0,LOW
65.0,55.79828279793915,40.45397116677568,9.0,1.0,54.82,-12.499070838448748,4.0,1,1,-0.011661162880114762,1,0.99647707,0.007045865,0,MEDIUM
14.0,40.804148200996366,13.777640642431804,4.0,0.0,14.23,0.6816737877103947,3.0,0,0,0.01551733411486722,0,0.22650176,0.45300353,0,LOW
19.0,49.47347351292577,18.61199717235503,3.0,1.0,12.64,17.17971794916572,3.0,0,0,0.08760923843431068,0,0.019554703,0.03910941,0,LOW
72.0,42.44128562353201,76.55085087766956,4.0,0.0,7.4,25.111424475583604,2.0,0,0,0.04251510018214777,1,0.6937597,0.61248064,1,MEDIUM
28.0,125.61776720735408,35.71347284644208,3.0,2.0,42.19,49.19589521045154,4.0,0,0,0.09814660018873678,0,0.15276429,0.30552858,0,LOW
1.0,22.885541624200656,36.42077485412906,4.0,1.0,37.86,13.093465514141323,3.0,0,0,0.07128261312875073,0,0.016879404,0.03375882,0,LOW
60.0,154.21223071042394,33.07048765122493,0.0,0.0,17.18,55.03598757153058,4.0,0,0,0.053158149251811504,0,0.0048710518,0.009742081,0,LOW
40.0,149.02038473989447,6.515668776125276,4.0,2.0,61.6,91.27756362584076,4.0,1,1,-0.023593973377424304,1,0.99485403,0.010291934,0,MEDIUM
31.0,85.47375271962984,36.43008087734152,3.0,1.0,11.81,34.04069954510221,4.0,1,0,0.12180229642413498,1,0.5974846,0.8050308,1,MEDIUM
62.0,70.3867289121698,73.8815655211455,1.0,1.0,24.55,32.37806527337017,2.0,0,0,0.12385505761365817,0,0.025674207,0.05134839,0,LOW
28.0,71.81979748354979,25.42772304706977,3.0,1.0,7.2,33.22957431086947,3.0,0,0,0.10910774907313181,0,0.364423,0.728846,1,MEDIUM
15.0,116.19328628517592,26.178367422988785,1.0,2.0,14.1,35.26564593162878,4.0,0,0,0.08651859455740368,0,0.018053109,0.03610623,0,LOW
4.0,67.65003610496306,25.10422475748975,4.0,0.0,34.29,20.048251382228838,4.0,0,0,0.07420472808060607,0,0.101967804,0.20393562,0,LOW
54.0,112.45254663042618,48.54279291359434,2.0,3.0,24.76,-5.791002021830483,5.0,0,0,0.01682362522155212,0,0.023278942,0.046557903,0,LOW
40.0,65.57969614086484,66.4790378782699,0.0,2.0,37.95,30.00105268515785,2.0,0,0,0.11281844005665226,0,0.009254013,0.018508017,0,LOW
1.0,36.7730523830696,4.508548528278007,4.0,1.0,21.47,-4.152386399269021,4.0,0,1,-0.000768834281280828,0,0.06514278,0.13028556,0,MEDIUM
33.0,145.352610501792,24.63741695226205,3.0,1.0,46.64,23.258678198558133,6.0,0,0,0.0511458378260754,0,0.0062409313,0.012481868,0,LOW
70.0,96.98868509664094,30.894615156735163,3.0,2.0,0.0,33.89372360357738,3.0,1,0,0.07295890124236287,1,0.8362571,0.3274858,0,LOW
45.0,46.44315703884485,49.34316946520629,8.0,0.0,54.88,3.362920743903093,4.0,1,0,0.01176626741564979,1,0.9958358,0.008328438,0,LOW
24.0,66.44476246729401,25.66377256772663,6.0,1.0,56.07,-11.398095902766718,5.0,1,0,0.015793445518077154,1,0.9558382,0.08832359,0,LOW
65.0,138.63776139872184,60.16685306902949,4.0,0.0,16.06,69.82980993352348,4.0,0,0,0.04994816614066655,0,0.046845116,0.09369022,0,LOW
16.0,88.52717195246876,11.672907117878712,1.0,1.0,46.7,33.95691745277513,3.0,0,0,0.10355152684544672,0,0.11914418,0.23828834,0,LOW
64.0,72.13531913871935,54.29460286661513,3.0,2.0,25.55,18.14472489323509,3.0,1,0,0.10843320371646337,1,0.71460146,0.5707971,0,LOW
72.0,93.8212270228524,27.847264006243943,2.0,1.0,61.4,-8.502027557714856,4.0,1,0,0.04949332877537893,1,0.9905161,0.018967748,0,LOW
39.0,83.1486571048805,43.19202868379473,2.0,0.0,46.13,0.8913096433277001,4.0,0,0,0.06955111210958714,0,0.46508774,0.9301755,1,MEDIUM
45.0,98.22738139779132,28.623252122764228,5.0,1.0,45.1,12.104888894357742,5.0,1,0,0.08021770354252838,1,0.97621924,0.047561526,0,LOW
67.0,150.847793945068,39.62573560166543,3.0,2.0,10.26,26.20877105598176,6.0,0,0,0.015116682683121718,0,0.0015021275,0.003004253,0,LOW
24.0,88.44448486832789,19.840103770259397,7.0,2.0,21.84,27.42987269394032,4.0,1,0,0.04648435870659284,1,0.95004827,0.099903464,0,LOW
55.0,53.11314595339872,47.26442728510765,5.0,2.0,44.38,35.75480568247825,2.0,1,0,0.09049188448931716,1,0.9835029,0.03299415,0,LOW
5.0,43.02429554259082,31.68550939063825,2.0,0.0,33.49,22.73015745780891,3.0,0,0,0.10136320030234608,0,0.0041902787,0.008380532,0,LOW
38.0,96.27778545687691,0.4305771987368506,7.0,0.0,30.77,48.259961751150094,4.0,1,0,0.03939410598459514,1,0.99517065,0.009658694,0,LOW
40.0,123.3752947029901,15.627065736283887,8.0,0.0,0.0,86.76704569496115,4.0,1,1,-0.02799051231953098,1,0.96854067,0.06291866,0,MEDIUM
26.0,35.18860230479585,63.02311071284167,5.0,0.0,77.98,-14.54820860303453,4.0,1,1,-0.007628467314599208,1,0.98928946,0.021421075,0,MEDIUM
6.0,127.91011890482288,35.36308356348701,4.0,2.0,34.03,40.5573581687216,5.0,0,0,0.051285298267471746,0,0.0775315,0.15506303,0,LOW
28.0,130.8185166136385,42.41815514877069,1.0,1.0,36.3,53.93138599205531,3.0,0,0,0.1121814764083438,0,0.017539367,0.035078764,0,LOW
36.0,94.7358302546528,42.77618828191389,7.0,1.0,0.0,47.53745842422141,4.0,1,0,0.060126084069418884,1,0.9557123,0.08857536,0,LOW
56.0,96.2078645053864,39.00640978098826,1.0,2.0,50.75,20.12838628316153,3.0,0,0,0.10241796529240832,0,0.20996048,0.41992092,0,LOW
30.0,146.1917035192854,17.276160454610793,0.0,3.0,30.78,59.33301149061055,3.0,0,0,0.02671595470565269,0,0.014820282,0.029640555,0,LOW
72.0,83.67030983852823,49.59484423818145,3.0,0.0,18.76,33.125828013648686,3.0,0,0,0.10284638533417789,1,0.75775474,0.4844905,0,LOW
51.0,158.71832782468113,24.10975852982821,9.0,1.0,77.03,27.559474045056795,6.0,1,1,-0.036366155056128835,1,0.9425829,0.11483419,0,MEDIUM
51.0,70.70004748889669,21.82256610744077,7.0,0.0,55.33,22.836454393919425,3.0,1,0,0.06753406650622845,1,0.9994018,0.0011963844,0,LOW
1.0,25.04359526130617,11.990909421646814,10.0,1.0,14.35,-3.1229352146881872,4.0,0,1,-0.06782990566320546,0,0.05157273,0.10314548,0,MEDIUM
7.0,55.51653085331971,22.542794063256625,2.0,2.0,77.89,40.17558224506767,2.0,0,0,0.06275665287024879,0,0.0020638304,0.0041276813,0,LOW
43.0,136.1085633680616,38.240499958552775,0.0,2.0,34.65,52.24577898178048,3.0,0,0,0.11026111075306178,0,0.0048215147,0.009643018,0,LOW
62.0,107.30859077923668,70.79828424508636,4.0,2.0,31.18,17.610907455430326,4.0,0,0,0.0805265354093943,0,0.002914687,0.005829394,0,LOW
16.0,85.11739750694176,19.24377898666092,1.0,0.0,32.73,47.300895524812056,3.0,0,0,0.1104283599065417,0,0.051175687,0.10235137,0,LOW
59.0,108.49086656355654,60.08448640902832,8.0,1.0,32.56,3.7312148863114647,5.0,0,0,0.0234494731022995,0,0.034595586,0.06919116,0,LOW
67.0,81.15106164111988,78.31244129061832,4.0,2.0,22.36,-2.2307943678057747,4.0,0,0,0.03644339821961495,0,0.0105321575,0.021064341,0,LOW
58.0,67.22426447289698,54.83392704218183,0.0,2.0,46.8,-12.318656569095614,4.0,0,0,0.06460672267574102,0,0.11171706,0.22343409,0,LOW
20.0,121.75867701185088,23.42342960727512,1.0,1.0,57.94,17.13546892938072,5.0,0,0,0.06654708372732926,0,0.011495425,0.022990823,0,LOW
45.0,75.59947828690586,30.491718039039668,4.0,0.0,1.62,59.06637536977538,2.0,1,0,0.06857075407411417,1,0.9486274,0.102745175,0,LOW
72.0,68.67250088156533,46.64697145288488,8.0,0.0,32.42,28.3637623866697,2.0,1,0,0.030834949959082758,1,0.94627684,0.10744631,0,LOW
19.0,68.97725568624861,44.030264858853805,2.0,2.0,40.74,26.154401829849306,3.0,0,0,0.12066719800430553,0,0.07921843,0.1584369,0,LOW
72.0,109.97819045086244,30.657200593777038,6.0,0.0,80.63,8.803487730900393,5.0,1,0,0.0007281075513984048,1,0.99758804,0.004823923,0,LOW
72.0,113.95398717405412,51.18095297269932,5.0,1.0,21.73,25.41700221048945,4.0,0,0,0.089688254052054,0,0.039165318,0.078330636,0,LOW
32.0,81.3260705678935,31.934330698583118,0.0,0.0,64.85,50.051842348480605,2.0,0,0,0.10488523967379293,0,0.015751284,0.031502545,0,LOW
14.0,58.47122405795386,38.231431110283154,2.0,1.0,32.71,32.98048787612433,3.0,0,0,0.13378134342978593,0,0.023777332,0.04755467,0,LOW
60.0,142.9471266523443,33.65665065012605,4.0,0.0,30.17,30.382650624398217,5.0,0,0,0.06695834418919383,0,0.020535398,0.04107082,0,LOW
51.0,98.15253753605587,21.04926149578534,1.0,1.0,26.12,68.37862518001319,1.0,0,0,0.08473870868613426,0,0.144729,0.28945804,0,LOW
72.0,98.66033096422382,29.009590092263497,4.0,0.0,25.1,33.30830359190014,3.0,1,0,0.0868640876879761,1,0.9051648,0.18967044,0,LOW
1.0,59.894147888265046,16.817375687799725,2.0,1.0,34.36,6.528875021690913,4.0,0,0,0.054801171816790895,0,0.009383983,0.018767953,0,LOW
4.0,81.16497498441181,6.675981440699718,3.0,2.0,41.72,22.63976039556484,3.0,0,0,0.05105533651063798,0,0.043205094,0.086410165,0,LOW
43.0,105.94946421463084,55.77625394552012,2.0,1.0,26.27,-0.0825084126437278,4.0,0,0,0.07822699520311843,0,0.01843351,0.036867023,0,LOW
53.0,108.61940861510644,45.76605342607369,1.0,0.0,26.75,-2.6453295407026225,4.0,0,0,0.06341526901267708,0,0.03629374,0.07258749,0,LOW
72.0,97.2463339619458,64.52732982092147,3.0,1.0,9.24,22.04799679044237,3.0,0,0,0.08826354474769871,0,0.010204068,0.020408154,0,LOW
18.0,178.06892948298668,24.50917869822073,1.0,1.0,49.02,47.07043216523496,6.0,0,0,0.03469877583064174,0,0.0019824565,0.003964901,0,LOW
14.0,23.336693336970907,33.35860154257365,2.0,1.0,50.76,4.096939345937688,2.0,0,0,0.062458363310634535,0,0.03686328,0.073726535,0,LOW
40.0,104.74262353003456,55.78919284534894,0.0,0.0,50.57,34.532832246242755,3.0,0,0,0.11115006840309322,0,0.004240202,0.00848043,0,LOW
26.0,68.06122076368389,7.054921730870848,0.0,2.0,36.41,25.753030904786677,2.0,0,0,0.0891825030642362,0,0.010615833,0.021231651,0,LOW
71.0,109.10715445173255,48.49345040695519,3.0,0.0,26.16,29.794270352802386,3.0,0,0,0.09839224519507589,0,0.10175895,0.20351791,0,LOW
7.0,50.78092049178905,14.85997159816504,3.0,0.0,30.89,9.367848123332545,3.0,0,0,0.06116724413390989,0,0.007444609,0.01488924,0,LOW
1.0,91.62380317983788,4.926011049735514,2.0,3.0,62.64,25.298017059254885,4.0,0,1,-0.00773281749468957,0,0.02735231,0.054704607,0,MEDIUM
62.0,68.48814453693348,56.07325411792685,0.0,1.0,24.55,32.942114511169365,2.0,0,0,0.12864438473044898,0,0.18444751,0.36889505,0,LOW
62.0,72.01909435741527,7.031272992853158,1.0,0.0,15.73,70.06280274895029,1.0,0,0,0.03690608360506442,0,0.17569458,0.35138917,0,LOW
1.0,12.895727998514412,12.59893317855121,5.0,0.0,89.17,7.272706752747078,2.0,0,1,-0.03349160731170253,0,0.009271136,0.01854229,0,MEDIUM
1.0,38.65629010167234,32.34095115414381,3.0,3.0,84.97,17.924172232111843,2.0,0,1,-0.012006451277946861,0,0.008258008,0.01651603,0,MEDIUM
61.0,34.78692163734446,72.67069661991466,0.0,0.0,58.16,42.22860599225535,1.0,1,0,0.06888062660814104,0,0.17320016,0.34640032,0,LOW
28.0,61.82661340761076,0.0,2.0,3.0,52.12,51.55845512323594,2.0,0,0,0.02216059898440015,0,0.09148591,0.18297184,0,LOW
24.0,148.50629799545737,16.495005407408648,4.0,0.0,54.83,45.15809314495185,4.0,0,0,0.03679006218116132,1,0.71785283,0.56429434,0,LOW
29.0,156.13011844534503,20.78245741276157,0.0,0.0,48.17,31.40840800339673,6.0,0,0,0.023331100307782293,0,0.0022335781,0.0044671297,0,LOW
1.0,56.76664333934657,21.884185340621958,6.0,2.0,11.71,6.956311453122924,5.0,0,1,-0.009297164270136604,0,0.044643473,0.08928692,0,MEDIUM
62.0,133.94561519748044,47.52747403344231,5.0,2.0,100.0,32.7810839489606,5.0,1,0,0.005025326211483994,1,0.9954129,0.009174228,0,LOW
20.0,91.15826066531132,52.41601229715198,0.0,1.0,46.35,46.78024450932655,3.0,0,0,0.13622680001651288,0,0.0022686254,0.004537225,0,LOW
50.0,64.05463760594515,70.2630539401328,4.0,1.0,53.52,3.570369573495796,3.0,0,0,0.06940937781248563,1,0.6785883,0.64282346,1,MEDIUM
29.0,107.07784331329438,44.49500909517755,0.0,1.0,55.23,28.18705665277913,4.0,0,0,0.12100515369036491,0,0.020474607,0.040949225,0,LOW
45.0,96.55219902821185,46.704630390439135,1.0,1.0,34.4,41.76652875606024,3.0,0,0,0.15071943262079118,0,0.10025208,0.20050418,0,LOW
42.0,113.1437070658824,46.56629766277779,2.0,1.0,34.57,57.82102141131923,3.0,0,0,0.1284772067891849,0,0.22133058,0.44266117,0,LOW
32.0,50.7692218842774,39.40442114148813,0.0,1.0,23.52,32.88372703732816,2.0,0,0,0.13977140538712396,0,0.008609551,0.017219126,0,LOW
24.0,33.72522721558109,70.97877861828465,5.0,1.0,57.75,8.865290953200292,2.0,1,0,0.027519913948844787,1,0.9131674,0.17366517,0,LOW
1.0,34.962690537872206,45.462589934219984,3.0,1.0,67.38,-5.053494974011279,5.0,0,0,0.009741446383449204,0,0.016956314,0.03391266,0,LOW
72.0,28.92468241685107,83.73895421996247,0.0,1.0,64.64,-3.442504629043341,1.0,1,0,0.00020861722589593512,1,0.75150555,0.4969889,0,LOW
11.0,45.7149289526655,11.766191197116664,1.0,1.0,34.12,21.416591874205302,3.0,0,0,0.10409248919115222,0,0.0060687982,0.012137592,0,LOW
53.0,122.29602142273396,40.12105544450198,3.0,1.0,0.0,45.62121442158411,3.0,1,0,0.08708428138105562,0,0.4988793,0.9977586,1,MEDIUM
72.0,109.16025221749642,14.656395255568135,2.0,1.0,56.85,-5.498742233561719,4.0,1,0,0.02402026160839965,1,0.98918474,0.021630526,0,LOW
20.0,70.56946344824404,13.646742311729868,2.0,1.0,11.41,37.691221680468686,3.0,0,0,0.10808106196240136,0,0.023997659,0.04799533,0,LOW
65.0,106.51033136345256,42.4507457698021,2.0,3.0,100.0,12.353533259500152,4.0,1,1,-0.005952775988875558,1,0.9969896,0.0060207844,0,MEDIUM
43.0,97.82307395600256,15.759708200132453,1.0,0.0,64.31,41.62510804596496,3.0,1,0,0.09443635934484529,1,0.99270177,0.014596462,0,LOW
62.0,81.16865596985757,56.25877444888969,3.0,0.0,99.62,5.7058220662910895,4.0,1,0,0.016315773623647667,1,0.9934135,0.013172984,0,LOW
70.0,49.75006876519311,45.38941236202196,5.0,1.0,63.27,19.493603873827936,2.0,1,0,0.06496967901072848,1,0.99872845,0.0025430918,0,LOW
25.0,133.9519200095361,33.18570954758477,0.0,1.0,38.84,5.82853573069017,5.0,0,0,0.06788286171851615,0,0.0026249916,0.005249977,0,LOW
21.0,68.62228105953866,26.1508865711604,2.0,2.0,20.81,28.962967277688136,3.0,0,0,0.11724411551072589,0,0.06090163,0.12180328,0,LOW
32.0,49.23732713158937,56.86830009757085,2.0,1.0,20.32,48.32318621649016,2.0,1,0,0.12581132381309573,0,0.39336428,0.78672856,1,MEDIUM
53.0,167.10072328322207,22.57787069752287,5.0,2.0,27.45,38.92382015389196,6.0,0,0,0.016264373268526255,0,0.039537773,0.079075575,0,LOW
72.0,105.40308169249371,57.95381978462453,2.0,2.0,20.32,61.82207643214781,2.0,0,0,0.07336149154987531,0,0.23392321,0.4678464,0,LOW
72.0,106.62419940226906,43.22105503204276,2.0,0.0,17.87,30.475055091764467,3.0,0,0,0.09473380001306053,0,0.15903966,0.31807935,0,LOW
9.0,82.32574586406551,20.441512209749785,1.0,0.0,74.29,30.0801258475532,2.0,0,0,0.05059587269540067,0,0.003020711,0.0060414076,0,LOW
59.0,63.81753596397871,46.56539439109048,6.0,1.0,48.05,12.426591340215086,3.0,1,0,0.08357272010855388,1,0.9908523,0.018295407,0,LOW
46.0,110.5452648217138,37.080638228166656,0.0,1.0,39.66,25.24399350576624,4.0,0,0,0.1326531577520803,0,0.023343185,0.04668635,0,LOW
29.0,132.57940060384402,20.770391864492257,6.0,1.0,49.92,48.333793852244646,5.0,1,0,0.055943961268711706,1,0.96968365,0.060632706,0,LOW
34.0,152.64856251684722,19.438608531765443,4.0,2.0,58.21,-1.3319646329272743,7.0,0,1,-0.050900841444057154,0,0.069320016,0.13864005,0,MEDIUM
42.0,79.73020577894127,51.44751569067743,0.0,2.0,38.37,31.76072312205872,3.0,0,0,0.14077047129382791,0,0.015765,0.031530023,0,LOW
19.0,124.11109072576446,28.47497853090109,1.0,1.0,50.58,0.0178278857525739,6.0,0,0,0.02000665734349749,0,0.003102585,0.0062051415,0,LOW
72.0,23.00445674096076,6.246322819131971,1.0,2.0,27.89,60.07880527301181,1.0,0,0,0.022771993101596943,0,0.2814128,0.5628256,0,LOW
25.0,93.05305383048044,0.0,0.0,1.0,18.43,35.98090394037666,3.0,0,0,0.09044579866036834,0,0.044045374,0.08809078,0,LOW
23.0,55.04928636061928,22.68881030425596,4.0,2.0,0.0,20.8710777380979,3.0,0,0,0.05635237345081889,0,0.17397457,0.34794915,0,LOW
14.0,53.56923592774229,5.92628210366526,0.0,2.0,73.48,39.79960911436206,2.0,0,0,0.06236786553071383,0,0.0016911228,0.0033822656,0,LOW
42.0,140.8454288024459,36.760319539913375,1.0,0.0,97.01,62.8002480156358,4.0,1,0,0.018965815270704733,1,0.9899714,0.020057201,0,LOW
72.0,133.71274745635026,17.364746597752667,9.0,2.0,75.83,29.543048330030555,5.0,1,1,-0.0294089374000559,1,0.9983664,0.003267169,0,MEDIUM
72.0,96.4417776173472,42.3191597873658,6.0,0.0,14.18,53.579889425119234,2.0,1,0,0.04144388964055523,1,0.8642177,0.2715646,0,LOW
30.0,51.83529722793714,34.28870367054612,1.0,1.0,12.55,17.785328512027927,2.0,0,0,0.1009796171998078,0,0.02906014,0.05812025,0,LOW
56.0,82.94810965967378,9.356587470186453,7.0,3.0,46.69,7.817016323411313,4.0,1,1,-0.015508110870484093,1,0.9984295,0.0031410456,0,MEDIUM
29.0,68.8123428289149,18.843553098009423,2.0,1.0,0.0,30.28807826056557,3.0,0,0,0.09774222335013621,0,0.34912848,0.69825697,1,MEDIUM
59.0,61.22443438872341,29.7482133062602,4.0,0.0,71.76,12.834521919561285,3.0,1,0,0.06401808141467513,1,0.9984535,0.0030930042,0,LOW
42.0,177.29604791381578,22.778521142676144,4.0,1.0,19.54,59.78507782555977,5.0,0,0,0.033011838615506384,0,0.26166993,0.52333987,0,LOW
72.0,61.1859234715144,52.76000055081737,5.0,0.0,38.19,12.473120082484913,3.0,1,0,0.06902205300940822,1,0.97289586,0.05420828,0,LOW
72.0,58.18060366727086,62.7962000547223,2.0,0.0,41.28,38.1239269076269,1.0,1,0,0.07650174436441992,1,0.7603298,0.47934043,0,LOW
1.0,47.73488472004047,39.6119325648632,5.0,1.0,19.27,11.125213267464348,5.0,0,0,0.04016905231369883,0,0.023857113,0.047714233,0,LOW
62.0,47.101513535336366,29.00347693311226,2.0,1.0,26.49,58.58263832814328,1.0,0,0,0.09015032220895652,1,0.7590951,0.48180985,0,LOW
64.0,128.6681136537358,17.74231947308756,5.0,0.0,59.53,24.534744753061872,4.0,1,0,0.048639066942274156,1,0.9968477,0.0063046217,0,LOW
72.0,68.35338963907631,38.751340187585,4.0,3.0,66.97,16.733876626592544,2.0,1,0,0.015443872581714091,1,0.9977921,0.0044157505,0,LOW
45.0,74.88032377804703,41.84165574001238,1.0,1.0,60.33,33.95896169402535,2.0,0,0,0.12130198090442185,1,0.7528129,0.49437416,0,LOW
40.0,69.44563448177968,23.70383349456072,1.0,2.0,20.71,51.5038664611163,2.0,0,0,0.11868782900100366,0,0.09936797,0.19873595,0,LOW
13.0,61.62300957661742,48.53731388819588,1.0,1.0,51.04,40.63083465376568,3.0,0,0,0.12647843925914726,0,0.01204223,0.024084449,0,LOW
3.0,52.11089175107223,47.67781250097094,2.0,2.0,40.34,22.61575970764929,3.0,0,0,0.09455696689548493,0,0.0072988765,0.014597774,0,LOW
49.0,94.16758510100188,47.99485248491962,1.0,2.0,41.17,18.92701183956124,3.0,0,0,0.11723442760254132,0,0.12387691,0.2477538,0,LOW
62.0,97.66512447234877,17.135437509762394,2.0,2.0,54.95,22.281403113074845,4.0,1,0,0.08802105101449775,1,0.9906977,0.018604636,0,LOW
20.0,102.52930826370375,14.810520182515026,6.0,2.0,25.27,42.98205194506167,4.0,1,0,0.05543059958143248,1,0.97035486,0.05929029,0,LOW
53.0,129.92498150086047,0.0333546515800371,4.0,1.0,40.82,40.178512453718405,4.0,1,0,0.055018856374491665,1,0.9763155,0.047369003,0,LOW
57.0,81.49501075434435,5.9670603111737694,0.0,0.0,12.72,51.58913020107942,1.0,0,0,0.050640348982097905,0,0.05017216,0.1003443,0,LOW
16.0,96.49140749376654,12.554226609939974,0.0,2.0,12.43,32.35808345800292,3.0,0,0,0.08205850206555243,0,0.031933457,0.06386691,0,LOW
65.0,56.44779393764432,39.73213690423409,8.0,1.0,54.82,-8.386871248272206,4.0,1,0,0.011278654424791368,1,0.99623173,0.0075365305,0,LOW
38.0,118.41323251174995,43.36241976590393,1.0,1.0,39.0,11.891016376133638,5.0,0,0,0.09893348703229748,0,0.0055662734,0.011132538,0,LOW
47.0,100.08192563631503,20.640554098058026,7.0,1.0,49.33,15.974602711845698,4.0,1,0,0.06277485718347436,1,0.99742585,0.0051482916,0,LOW
32.0,94.75767393695544,32.15627242679362,9.0,0.0,14.09,19.58529819040804,5.0,1,0,0.0018785762717371535,1,0.8865199,0.22696018,0,LOW
40.0,80.7190851150835,41.916104185595536,3.0,1.0,58.47,23.5478828716178,3.0,0,0,0.11921530458914126,1,0.934635,0.13073003,0,LOW
1.0,37.83658036767657,25.01515400974829,5.0,0.0,37.85,-11.61068475340653,4.0,0,0,0.00890145247755314,0,0.3190053,0.6380106,1,MEDIUM
32.0,102.60056709963844,26.54444923518822,2.0,1.0,57.23,18.88223827202636,4.0,0,0,0.10240825505527645,1,0.7553901,0.48921978,0,LOW
15.0,57.53161915202013,41.34472225308778,2.0,0.0,0.0,11.920054804901296,4.0,0,0,0.06195985007012855,0,0.002936469,0.005872965,0,LOW
55.0,116.75399483613744,53.09964665591416,2.0,1.0,21.55,65.62087422146473,2.0,0,0,0.09677275354360265,0,0.20092623,0.4018525,0,LOW
68.0,125.47068545202654,21.031762879545816,6.0,1.0,85.98,55.66378942293493,4.0,1,0,0.028244192008288316,1,0.9996216,0.00075674057,0,LOW
40.0,70.8998395987008,54.50065031980392,4.0,0.0,0.0,55.08747188195541,2.0,1,0,0.06280581981811811,1,0.9435656,0.112868786,0,LOW
28.0,85.43705627723527,24.959431916317463,2.0,1.0,16.93,41.64740976635377,3.0,0,0,0.12783818091780386,0,0.20629625,0.41259253,0,LOW
25.0,95.24006590533722,0.0,1.0,1.0,18.43,32.0618954454136,3.0,0,0,0.07969533898883979,0,0.057617188,0.115234375,0,LOW
50.0,94.37103775827757,22.734294063919968,16.0,2.0,60.72,35.30018415188279,4.0,1,0,0.02558078655067475,1,0.9994955,0.0010089874,0,LOW
1.0,39.21357668826171,31.98926824743329,6.0,0.0,34.88,-4.857015883339297,4.0,0,0,0.0009175357387219973,0,0.08789314,0.17578626,0,LOW
61.0,114.99396961620346,50.18575699158333,0.0,1.0,33.51,51.140548355141,3.0,0,0,0.1278484432525938,0,0.0035363028,0.0070726275,0,LOW
46.0,162.7594227112317,22.564622642802536,4.0,2.0,36.97,19.00377018876294,6.0,0,0,0.01648912990061635,0,0.013615192,0.027230382,0,LOW
72.0,60.11047266618488,54.50905440295228,2.0,0.0,20.6,31.43416816557069,1.0,0,0,0.07018811051071377,1,0.83272934,0.33454132,0,LOW
39.0,158.25770295320112,25.93062204519895,1.0,3.0,36.14,40.85121987022135,5.0,0,0,0.029522878308608114,0,0.025636114,0.051272213,0,LOW
7.0,31.76028995554525,28.374678394257757,7.0,2.0,11.07,10.713259498489196,3.0,0,0,0.00396409665710018,0,0.040292654,0.0805853,0,LOW
32.0,93.50718392968386,24.96016760436432,3.0,0.0,32.81,49.745882802384685,2.0,0,0,0.09666742222061403,0,0.39924103,0.79848206,1,MEDIUM
65.0,74.02093578696403,28.910525193819648,6.0,0.0,41.82,1.5822873546534062,4.0,1,0,0.031195250621498638,1,0.99322456,0.013550878,0,LOW
19.0,79.17063523777371,22.653577256028612,2.0,1.0,0.0,33.99567231523788,4.0,0,0,0.09578949730096137,0,0.016553931,0.033107877,0,LOW
1.0,48.36200261397633,57.883815658505725,6.0,1.0,0.0,7.349159517411788,5.0,0,1,-0.006662670265966564,0,0.02847012,0.056940258,0,MEDIUM
48.0,99.4966572417202,50.87048631964637,0.0,2.0,28.35,31.904083912946355,3.0,0,0,0.1312999291054478,0,0.014097459,0.028194904,0,LOW
1.0,26.43881144010666,25.524108273980467,2.0,0.0,80.7,7.06135240904363,2.0,0,0,0.004882135355920747,0,0.0022123768,0.004424751,0,LOW
50.0,71.91995055911019,45.54201135065342,0.0,1.0,49.5,8.261814793588462,3.0,0,0,0.10529203829923117,0,0.20789698,0.41579396,0,LOW
38.0,88.8960021497561,38.43588977017387,1.0,1.0,0.0,51.32077248342122,3.0,0,0,0.12230951867476353,0,0.32967207,0.65934414,1,MEDIUM
1.0,47.938092348015175,39.20262331370116,5.0,0.0,8.55,0.3834614980120783,5.0,0,1,-0.007057993197914891,0,0.045799907,0.09159982,0,MEDIUM
29.0,81.55795034112005,44.77385122822833,2.0,0.0,60.82,54.37677498469324,2.0,0,0,0.08667802001200697,1,0.5575471,0.8849058,1,MEDIUM
35.0,77.6981223463511,47.29396927892788,2.0,2.0,0.0,60.91706122990311,3.0,1,0,0.10261654722344254,1,0.8899411,0.2201178,0,LOW
16.0,25.39958991658008,29.763675621644275,3.0,2.0,31.31,11.674193321095805,2.0,0,0,0.059484566684146645,0,0.0079787765,0.015957534,0,LOW
7.0,82.20819332745104,25.804336176460765,1.0,1.0,31.6,26.262939620261097,4.0,0,0,0.10913367099538235,0,0.005038958,0.010077894,0,LOW
42.0,85.26728720158535,20.516926399855578,6.0,1.0,49.11,35.43714139746959,3.0,1,0,0.09532650587676578,1,0.9987112,0.0025775433,0,LOW
34.0,115.45392524523778,28.833583942810453,1.0,2.0,32.26,6.833310934548495,5.0,0,0,0.06187687257003105,0,0.05979701,0.11959404,0,LOW
19.0,63.188838622910616,43.822113296045046,1.0,2.0,46.93,28.33249268067446,3.0,0,0,0.1203719651830909,0,0.04529849,0.090596974,0,LOW
25.0,109.23491215967212,0.0,1.0,1.0,18.43,39.889240433187176,3.0,0,0,0.07175718445621104,0,0.05468248,0.10936499,0,LOW
55.0,120.19479081087236,14.407878738597324,7.0,0.0,63.95,38.3918574441186,5.0,1,0,0.027845956586371012,1,0.999175,0.0016499758,0,LOW
28.0,55.74893555722954,30.041112367189296,1.0,0.0,34.65,32.16858902864384,2.0,0,0,0.12219214791897409,0,0.019940216,0.039880455,0,LOW
31.0,66.34785714200291,17.165474769977596,2.0,0.0,30.2,30.23547211123804,2.0,0,0,0.10159279408039834,0,0.1259384,0.25187683,0,LOW
10.0,40.341472904019895,40.1292660986252,3.0,1.0,0.0,9.664162730693546,4.0,0,0,0.06471137584143766,0,0.0016869,0.0033738017,0,LOW
21.0,91.43009422662192,23.289887696402516,1.0,0.0,32.99,42.34296983681911,3.0,0,0,0.12030568234506922,0,0.046429828,0.092859626,0,LOW
72.0,105.2757386948185,63.75469378690456,5.0,2.0,0.0,94.2639980956948,1.0,1,1,-0.036279047771802575,1,0.8571775,0.285645,0,MEDIUM
38.0,96.66791517800792,60.84546742384408,1.0,1.0,39.87,11.403120757069477,5.0,0,0,0.09307062398164406,0,0.0043327753,0.008665562,0,LOW
16.0,69.45267246599812,17.232937689569994,5.0,1.0,20.78,52.15921134387996,3.0,0,0,0.08757466828866056,1,0.9313469,0.13730621,0,LOW
18.0,52.92078090721324,2.4187667767415784,3.0,0.0,32.29,34.23473284396499,2.0,0,0,0.07086054899458294,0,0.009895933,0.019791842,0,LOW
39.0,101.62228294759048,9.11325701522498,3.0,0.0,28.76,76.04922733303417,2.0,0,0,0.043011929622085554,1,0.9442544,0.1114912,0,LOW
62.0,31.637848481635626,65.37950981949892,2.0,1.0,50.98,50.3288275223188,1.0,1,0,0.07876099307518292,1,0.97497547,0.050049067,0,LOW
54.0,111.4115596819678,22.66279893757114,2.0,1.0,54.65,8.741298812113335,4.0,1,0,0.07609170382558494,1,0.9807694,0.03846121,0,LOW
53.0,104.02972486737728,31.493938857076227,4.0,1.0,0.0,42.8140869943061,4.0,1,0,0.09452119016841076,1,0.9711031,0.057793856,0,LOW
49.0,63.68759070296555,50.27887603269899,10.0,3.0,36.94,52.33765426175841,3.0,1,1,-0.005534500683007204,1,0.9872416,0.025516748,0,MEDIUM
72.0,92.77427982977856,67.62486348945589,7.0,0.0,6.6,5.703890805960555,4.0,0,0,0.005777878275027515,0,0.05013232,0.10026467,0,LOW
9.0,44.04740187942603,26.387482770621467,6.0,0.0,0.22,0.3094156761022297,3.0,0,1,-0.013369612076894133,0,0.05025015,0.100500286,0,MEDIUM
45.0,34.64606905362318,68.78956258952171,1.0,1.0,41.13,40.26920409673868,1.0,1,0,0.10264265926710453,1,0.69616485,0.6076703,1,MEDIUM
59.0,66.09316113484297,23.41908310950705,4.0,0.0,71.76,5.752336882580792,3.0,1,0,0.04474694636003662,1,0.9993363,0.0013273954,0,LOW
1.0,41.77501010194952,22.874025366822977,2.0,2.0,86.11,-13.994261451185723,4.0,0,1,-0.01351596571902891,0,0.019834755,0.039669514,0,MEDIUM
1.0,35.74085610005896,48.176248494594674,2.0,1.0,53.7,5.893382051072994,4.0,0,0,0.061196766039748274,0,0.0031326073,0.006265223,0,LOW
28.0,57.39700054566539,14.77657517418936,2.0,2.0,23.87,53.39827375703568,2.0,0,0,0.10094937132420395,0,0.05409211,0.10818422,0,LOW
26.0,113.92667994994912,26.1418772302888,2.0,0.0,45.48,8.538668456069809,5.0,0,0,0.061641907235305216,0,0.133015,0.26603,0,LOW
39.0,120.35417229973888,12.40148933070857,6.0,2.0,2.49,24.38816947474604,5.0,1,0,0.0049337624345509035,1,0.9109914,0.17801726,0,LOW
72.0,64.44795293928448,67.04589774875545,0.0,1.0,8.22,73.8567631643393,1.0,1,0,0.06379411465063717,1,0.62758887,0.74482226,1,MEDIUM
47.0,106.05147494056996,55.31452193623882,1.0,2.0,13.47,17.839950580519826,5.0,0,0,0.08179014350024899,0,0.012608566,0.025217116,0,LOW
31.0,165.20098531840583,18.001942433395268,2.0,1.0,36.79,57.43569415018854,5.0,0,0,0.05029050905972998,0,0.10684678,0.21369356,0,LOW
26.0,54.3056083822801,13.19463744383092,1.0,1.0,44.38,30.297168241907936,2.0,0,0,0.11341260741793052,0,0.019398248,0.038796484,0,LOW
23.0,49.08655578422939,34.33304161176206,0.0,1.0,62.73,28.670110598650396,2.0,0,0,0.1139380114884681,0,0.0045256102,0.009051204,0,LOW
36.0,141.32968807003263,22.82298180015367,9.0,1.0,60.46,26.98735229567983,6.0,1,1,-0.0111461140404302,1,0.8917664,0.21646714,0,MEDIUM
1.0,68.59151967766755,17.643015396804405,2.0,2.0,83.56,28.448506453020244,3.0,0,0,0.03945077960269139,0,0.03752155,0.07504308,0,LOW
48.0,115.73767715580942,41.93964953610687,0.0,3.0,36.46,28.144534658173512,4.0,0,0,0.08341957917860737,0,0.007676009,0.015352011,0,LOW
1.0,46.66393441508756,31.891370148726125,3.0,0.0,63.66,15.023712336184076,4.0,0,0,0.05636296213454084,0,0.0061760414,0.012352109,0,LOW
54.0,117.538195648279,31.05915287604316,4.0,1.0,54.65,4.73028413523064,4.0,1,0,0.06730907067930103,1,0.94982624,0.10034752,0,LOW
69.0,73.90327155953773,64.36222319510317,2.0,1.0,17.75,38.319257842636375,2.0,0,0,0.11285757800687402,0,0.19821818,0.39643633,0,LOW
32.0,72.71998098757122,33.647501443109185,2.0,2.0,20.23,48.14536394570792,2.0,0,0,0.11855603342889287,0,0.12678857,0.2535771,0,LOW
20.0,51.17531824782149,7.148961380915347,1.0,0.0,31.5,15.727719478695178,2.0,0,0,0.06656582772594144,0,0.004530883,0.009061754,0,LOW
1.0,45.31109149744075,37.78733080032035,1.0,0.0,83.28,-6.164078162397132,4.0,0,0,0.00031332138604778237,0,0.022561524,0.04512304,0,LOW
40.0,132.5151841546578,15.340823583679946,7.0,0.0,0.0,91.50682942493414,4.0,1,1,-0.03351799090590413,1,0.9732722,0.05345559,0,MEDIUM
61.0,98.7450554618986,53.91691891002609,10.0,3.0,33.71,-10.89885270646295,6.0,0,1,-0.07247035518499201,0,0.022880638,0.045761287,0,MEDIUM
7.0,63.84491583101309,24.920629625741043,3.0,1.0,0.0,26.268706500525184,4.0,0,0,0.08153310373685291,0,0.0032975837,0.0065951943,0,LOW
1.0,67.16742348941207,14.976026367190675,3.0,1.0,47.21,1.0185418994512094,5.0,0,0,0.013242200604524412,0,0.036421478,0.072842956,0,LOW
32.0,81.9464469791489,18.962934411602543,1.0,1.0,18.54,39.02839235991836,3.0,0,0,0.13657020178153817,0,0.25980642,0.51961285,0,LOW
21.0,54.50947422052906,15.241449299155445,2.0,2.0,33.73,30.8738886628896,2.0,0,0,0.10088081128082887,0,0.010101772,0.02020353,0,LOW
23.0,50.09836749250898,30.848339892762905,0.0,1.0,62.73,32.70640706713514,2.0,0,0,0.11956277189538828,0,0.0049546366,0.009909272,0,LOW
1.0,60.28557389264374,25.212565871024985,1.0,2.0,89.58,30.894604920945326,3.0,0,0,0.03740189364926094,0,0.011486721,0.022973418,0,LOW
53.0,162.18039284731884,35.108292190887326,0.0,2.0,22.27,70.0328575494218,4.0,0,0,0.055531540971823334,0,0.0037206337,0.0074412823,0,LOW
71.0,95.13196088097015,31.237991466471467,4.0,0.0,83.78,15.82240003721963,4.0,1,0,0.045910828627981126,1,0.99861324,0.0027735233,0,LOW
53.0,108.30685077712498,37.33073024235402,1.0,1.0,39.73,7.0602855858077245,4.0,0,0,0.09740295180349828,0,0.059374936,0.11874986,0,LOW
72.0,35.623820115750846,74.38064829607764,1.0,0.0,34.04,14.745924854146915,2.0,0,0,0.07143480723408613,0,0.233755,0.46750998,0,LOW
53.0,98.8333377326488,21.058837844719555,5.0,1.0,20.08,6.227454556673262,4.0,1,0,0.06591765675976541,1,0.96827734,0.06344533,0,LOW
30.0,101.46244705941908,17.062653601417992,4.0,1.0,38.14,53.90692034773382,3.0,1,0,0.09797773784075248,1,0.9978963,0.0042073727,0,LOW
32.0,88.18941683300075,27.576483661231755,1.0,2.0,20.71,50.828211632306136,2.0,0,0,0.1138625401368466,0,0.03414052,0.068281054,0,LOW
72.0,103.26345434998258,61.28452047063002,3.0,1.0,18.13,19.847226204882443,4.0,0,0,0.09922394549578639,0,0.0029176832,0.0058353543,0,LOW
24.0,69.88148827119915,7.682264056642221,0.0,2.0,46.59,35.92453162209441,2.0,0,0,0.09395498765177007,0,0.005094622,0.010189235,0,LOW
19.0,74.36097898435682,49.10101759024258,1.0,1.0,16.6,30.700308890071614,3.0,0,0,0.12706329155042173,0,0.015321288,0.030642569,0,LOW
20.0,50.65767609247286,8.237830750517412,0.0,2.0,61.84,28.423931082553487,2.0,0,0,0.07457947004372711,0,0.0044224495,0.008844912,0,LOW
25.0,35.76799733114951,23.109569712298757,4.0,3.0,11.24,11.156357943540224,2.0,0,0,0.0022787359423963593,0,0.14717753,0.29435503,0,LOW
2.0,68.35614907826172,26.932360529905573,1.0,0.0,40.7,21.278933846421783,4.0,0,0,0.08651240549746031,0,0.013334148,0.02666831,0,LOW
62.0,120.7614804063157,24.28016760309012,5.0,2.0,13.98,65.89622129300922,3.0,1,0,0.049963833940801505,1,0.9023128,0.19537437,0,LOW
41.0,108.95711773004652,17.793118524978524,5.0,1.0,54.18,52.20736492987944,4.0,1,0,0.09699438442281716,1,0.99921525,0.0015695095,0,LOW
35.0,120.67714699504698,25.343287518231765,3.0,1.0,50.12,9.358299987966912,4.0,1,0,0.06739165828984739,1,0.5912631,0.81747377,1,MEDIUM
45.0,141.2933435652495,15.577166718551815,10.0,2.0,42.38,35.713939580433546,6.0,1,1,-0.023715440193437187,1,0.78146267,0.43707466,0,MEDIUM
22.0,55.66927844361489,9.17434855479181,1.0,1.0,59.81,40.93266707562473,2.0,0,0,0.10008343265985847,0,0.0070989453,0.014197886,0,LOW
50.0,77.22260016698075,24.79593499373059,1.0,1.0,48.84,23.965754586032546,2.0,1,0,0.11451335042131838,0,0.47487876,0.9497575,1,MEDIUM
52.0,60.3638957827532,59.68392489038534,2.0,3.0,39.16,-4.262468915470043,3.0,0,0,0.029904280512351056,1,0.5211669,0.95766616,1,MEDIUM
26.0,94.35094029300764,25.376828231073677,2.0,2.0,16.68,41.11919448580066,3.0,0,0,0.11328377791142363,0,0.18671362,0.37342727,0,LOW
72.0,101.4653071013364,61.71130139426112,2.0,1.0,13.78,30.04223015075957,4.0,0,0,0.1111428505080641,0,0.004275538,0.008551061,0,LOW
52.0,31.83787564239865,42.53940628427403,5.0,0.0,61.18,46.42503497314433,1.0,1,0,0.045366112847386675,1,0.8754028,0.24919438,0,LOW
72.0,86.38238506556823,61.740428503951215,2.0,0.0,0.0,13.335146735092655,3.0,0,0,0.058437205272956816,0,0.3341517,0.6683034,1,MEDIUM
49.0,107.49216565936976,30.865058482367743,7.0,0.0,17.34,27.010174384013617,4.0,1,0,0.05796525457088253,1,0.9317303,0.13653946,0,LOW
50.0,65.44320473601088,38.3311778887715,7.0,2.0,37.93,42.00338864167582,3.0,1,0,0.08535984747682696,1,0.99211603,0.015767932,0,LOW
27.0,96.89350896157038,21.789218656495027,1.0,0.0,16.77,42.758966044290624,3.0,0,0,0.11128010444854874,0,0.046541467,0.093082905,0,LOW
27.0,57.03150909982992,7.608678804710962,2.0,0.0,35.11,33.63970321892306,2.0,0,0,0.09401214186818257,0,0.05949278,0.11898553,0,LOW
49.0,112.47679279532194,27.587378919994205,9.0,3.0,73.72,31.71015102804816,5.0,1,1,-0.024180400126427526,1,0.9993994,0.0012011528,0,MEDIUM
11.0,46.72958692879331,15.324386021034162,1.0,1.0,34.12,19.360451200440863,3.0,0,0,0.10314637381758551,0,0.00522838,0.010456741,0,LOW
72.0,131.0973984310952,36.65493782306397,3.0,0.0,16.62,58.10910171639459,3.0,0,0,0.06173158593147632,0,0.2672129,0.5344258,0,LOW
18.0,40.935981997672776,4.815177054329943,3.0,0.0,20.28,25.516262081818542,3.0,0,0,0.07349464356091795,0,0.023369072,0.046738148,0,LOW
25.0,39.12470193852912,0.0,3.0,0.0,38.96,29.391447173414257,1.0,0,0,0.04105421536340326,0,0.08004277,0.16008556,0,LOW
51.0,150.10795632429074,14.774124626408785,5.0,2.0,89.85,63.375829149694525,5.0,1,1,-0.009236230165556858,1,0.99796677,0.0040664673,0,MEDIUM
60.0,143.6159215660002,23.087127289121,6.0,3.0,0.0,48.604141062382006,5.0,1,1,-0.020944558961474957,1,0.6633296,0.6733408,1,HIGH
69.0,78.74025128162606,7.996597313116095,2.0,0.0,47.64,30.106440771407783,2.0,1,0,0.06030638345743311,1,0.9648465,0.07030702,0,LOW
38.0,40.52644347380053,20.870774853858013,1.0,0.0,39.01,38.01987434568442,1.0,0,0,0.09663246364223926,0,0.048667397,0.0973348,0,LOW
30.0,143.35863845763276,27.656099983962005,1.0,2.0,36.38,32.86544920827765,5.0,0,0,0.07784361346226415,0,0.006926488,0.013852954,0,LOW
72.0,49.35780091010452,88.50787234150988,2.0,1.0,23.08,46.42684197504088,1.0,0,0,0.07037755004319513,0,0.044707358,0.089414716,0,LOW
3.0,50.38787524451847,27.766149953672045,8.0,2.0,0.0,12.649372627223745,4.0,0,1,-0.023779806674763204,0,0.06343877,0.12687755,0,MEDIUM
67.0,114.89534595033794,62.01437978609926,3.0,2.0,19.59,26.073564544041627,4.0,0,0,0.09095623768326339,0,0.0032277422,0.006455481,0,LOW
31.0,36.44926545592986,17.003468500424656,4.0,2.0,0.0,28.36966603318032,3.0,0,0,0.0558131454717774,1,0.7081882,0.58362365,0,LOW
38.0,114.57256529358432,34.56025057420268,2.0,2.0,4.34,67.17433983673934,3.0,0,0,0.08396492154897817,1,0.53481644,0.9303671,1,MEDIUM
30.0,96.82563198302508,33.407781910709,1.0,0.0,1.83,52.6813122767784,3.0,0,0,0.09760679983439818,0,0.06384644,0.12769288,0,LOW
29.0,72.26877535190641,34.21828733093401,0.0,0.0,67.45,33.67003717370382,3.0,0,0,0.11248018908163215,0,0.09165203,0.18330407,0,LOW
72.0,40.16689965151335,64.88794713399147,0.0,1.0,64.64,-10.303245501154317,1.0,1,0,0.019906662005698017,1,0.89757746,0.20484507,0,LOW
58.0,132.23321045323613,39.28481834620637,3.0,0.0,0.0,55.590140517639895,4.0,1,0,0.05869623082467346,1,0.5332916,0.93341684,1,MEDIUM
60.0,104.9658941066102,33.88417549480619,8.0,0.0,70.27,14.688578574383396,5.0,1,0,0.0182318302015394,1,0.99224466,0.015510678,0,LOW
56.0,108.94815000013186,10.053073579452612,4.0,3.0,27.27,29.434872252881377,3.0,1,0,0.02547936267615436,1,0.98652387,0.026952267,0,LOW
27.0,41.45109008220016,5.69381963229202,4.0,2.0,30.47,25.58046247796151,2.0,0,0,0.05891839979628999,0,0.4430137,0.8860274,1,MEDIUM
25.0,88.50256256777328,35.73317662877953,2.0,2.0,0.0,37.74894175528622,3.0,0,0,0.0952064861839177,0,0.033533894,0.0670678,0,LOW
33.0,46.99542477733625,24.716636441742192,1.0,1.0,40.66,43.85879558249712,1.0,0,0,0.11606096414465666,0,0.022635682,0.045271337,0,LOW
23.0,50.145011903759766,32.81032797706946,1.0,1.0,62.73,25.009496659332136,2.0,0,0,0.10795475190805714,0,0.025890661,0.051781297,0,LOW
72.0,106.8730643241244,35.05656089453672,2.0,1.0,0.0,64.85930709742348,3.0,1,0,0.08166378184527212,1,0.862598,0.274804,0,LOW
7.0,48.74793052858494,32.46313694895451,3.0,4.0,51.65,21.97728625237705,3.0,0,0,0.012043895521564263,0,0.012810579,0.025621176,0,LOW
21.0,31.4860925866127,57.30561385539403,2.0,2.0,38.93,26.109931336496203,2.0,0,0,0.0981565138967258,0,0.10893538,0.21787077,0,LOW
14.0,76.87766130478964,30.15335786909988,2.0,0.0,16.23,24.111300707432804,4.0,0,0,0.0911600219399582,0,0.0153499255,0.03069985,0,LOW
20.0,113.01291440141704,15.04495530735431,0.0,0.0,52.67,50.893943549941824,3.0,0,0,0.0879672084118211,0,0.017088832,0.03417766,0,LOW
72.0,29.36106538347361,75.95252277637971,1.0,1.0,28.83,20.252146319063343,1.0,0,0,0.06497360974699695,1,0.75445855,0.4910829,0,LOW
38.0,108.12751620370068,22.91555980044848,4.0,0.0,39.75,29.58627767025123,4.0,1,0,0.09790366446141113,1,0.9843018,0.03139639,0,LOW
20.0,153.31180018961396,10.277107286759094,0.0,2.0,54.22,40.76378690103104,6.0,0,0,0.017124250874837266,0,0.0021471942,0.0042943954,0,LOW
62.0,123.21926335730232,65.77519190304429,9.0,1.0,23.03,6.666285666508587,7.0,0,1,-0.047046520429196326,0,0.0029013585,0.005802691,0,MEDIUM
65.0,107.70347379194412,47.80772850453798,4.0,3.0,22.68,16.091158003760533,4.0,0,0,0.05420274835677097,0,0.15876055,0.3175211,0,LOW
72.0,92.43798052704008,69.07057334191862,5.0,0.0,6.6,7.597134323483818,4.0,0,0,0.027867200591365715,0,0.042443413,0.08488685,0,LOW
56.0,119.90485774635069,5.455200075971033,9.0,2.0,30.97,46.49174534765854,4.0,1,0,0.0004976441915766072,1,0.9911074,0.017785192,0,LOW
60.0,128.5254480700191,37.20071913974593,4.0,0.0,24.82,20.073725937895063,5.0,0,0,0.07044830314882167,0,0.050107405,0.10021484,0,LOW
53.0,54.61035826129985,76.71413091924303,1.0,1.0,40.85,-1.704316151797034,3.0,0,0,0.07531113989490335,0,0.021392075,0.042784154,0,LOW
32.0,156.1387923473715,27.969429473704487,2.0,1.0,34.35,43.39903063829912,5.0,0,0,0.06929847820335777,0,0.021590998,0.043182015,0,LOW
72.0,58.54277140857887,62.971573807797846,2.0,2.0,27.52,3.424443155770069,2.0,0,0,0.052024047724272604,1,0.5604733,0.87905335,1,MEDIUM
26.0,102.13087151982788,22.716652394438903,6.0,1.0,26.01,31.42480293311094,5.0,1,0,0.06907974312452153,1,0.9518321,0.09633577,0,LOW
72.0,107.41445952612112,54.22607969590677,5.0,0.0,5.57,12.990759769280931,4.0,0,0,0.03942746775132688,0,0.08712989,0.17425978,0,LOW
54.0,109.8989163121726,20.842124691279235,9.0,2.0,22.69,17.232735301896895,5.0,1,0,0.008001142623680901,1,0.9621459,0.07570815,0,LOW
38.0,109.95521600494658,6.576350199735662,8.0,0.0,30.04,29.36854361864555,5.0,1,0,0.018833046906860273,1,0.9931589,0.013682246,0,LOW
27.0,109.78957969892735,13.46372578948314,3.0,0.0,77.29,74.28396698671882,2.0,0,0,0.006386972961315962,1,0.92547333,0.14905334,0,LOW
24.0,32.59686751658049,56.12945871924828,4.0,2.0,23.19,44.554050035303234,2.0,1,0,0.08435527592533149,1,0.89930207,0.20139587,0,LOW
55.0,113.30985669777228,11.02919374207086,1.0,2.0,52.3,35.837807931469044,2.0,1,0,0.06138878283466459,1,0.5518434,0.8963132,1,MEDIUM
11.0,23.18471532736751,31.506642276886463,2.0,0.0,60.09,3.267644253551825,2.0,0,0,0.030114688878829066,0,0.007329128,0.014658272,0,LOW
38.0,119.07019522131084,44.616773120283575,3.0,0.0,46.03,17.93850051212862,4.0,0,0,0.08672199659944574,0,0.050911047,0.10182208,0,LOW
66.0,121.85224323341968,20.66303425665478,7.0,3.0,46.48,8.86364190257854,5.0,1,1,-0.017408751629658048,1,0.90226114,0.19547772,0,MEDIUM
43.0,149.25922031743897,27.73559961245964,2.0,0.0,51.96,43.46166214149062,6.0,0,0,0.04461959974279184,0,0.084082045,0.16816407,0,LOW
72.0,104.44143646420656,47.1397171623793,6.0,1.0,23.56,21.32946733849188,4.0,0,0,0.08227309017963708,0,0.15137303,0.30274606,0,LOW
8.0,25.522248130487768,12.665778072172818,2.0,0.0,70.91,12.854615201419143,2.0,0,0,0.023321398141207372,0,0.0016683827,0.0033367872,0,LOW
64.0,102.48173087491496,50.157623108596354,2.0,1.0,21.45,13.53788664739172,4.0,0,0,0.11290620832057258,0,0.026907634,0.053815246,0,LOW
2.0,30.96585665616457,23.804841484699217,8.0,1.0,13.52,-12.72617378506444,3.0,0,1,-0.03313206152654158,0,0.11283061,0.22566122,0,MEDIUM
72.0,90.89322242953318,64.53857573723593,0.0,1.0,3.61,57.92946997243333,1.0,0,0,0.06242222262391328,0,0.19892557,0.3978511,0,LOW
66.0,129.44806263388153,21.575772224406887,6.0,3.0,46.48,23.08289675350077,5.0,1,0,0.005901716311510263,1,0.85434306,0.2913139,0,LOW
32.0,103.13566565555286,34.55643119109865,1.0,2.0,55.49,35.91479593478014,4.0,0,0,0.12126808620973833,0,0.078757286,0.15751457,0,LOW
59.0,102.10543822512436,24.09015071480332,1.0,3.0,71.16,13.744356900506254,4.0,1,0,0.031147559384448797,1,0.9971661,0.0056678057,0,LOW
4.0,70.12921294563469,5.442577794042082,3.0,2.0,41.72,21.150221656252977,3.0,0,0,0.052225922794138846,0,0.05914496,0.11828995,0,LOW
37.0,93.61519196054296,18.371917096613974,3.0,2.0,0.0,62.672762608779735,3.0,0,0,0.07931701400065039,1,0.96627885,0.0674423,0,LOW
52.0,31.96161055535841,69.94667601036217,4.0,2.0,58.24,7.693225733229632,2.0,1,0,0.036346802153835345,1,0.9628739,0.07425225,0,LOW
40.0,137.69379656860858,38.69445639407349,0.0,2.0,36.24,40.26678776777917,4.0,0,0,0.11591967608320347,0,0.0021755013,0.00435102,0,LOW
72.0,78.35452457710491,70.27987809310113,1.0,0.0,19.38,29.985758364889328,2.0,0,0,0.0937324372174988,0,0.030193426,0.060386837,0,LOW
38.0,49.39832488253711,23.18238238362897,2.0,0.0,39.01,32.26962191572925,1.0,0,0,0.08811523933516113,0,0.39192942,0.78385884,1,MEDIUM
13.0,65.49021877341686,24.611208661927414,1.0,1.0,55.97,38.03260973403434,3.0,0,0,0.12139350819583039,0,0.026660804,0.0533216,0,LOW
21.0,47.31114605892678,14.373359677030882,3.0,2.0,33.73,24.50331792716078,2.0,0,0,0.08661745636863905,0,0.023926074,0.04785216,0,LOW
38.0,153.08894371383954,25.123124919777972,2.0,3.0,33.22,15.267030946014977,6.0,0,1,-0.001085037472368433,0,0.0049083675,0.009816706,0,MEDIUM
72.0,100.57205901041374,64.17426300828554,3.0,3.0,4.79,29.603541129837428,2.0,0,0,0.014362429886672357,0,0.037206568,0.07441312,0,LOW
40.0,129.66650024844347,13.363209510255691,6.0,0.0,0.0,88.00364720341719,4.0,1,1,-0.01840444817594389,1,0.969489,0.061022043,0,MEDIUM
7.0,30.47770618177984,34.0008841739322,2.0,4.0,51.65,8.4665528602521,3.0,0,1,-0.007743576591007217,0,0.0043830355,0.008766055,0,MEDIUM
3.0,34.239170406313335,18.00473271516347,2.0,2.0,99.54,10.99347740346294,2.0,0,1,-0.01359108610316273,0,0.0029896193,0.00597924,0,MEDIUM
54.0,121.13478175097896,3.624467065972268,1.0,2.0,14.39,62.64097141112899,1.0,0,0,0.02157567166889729,0,0.107515424,0.21503085,0,LOW
41.0,113.98116769114016,39.25609358613273,0.0,2.0,39.58,44.76665412298012,3.0,0,0,0.12890884577894718,0,0.017401418,0.034802854,0,LOW
69.0,81.81555935169865,8.217515751652902,0.0,0.0,47.64,24.283534368256174,2.0,1,0,0.061236156636992445,1,0.50281626,0.9943675,1,MEDIUM
47.0,129.11339304137186,44.06574122572779,4.0,0.0,33.91,34.372764828240875,3.0,0,0,0.08743576606967124,0,0.23140411,0.46280825,0,LOW
56.0,48.158749898793545,37.50592421243744,4.0,2.0,67.31,-5.634199665446227,3.0,1,0,0.03308562476106924,1,0.9974165,0.0051670074,0,LOW
21.0,184.00899738123377,34.028613025562485,1.0,2.0,39.22,69.3770862202957,5.0,0,0,0.04359729622419661,0,0.01009639,0.020192802,0,LOW
72.0,125.03986803401844,44.56844861864701,1.0,2.0,15.33,57.17316214854133,3.0,0,0,0.08834322339974238,0,0.065227546,0.13045508,0,LOW
72.0,113.24827999272232,66.32952847631903,6.0,1.0,12.97,37.27642701435676,3.0,0,0,0.05337464595176544,0,0.023715904,0.047431827,0,LOW
15.0,64.87266165503141,6.749391739445096,2.0,1.0,16.4,10.404404063556306,3.0,0,0,0.05996622222373632,0,0.02030228,0.04060459,0,LOW
47.0,116.19031082948102,39.332476203731865,2.0,1.0,39.69,12.30941027206628,5.0,0,0,0.10179697595668846,0,0.021070305,0.042140603,0,LOW
12.0,38.271157147922,4.182291725397668,2.0,1.0,80.77,33.914287636715954,2.0,0,0,0.049497175781891944,0,0.007253453,0.014506936,0,LOW
51.0,122.13677207987227,52.32548090589834,0.0,1.0,14.8,40.638527992809145,4.0,0,0,0.11797635200414158,0,0.007782201,0.015564382,0,LOW
49.0,141.3175536626474,23.12597715234994,1.0,1.0,38.15,58.10083367883847,4.0,0,0,0.10168499615979937,0,0.05836512,0.11673021,0,LOW
23.0,56.62080811575544,27.987924103151613,1.0,1.0,39.95,35.07772598988444,2.0,0,0,0.13445603931983252,0,0.01946284,0.038925707,0,LOW
50.0,134.67016107630684,44.731005749513486,1.0,1.0,0.0,75.70034292775135,3.0,0,0,0.06843212075945138,1,0.6601487,0.67970264,1,MEDIUM
62.0,37.18314360500057,66.27022682516758,1.0,1.0,50.98,54.26969649716045,1.0,1,0,0.08383703553320226,1,0.84120035,0.3175993,0,LOW
72.0,98.82179451338676,46.48440971254077,2.0,1.0,21.51,53.83810245435174,3.0,0,0,0.1259984946109729,0,0.44818458,0.89636916,1,MEDIUM
72.0,101.7018781649003,62.29835888055253,4.0,1.0,0.0,43.04947539903608,3.0,0,0,0.07129586041097652,0,0.20188893,0.40377784,0,LOW
68.0,17.91486644024271,70.24706508339418,2.0,1.0,50.2,1.8387584631615184,2.0,1,0,0.04184499994283941,1,0.98470587,0.03058827,0,LOW
33.0,90.69738515768071,20.88829502359437,0.0,1.0,53.69,52.90633073400552,2.0,0,0,0.1226033629695204,0,0.01354549,0.027090967,0,LOW
57.0,25.778331107965144,76.60646241524981,7.0,2.0,45.61,0.4105329992551674,3.0,1,1,-0.004370163370088664,1,0.9831405,0.033718944,0,MEDIUM
11.0,40.4842842403618,30.1909930251814,6.0,0.0,9.61,2.6523656581372013,3.0,0,0,0.011516122557622355,0,0.20943941,0.4188788,0,LOW
40.0,129.8463870388317,48.520156085157545,3.0,1.0,34.4,44.37066551481602,5.0,0,0,0.11139453255247916,0,0.0109656,0.021931171,0,LOW
1.0,65.24345228723831,45.26566776412471,2.0,2.0,32.69,18.1325971125371,4.0,0,0,0.08392651726916278,0,0.0023860286,0.004772067,0,LOW
43.0,65.30190302695578,47.77479507241945,2.0,0.0,0.0,25.73908598717028,3.0,1,0,0.09666542488513474,1,0.90065473,0.19869053,0,LOW
17.0,32.83055668900548,31.01382903580903,7.0,2.0,38.13,27.327437201353582,2.0,0,0,0.044767469770165436,1,0.6995279,0.60094416,1,MEDIUM
72.0,141.8504535694435,17.03643121855986,8.0,2.0,75.83,26.207112341666075,5.0,1,1,-0.020209094100678948,1,0.99157095,0.0168581,0,MEDIUM
59.0,71.38626989385324,68.04329857630917,6.0,1.0,0.0,43.79251476707576,3.0,0,0,0.0645926851644823,1,0.95972085,0.0805583,0,LOW
49.0,50.2961645510619,47.81925061714652,7.0,3.0,64.63,-8.695777086755397,4.0,1,1,-0.012366383565788008,1,0.99801135,0.0039772987,0,MEDIUM
72.0,105.13646191661864,49.23112486863084,4.0,0.0,9.99,8.871981575455624,5.0,0,0,0.0386552038859469,0,0.031553824,0.06310767,0,LOW
45.0,123.76919159711396,45.37621629240623,6.0,1.0,37.06,5.36250398884853,5.0,0,0,0.05243822693022293,0,0.056216836,0.11243367,0,LOW
30.0,111.73373898392194,27.132651345470723,1.0,0.0,46.7,48.25434049784118,4.0,0,0,0.1116618044510464,0,0.45226347,0.90452695,1,MEDIUM
48.0,79.11154700986103,12.131686525258772,1.0,0.0,34.53,73.91436538793933,1.0,0,0,0.05539324602428197,0,0.1949739,0.38994777,0,LOW
72.0,93.56719329573473,39.36324421863665,6.0,0.0,14.18,61.42906578291009,2.0,1,0,0.03636277537562127,1,0.9631477,0.0737046,0,LOW
14.0,140.3150330078472,26.02201275671544,2.0,0.0,52.9,29.09578806410616,5.0,0,0,0.05500613265835674,0,0.011324011,0.022648036,0,LOW
41.0,92.6921257480692,30.6529482801312,0.0,1.0,54.27,31.1551211707471,3.0,1,0,0.1357427738677891,0,0.31204116,0.6240823,1,MEDIUM
9.0,43.58766261737836,47.20182790152954,5.0,1.0,37.25,1.794178381415314,3.0,0,0,0.04873218295254955,1,0.50981927,0.98036146,1,MEDIUM
51.0,78.18894899548236,19.72661218416836,2.0,1.0,29.2,41.492678400541216,1.0,0,0,0.1027665727982009,0,0.4627545,0.925509,1,MEDIUM
72.0,151.04566336530164,42.51023565499431,6.0,0.0,6.28,41.39447430596599,5.0,0,1,-0.0017530542250804304,0,0.04197236,0.08394474,0,MEDIUM
24.0,135.06529915440493,16.881191444851723,1.0,0.0,54.83,42.75639294390514,4.0,0,0,0.07282065884869898,0,0.060505245,0.12101048,0,LOW
72.0,69.89054372340453,65.25904775086919,3.0,0.0,27.82,35.968058956702585,2.0,0,0,0.09065483504568955,0,0.4091977,0.8183954,1,MEDIUM
64.0,90.66412616306788,38.49211009838471,2.0,2.0,37.54,22.02490926419775,3.0,0,0,0.11319924926524044,1,0.5419633,0.91607344,1,MEDIUM
45.0,36.765791826833606,69.72267874298346,3.0,0.0,12.38,-4.268690816754339,3.0,1,0,0.04312064518845771,1,0.9221893,0.15562141,0,LOW
48.0,91.65514723309016,25.24326854225928,8.0,0.0,39.24,30.948910427175527,4.0,1,0,0.05738364507919269,1,0.99508977,0.009820461,0,LOW
58.0,124.5608577861413,18.24750082658353,1.0,1.0,65.15,42.48982211484238,3.0,1,0,0.07949416128934755,1,0.986008,0.027984023,0,LOW
47.0,101.95525658038191,20.682493615187926,4.0,1.0,49.33,21.481399490988085,4.0,1,0,0.10268472143033758,1,0.99235266,0.015294671,0,LOW
72.0,103.66679660650604,63.38941660448715,3.0,1.0,27.14,26.37261650918247,4.0,0,0,0.11406740519593761,0,0.0024697422,0.0049394965,0,LOW
35.0,101.19662499124092,47.22449977837772,2.0,0.0,37.21,21.024778118589357,5.0,0,0,0.11000258268029195,0,0.019753123,0.039506257,0,LOW
39.0,124.5310445379646,26.99561653570961,10.0,2.0,60.51,47.50467755304685,5.0,1,0,0.008383100677314848,1,0.9983783,0.0032434464,0,LOW
51.0,147.56215334738943,13.475753764818569,6.0,2.0,89.85,53.15607194436872,5.0,1,1,-0.010859729040501143,1,0.9973846,0.0052307844,0,MEDIUM
72.0,122.57453174363056,36.24664140130656,8.0,0.0,99.02,21.98012259474383,5.0,1,1,-0.03522998418472578,1,0.9974899,0.0050201416,0,MEDIUM
38.0,66.98852297931683,70.67758003864931,1.0,1.0,43.74,50.137885332315165,2.0,0,0,0.11993559495151995,0,0.08727369,0.17454737,0,LOW
57.0,91.71834275828624,73.6019897294433,1.0,3.0,37.76,52.64419676718488,2.0,0,0,0.05388408381612264,0,0.019983709,0.039967418,0,LOW
19.0,67.81088168962441,43.968188263761895,2.0,2.0,40.74,22.80970645032097,3.0,0,0,0.1161961099818754,0,0.0557579,0.11151582,0,LOW
71.0,81.7508124999475,69.80629378581625,2.0,0.0,27.76,31.00428055128446,2.0,0,0,0.09444291268436011,0,0.06254879,0.12509757,0,LOW
35.0,73.90998731071818,55.73230333172141,2.0,2.0,0.0,64.21729635168504,3.0,1,0,0.09743446036778897,1,0.8983391,0.20332181,0,LOW
64.0,101.14249894600349,52.2428386325995,2.0,1.0,21.45,16.09810510521072,4.0,0,0,0.11600150644970891,0,0.025613083,0.05122614,0,LOW
67.0,145.2286723308772,36.90183520991879,3.0,2.0,100.0,25.65283801307485,5.0,1,1,-0.0021893860511423835,1,0.9840899,0.031820178,0,MEDIUM
49.0,123.56359690293948,31.52762843470564,3.0,3.0,50.21,30.623793044624563,4.0,0,0,0.05553828098381375,1,0.72218674,0.5556265,0,LOW
38.0,92.44338087618038,43.41186247278568,5.0,0.0,81.21,8.55930636554799,4.0,1,0,0.034439818145076795,1,0.99598616,0.008027673,0,LOW
72.0,123.42585999943466,56.78469262826242,5.0,2.0,12.6,38.76727747117157,4.0,0,0,0.05716074565660345,0,0.025952904,0.05190581,0,LOW
51.0,102.88480887532148,54.98150406578946,4.0,2.0,39.23,9.454089515896037,5.0,0,0,0.07424271667083132,0,0.029972205,0.05994439,0,LOW
54.0,118.26146935290151,44.96245878222174,5.0,2.0,31.06,12.76127555586686,5.0,0,0,0.06493596225165954,0,0.026278565,0.05255711,0,LOW
16.0,73.39777677113153,10.768974148944748,0.0,2.0,12.43,26.034316118077783,3.0,0,0,0.0837878188077344,0,0.016188854,0.03237772,0,LOW
1.0,99.11044866150212,36.35825385001645,0.0,0.0,39.24,16.355115712426624,5.0,0,0,0.05946716584059569,0,0.00048529782,0.00097060204,0,LOW
72.0,57.834908216538736,80.22958790517998,2.0,0.0,11.26,34.16233796885088,1.0,0,0,0.04776980797676167,0,0.08979959,0.17959917,0,LOW
55.0,115.21211618967716,37.04390407549989,4.0,1.0,25.25,67.65971524662109,3.0,1,0,0.09604025934337268,1,0.8584497,0.2831006,0,LOW
48.0,112.75650005497614,39.00121902570932,0.0,1.0,38.34,29.293699752115018,3.0,0,0,0.12698109657137913,0,0.013503504,0.027006984,0,LOW
31.0,158.3731245165527,19.290130464711083,2.0,1.0,40.82,-6.892195683969187,7.0,0,1,-0.033951395494824066,0,0.0052975286,0.010595083,0,MEDIUM
40.0,145.27561773508447,12.612381410706142,6.0,0.0,0.0,89.07563698678679,4.0,1,1,-0.03205614366327658,1,0.8682634,0.26347315,0,MEDIUM
32.0,157.7144228302632,28.99130141609562,0.0,3.0,30.17,72.24224440221471,4.0,0,0,0.021389125235395268,0,0.0050293086,0.010058641,0,LOW
72.0,121.82585401912476,52.09199857333316,3.0,4.0,1.94,22.97532430855786,4.0,0,1,-0.009805083737908116,0,0.029583719,0.059167445,0,MEDIUM
49.0,88.9802545724648,54.35703344359025,4.0,3.0,86.98,11.990271944374063,3.0,1,0,0.008325900099078298,1,0.9960453,0.007909417,0,LOW
32.0,28.574338602036,48.60629459427032,5.0,2.0,45.91,45.29113289243941,2.0,1,0,0.07915595873253023,1,0.9447419,0.11051619,0,LOW
1.0,42.61201928873129,45.166752452676135,3.0,0.0,26.21,-17.081586356098832,5.0,0,0,0.020859144610075764,0,0.009357813,0.01871562,0,LOW
66.0,83.4778419978108,60.57227656901546,2.0,2.0,29.56,17.575765285922806,3.0,0,0,0.11018816069733123,0,0.067252785,0.13450557,0,LOW
1.0,37.19928913331867,16.956505434852907,3.0,0.0,79.13,19.055705519686533,3.0,0,0,0.03660806720995391,0,0.005745118,0.011490226,0,LOW
63.0,134.06224109806118,53.52571108198549,2.0,0.0,28.01,53.555001241479104,3.0,0,0,0.0886280374292171,0,0.05474053,0.10948104,0,LOW
49.0,110.78248895427318,5.217779479059701,6.0,2.0,30.17,43.03268578026504,4.0,1,0,0.05411361277628424,1,0.99773645,0.004527092,0,LOW
43.0,49.69986708463837,49.19249833513924,7.0,1.0,43.11,54.95624270625093,2.0,1,0,0.06309017207518247,1,0.9691143,0.061771393,0,LOW
65.0,85.40547536570364,61.47520672288714,5.0,1.0,39.08,24.76672066002888,3.0,0,0,0.10783305184210035,1,0.5494089,0.9011822,1,MEDIUM
5.0,78.18765435640096,22.89925192102171,1.0,1.0,34.53,20.12619858490044,4.0,0,0,0.09539385023240149,0,0.00886201,0.017724037,0,LOW
70.0,147.36197052642257,49.6508515672888,11.0,3.0,15.2,25.54215900357344,7.0,0,1,-0.08964969898306174,0,0.0048459913,0.009691954,0,MEDIUM
18.0,130.2480739780892,30.40190893307693,2.0,0.0,45.72,48.28919105222747,4.0,0,0,0.08181611626654084,0,0.028435923,0.05687183,0,LOW
72.0,120.70601367598042,60.52604367397772,3.0,1.0,12.97,43.54663547005728,3.0,0,0,0.087418996069285,0,0.0057696234,0.011539221,0,LOW
44.0,154.16713112910068,18.74859313679955,1.0,1.0,34.17,14.976388723760422,5.0,0,0,0.04696450288628429,0,0.026145492,0.052290976,0,LOW
16.0,74.69719270876232,26.3424555229415,3.0,1.0,51.73,45.77693062816509,2.0,0,0,0.09645148512827922,0,0.09879872,0.19759744,0,LOW
14.0,43.436945198425285,15.532997577401115,4.0,1.0,0.0,20.5296431389884,3.0,0,0,0.053866787292597196,0,0.027593713,0.055187404,0,LOW
45.0,145.1128650967571,0.0,10.0,1.0,0.0,46.55630250712048,6.0,1,1,-0.05931163239647319,1,0.7568605,0.486279,0,MEDIUM
19.0,45.47117189319674,19.75775709195527,2.0,1.0,30.93,9.813339505337405,2.0,0,0,0.08748759200068817,0,0.0061373073,0.012274623,0,LOW
50.0,97.99015742346586,54.27433578248276,3.0,0.0,0.0,83.54712147677509,3.0,1,0,0.04591617869327769,1,0.95373905,0.092521906,0,LOW
34.0,55.78195280788917,52.16716200192757,5.0,1.0,29.2,37.32112817426663,3.0,1,0,0.11759346738525323,1,0.9932642,0.013471603,0,LOW
46.0,133.5271253750439,28.04081906293939,1.0,1.0,41.15,58.197338840320526,4.0,0,0,0.11421634931050567,0,0.30828398,0.61656797,1,MEDIUM
20.0,167.99931651309765,11.209464040204155,0.0,2.0,54.22,40.90232534999416,6.0,0,0,0.0127382098194323,0,0.0021471942,0.0042943954,0,LOW
45.0,143.70536765952315,23.16153753936838,1.0,2.0,4.6,74.1172514880143,3.0,0,0,0.04628687424668598,0,0.15381487,0.3076297,0,LOW
49.0,79.31473043103432,0.0,0.0,0.0,18.18,41.57978947462832,1.0,0,0,0.05603835960912451,0,0.055507515,0.11101502,0,LOW
25.0,33.733212212250336,41.03055436904474,3.0,2.0,56.04,26.71244789034728,1.0,0,0,0.05755241111070375,0,0.15676968,0.3135394,0,LOW
55.0,155.79698407825566,18.70973150439652,10.0,2.0,77.99,50.6979798716655,5.0,1,1,-0.04562167593981936,1,0.9815462,0.036907554,0,MEDIUM
69.0,160.5692660930606,18.70427497365625,4.0,2.0,88.4,49.099834016026286,5.0,1,1,-0.013176804258769104,1,0.9967944,0.006411195,0,MEDIUM
23.0,50.027457915225774,38.35583238094642,1.0,2.0,45.66,36.402854989357294,2.0,0,0,0.12406502159224536,0,0.023657825,0.047315657,0,LOW
45.0,143.28604720165362,36.64134465925732,3.0,1.0,37.56,19.43949649319652,6.0,0,0,0.06330535673723969,0,0.0010173871,0.0020347834,0,LOW
34.0,53.92176964739215,63.83472765800816,1.0,0.0,8.68,50.0809994855891,1.0,1,0,0.07306295703762189,0,0.18336561,0.36673123,0,LOW
26.0,128.6633815607491,31.032678327828613,1.0,0.0,45.48,3.053992403650291,5.0,0,0,0.04723112219481351,0,0.010978547,0.0219571,0,LOW
34.0,129.62181715168515,23.53796778522604,0.0,1.0,54.19,42.69101686162186,4.0,0,0,0.11004686623411514,0,0.07691707,0.1538341,0,LOW
38.0,42.45653126050802,60.76615544619855,4.0,0.0,59.15,-7.105858400120912,3.0,1,0,0.029864084431976523,1,0.97079766,0.058404684,0,LOW
4.0,132.8579654967337,23.62177293821498,2.0,3.0,71.41,61.75007271220624,3.0,0,1,-0.012112704341789793,0,0.4023774,0.8047548,1,HIGH
57.0,133.62806208938997,1.2513897831032468,1.0,1.0,52.86,54.7129798347273,3.0,1,0,0.051425214294161026,1,0.8245752,0.35084963,0,LOW
15.0,64.86834174698114,26.7113007137391,3.0,0.0,67.22,33.21992537318227,2.0,0,0,0.07385327596157493,0,0.10162352,0.20324707,0,LOW
32.0,65.66965065736139,32.27045103521979,1.0,0.0,64.85,48.46143364060826,2.0,0,0,0.10444207155606783,0,0.11089238,0.22178477,0,LOW
59.0,110.6543432585036,49.11135379011444,6.0,1.0,32.56,2.14910496514084,5.0,0,0,0.051434705631193234,0,0.09278216,0.18556434,0,LOW
55.0,94.4792816086046,62.23591584424088,0.0,2.0,39.15,19.931962811662657,3.0,0,0,0.11147547875677971,0,0.0023225867,0.004645169,0,LOW
41.0,98.75589816404512,48.71012213407421,1.0,1.0,31.46,46.05520376649682,3.0,0,0,0.14792672321102257,0,0.046795823,0.09359163,0,LOW
52.0,95.9287572120913,39.546537275122816,1.0,1.0,46.49,50.40531824755074,2.0,0,0,0.12496542994130488,0,0.1612609,0.3225218,0,LOW
25.0,75.92455071433564,36.43207919005107,3.0,2.0,0.0,38.77978064287213,3.0,0,0,0.09135933573006694,0,0.08761153,0.17522305,0,LOW
50.0,108.48982572931462,27.05987135431452,1.0,0.0,16.38,51.35871533223914,2.0,0,0,0.09342426548408245,0,0.12713262,0.25426525,0,LOW
21.0,35.29853298090114,19.9061584802124,4.0,0.0,44.85,32.644435840117474,2.0,0,0,0.08487964803855608,0,0.46471882,0.92943764,1,MEDIUM
34.0,46.65362235541407,50.091735033790464,6.0,1.0,29.2,32.977914664116895,3.0,1,0,0.09543250098092837,1,0.9910131,0.01797378,0,LOW
42.0,40.65122141500692,39.71115998492756,0.0,2.0,49.93,36.98155328865957,1.0,0,0,0.10059060342679815,0,0.015190554,0.030381083,0,LOW
30.0,74.7570688599867,46.45208558920599,7.0,2.0,20.67,29.85130582209101,4.0,1,0,0.05745618762255311,1,0.973188,0.053624034,0,LOW
18.0,38.47508385792089,12.52590128543542,4.0,1.0,62.5,14.528243259044393,1.0,0,0,0.02429362860403894,0,0.2280123,0.4560246,0,LOW
69.0,81.90483527102943,25.300385644842336,7.0,2.0,35.99,37.05994601280493,3.0,1,0,0.06361171879028554,1,0.99527586,0.00944829,0,LOW
7.0,65.59607942909948,33.95658228669242,2.0,1.0,66.95,34.56501832170867,3.0,0,0,0.10164613431501246,0,0.016708251,0.03341651,0,LOW
19.0,138.53673531750826,32.32338631672922,2.0,1.0,54.85,25.869146415253013,5.0,0,0,0.08001349200232305,0,0.009740983,0.019481957,0,LOW
32.0,74.18926310952457,24.002648420701096,9.0,1.0,64.67,-16.545140732948095,6.0,1,1,-0.043530584725891,1,0.99432737,0.011345267,0,MEDIUM
72.0,37.58135414257664,75.33276597393052,3.0,1.0,80.3,33.364293043893085,1.0,1,0,0.03397707868086819,1,0.987745,0.024510026,0,LOW
9.0,38.15865242741079,38.17369273608341,1.0,1.0,37.25,9.635086230903251,3.0,0,0,0.0971614985224652,0,0.00736623,0.01473248,0,LOW
27.0,73.85126232698448,17.412038988010284,0.0,1.0,21.82,36.29124520752097,2.0,0,0,0.12827380376198,0,0.003359989,0.0067200065,0,LOW
56.0,122.19829800939564,31.25004289484643,4.0,0.0,1.58,55.60171478033911,4.0,1,0,0.05702920017662394,1,0.84508103,0.30983794,0,LOW
51.0,114.4411291013001,61.93984482792664,3.0,0.0,96.53,27.96583298096258,5.0,1,0,0.016904262220735378,1,0.98358583,0.03282833,0,LOW
15.0,42.97069457314375,16.024993605847133,2.0,1.0,26.88,9.36310042745412,3.0,0,0,0.08647673034194409,0,0.01848165,0.036963284,0,LOW
2.0,24.112398222405933,29.370338990824965,6.0,1.0,30.2,13.881783124362029,3.0,0,0,0.04444605289073522,0,0.017841727,0.035683453,0,LOW
68.0,82.18006141662374,55.1751466992326,2.0,1.0,26.72,-2.496945000040828,3.0,0,0,0.08123917985244389,0,0.2933862,0.5867724,0,LOW
12.0,162.2543693035238,22.723174651341296,0.0,0.0,46.68,30.64135479359333,6.0,0,0,0.006869373715922111,0,0.00027722947,0.0005544424,0,LOW
65.0,104.06699982242282,30.1142216664814,3.0,0.0,90.01,-0.144145349158407,4.0,1,0,0.0026188810704581567,1,0.9985038,0.0029923916,0,LOW
72.0,47.347526384475074,62.33537552404467,2.0,1.0,27.34,21.34432805475437,2.0,0,0,0.10308921216460931,1,0.81190735,0.3761853,0,LOW
53.0,127.9679523600826,36.465465777085946,3.0,0.0,24.77,15.649033849264844,5.0,0,0,0.0764283585479561,0,0.017854214,0.035708427,0,LOW
43.0,103.36707448328283,19.99623545762237,3.0,0.0,64.31,36.531555016786456,3.0,1,0,0.08728519802207463,1,0.9982674,0.0034651756,0,LOW
47.0,42.59224045249324,8.425325544669631,1.0,0.0,29.58,43.87253994768772,1.0,0,0,0.07904031795748984,0,0.052445676,0.10489136,0,LOW
55.0,139.4391296963222,14.756281690763348,7.0,0.0,60.45,37.171950275396696,5.0,1,0,0.0171566157856341,1,0.99613273,0.007734537,0,LOW
30.0,127.29487983280416,29.114996143481285,4.0,0.0,73.46,66.17032085445284,5.0,1,0,0.03617825829185195,1,0.99714166,0.0057166815,0,LOW
22.0,125.51315025184348,31.520174133173462,6.0,0.0,9.46,60.28488286594951,4.0,0,0,0.02944498474694357,1,0.7065056,0.5869888,0,LOW
31.0,156.53380824352055,22.10432338445416,2.0,1.0,40.82,-5.330353385003384,7.0,0,1,-0.028353140951427158,0,0.0035632283,0.0071264505,0,MEDIUM
27.0,48.06409087662264,28.541178472459208,2.0,2.0,30.14,37.7049641920528,2.0,0,0,0.1213657684256016,0,0.04017093,0.080341876,0,LOW
11.0,61.78493965294528,34.93841460320165,2.0,1.0,37.63,11.455244946647609,3.0,0,0,0.099750039868293,0,0.009449621,0.018899262,0,LOW
34.0,85.93307364270404,27.89603654244753,2.0,1.0,30.65,46.36972625646515,2.0,0,0,0.1277831364636901,0,0.29069486,0.5813897,0,LOW
1.0,52.553013264709136,22.360504702918263,6.0,2.0,11.71,5.638539740471085,5.0,0,1,-0.010310757113003777,0,0.036545206,0.073090434,0,MEDIUM
31.0,78.83973431311006,61.03118924257721,0.0,1.0,45.11,23.27737243798874,3.0,0,0,0.1306156020030071,0,0.0031212708,0.0062425137,0,LOW
25.0,24.187659361659897,31.653596291392937,0.0,2.0,56.04,26.88816275082077,1.0,0,0,0.0728451771561131,0,0.002079099,0.004158199,0,LOW
28.0,155.00666566654724,29.560549338213875,5.0,1.0,37.63,25.14700221535104,7.0,0,0,0.0002560385422168965,0,0.011783921,0.023567855,0,LOW
72.0,191.2231638205149,19.386396147057333,4.0,0.0,18.06,38.38949637282352,6.0,0,1,-0.012679231162596283,0,0.026954256,0.053908527,0,MEDIUM
18.0,59.87953739432943,34.50923698951792,5.0,1.0,0.0,26.427658380922324,4.0,0,0,0.07170068835643545,0,0.27296934,0.5459387,0,LOW
46.0,124.87837090955408,23.82088011224935,5.0,2.0,90.2,54.80603346983703,4.0,1,0,0.044044741101172846,1,0.9996387,0.0007226467,0,LOW
58.0,152.50846071131707,23.66611133438329,4.0,0.0,79.1,58.62495590902636,4.0,1,0,0.024672106102928693,1,0.9779593,0.04408145,0,LOW
61.0,96.80311507880502,12.553813093577004,7.0,1.0,40.17,20.971143262724794,4.0,1,0,0.05928614193372206,1,0.9948478,0.010304451,0,LOW
50.0,45.55774968025639,53.533868309571865,2.0,0.0,31.57,67.17674222507699,1.0,1,0,0.07953144107124177,1,0.9655456,0.06890881,0,LOW
35.0,90.9332850027338,40.49167888470425,9.0,1.0,67.29,10.56387851750772,5.0,1,0,0.012527740963278022,1,0.9918652,0.016269565,0,LOW
27.0,48.22181816232759,8.593532764851505,3.0,0.0,35.11,41.6368739144466,2.0,0,0,0.09503973197734994,0,0.11574405,0.23148811,0,LOW
64.0,95.98309840847227,48.199722500381725,4.0,2.0,37.54,26.35158651791135,3.0,0,0,0.1053815979311219,1,0.5866148,0.8267704,1,MEDIUM
72.0,105.76429720264484,79.21774216097386,6.0,1.0,0.0,36.636263237735605,3.0,0,0,0.025622358495759,0,0.088471934,0.1769439,0,LOW
39.0,102.2638341535779,15.020107383821063,1.0,0.0,7.97,49.46670509352028,2.0,0,0,0.082003304894188,0,0.096751854,0.19350374,0,LOW
41.0,104.63465747621436,27.00280753653241,0.0,1.0,54.27,42.567189305108165,3.0,1,0,0.13136899533841517,0,0.29368532,0.58737063,0,LOW
56.0,103.59853964284903,54.46858885302623,2.0,2.0,20.18,46.51273818241426,2.0,0,0,0.09766441305133189,0,0.12700017,0.2540003,0,LOW
12.0,57.474774845408575,25.31476214573783,3.0,2.0,19.64,15.38506917883786,3.0,0,0,0.07766085694756653,0,0.022091232,0.04418248,0,LOW
19.0,27.783828095560835,61.37541637765409,9.0,2.0,79.02,6.554130533181679,3.0,1,1,-0.043021138397179914,1,0.97563463,0.04873073,0,MEDIUM
67.0,110.79065634177891,33.1819029631338,1.0,2.0,84.76,11.680549135115363,4.0,1,0,0.042353647165112474,1,0.9970668,0.0058664083,0,LOW
1.0,40.99333754174441,25.575286964244743,4.0,1.0,61.29,19.405917959380076,3.0,0,0,0.06931941247820739,0,0.04761008,0.09522015,0,LOW
40.0,98.2414992855669,61.2924815048805,0.0,3.0,28.5,21.01089235363422,4.0,0,0,0.07339236296527124,0,0.0021744044,0.0043488145,0,LOW
10.0,32.71332725022773,22.368165779705443,3.0,1.0,22.77,10.261747534972391,3.0,0,0,0.07586602460401165,0,0.008203941,0.016407907,0,LOW
47.0,150.1789157488288,38.29749609371222,5.0,1.0,34.64,41.08632964902014,5.0,0,0,0.06752057800026606,0,0.06800766,0.1360153,0,LOW
10.0,59.47483031523191,23.22150728174517,5.0,0.0,22.21,27.63532662915935,3.0,0,0,0.07391475585744639,0,0.22064619,0.4412924,0,LOW
53.0,152.0721201198962,36.19934622581162,0.0,2.0,22.27,59.12984843575725,4.0,0,0,0.07727773215061279,0,0.0039479225,0.007895827,0,LOW
56.0,96.73110692600716,9.998884568774956,3.0,3.0,27.27,25.264423409005367,3.0,1,0,0.03268155766917702,1,0.94790846,0.10418308,0,LOW
30.0,139.4960371248802,19.499865280844865,0.0,3.0,30.78,55.8195597531072,3.0,0,0,0.045777252735310414,0,0.022920106,0.045840204,0,LOW
49.0,100.76707873668856,31.457346330246008,6.0,0.0,17.34,38.56363912106491,4.0,1,0,0.08083299940201333,1,0.96674716,0.06650567,0,LOW
35.0,68.8075120311292,35.50660382070135,3.0,2.0,0.0,60.6951466780578,3.0,1,0,0.0958522285786732,1,0.7516529,0.4966942,0,LOW
59.0,104.49707224856526,44.65366434150138,0.0,2.0,24.63,6.170256232214708,4.0,0,0,0.07722880336459992,0,0.083009444,0.1660189,0,LOW
1.0,74.04580385389579,31.19017657097033,8.0,1.0,0.0,-13.193445577581636,6.0,0,1,-0.05423882494791887,0,0.05581981,0.11163962,0,MEDIUM
53.0,115.21193534674958,27.851984342328084,4.0,1.0,0.0,42.90627869347632,4.0,1,0,0.08294265203888274,1,0.9585381,0.08292377,0,LOW
72.0,148.8715276871318,51.73835417023069,6.0,0.0,7.45,34.30922184787376,5.0,0,0,0.00041007560611594496,0,0.0087333135,0.017466605,0,LOW
40.0,121.04977618929914,33.437192842227034,4.0,0.0,57.81,38.0793302164336,4.0,0,0,0.09128890391294048,1,0.97496027,0.050079465,0,LOW
62.0,115.45016786324344,53.1184051325731,8.0,1.0,23.03,5.383914308143691,7.0,0,1,-0.02186147673096639,0,0.0207078,0.041415572,0,MEDIUM
72.0,90.18762923984724,60.8101372848834,2.0,0.0,29.1,52.82836250931266,2.0,0,0,0.09686331796684089,0,0.16564824,0.33129644,0,LOW
49.0,47.78151040418948,62.24069044065413,3.0,1.0,26.62,33.762105723384586,2.0,1,0,0.118662241012363,1,0.95261264,0.09477472,0,LOW
14.0,46.77229187207567,16.326722388174698,1.0,1.0,43.0,28.280501436439067,3.0,0,0,0.11951412844335801,0,0.044872552,0.089745104,0,LOW
30.0,143.11318893515573,16.286263273815823,1.0,3.0,30.78,64.15699408819746,3.0,0,0,0.026307560447690004,0,0.06749216,0.13498431,0,LOW
8.0,59.43382629774349,49.41371217282992,4.0,1.0,0.0,24.102044342208792,4.0,0,0,0.07110995642722384,0,0.016038762,0.03207755,0,LOW
72.0,86.66657876635182,66.24344291151756,3.0,2.0,0.0,87.3920375616848,1.0,1,0,0.0010458088742721916,1,0.9652389,0.06952214,0,LOW
19.0,147.5439246986072,27.61688779262812,1.0,1.0,54.85,27.669198632626944,5.0,0,0,0.06175089604518946,0,0.0066348338,0.013269663,0,LOW
28.0,67.96402671121163,21.08782118638021,6.0,1.0,29.8,27.312885635300773,4.0,1,0,0.08574878057386531,1,0.98985773,0.020284534,0,LOW
50.0,105.14433396665244,31.122586337002748,6.0,1.0,64.25,19.37235805528067,4.0,1,0,0.08377546777652145,1,0.9975139,0.0049722195,0,LOW
20.0,115.57177659023874,26.114290513310443,2.0,1.0,57.94,15.762867854482463,5.0,0,0,0.07374698869308521,0,0.039239015,0.07847804,0,LOW
50.0,123.3124973265257,29.41666631092493,6.0,1.0,70.38,32.24198468514202,5.0,1,0,0.06558294947597298,1,0.99720496,0.005590081,0,LOW
43.0,151.649695048163,30.49316289535366,2.0,2.0,33.16,51.35466107802115,4.0,0,0,0.08393222529797151,0,0.051453106,0.10290623,0,LOW
56.0,101.20334193508126,19.986205586061043,6.0,0.0,34.36,0.8860358148214882,4.0,1,0,0.024150784309942774,1,0.9847611,0.030477762,0,LOW
71.0,68.18157267403501,43.04641448095165,6.0,0.0,35.75,35.80013065239944,3.0,1,0,0.07970808529214413,1,0.9811257,0.037748575,0,LOW
15.0,52.67154632975978,20.77265419038392,3.0,1.0,26.88,11.818109481429572,3.0,0,0,0.09083875501605382,0,0.036634497,0.07326901,0,LOW
39.0,87.5816505111402,53.48813828109456,2.0,2.0,32.63,35.26711384961509,2.0,0,0,0.11017922660674606,0,0.12872621,0.25745243,0,LOW
4.0,131.9080725297395,19.56635255029025,2.0,0.0,86.52,44.34625720287913,4.0,0,0,0.009954235095609665,0,0.13111494,0.26222992,0,LOW
39.0,118.07178207457603,19.07469442652027,2.0,1.0,6.02,64.71368012885848,3.0,0,0,0.08879821216230055,1,0.7409341,0.51813185,0,LOW
37.0,22.38348343630878,58.95957799866938,0.0,2.0,73.08,3.585859814733212,1.0,0,0,0.01107119490585895,1,0.50155205,0.9968959,1,MEDIUM
69.0,101.88661478151946,32.554863605857705,9.0,2.0,88.71,24.13607645407472,4.0,1,1,-0.00894536249122957,1,0.999049,0.0019019842,0,MEDIUM
48.0,109.67288664256806,27.585978141625304,7.0,1.0,74.45,28.479960491904365,5.0,1,0,0.05333267808444819,1,0.99912626,0.001747489,0,LOW
34.0,39.25588282262612,59.77614216502457,5.0,1.0,29.2,29.24560511779824,3.0,1,0,0.10446151660488845,1,0.98725826,0.025483489,0,LOW
1.0,53.064423594361536,74.92155020171289,2.0,0.0,59.27,6.799014840061668,4.0,0,0,0.024255800475877942,0,0.0021630402,0.004326105,0,LOW
28.0,75.9822237065564,58.42741446610342,1.0,1.0,58.25,29.28851975851382,2.0,0,0,0.09963019198857886,0,0.011800285,0.023600578,0,LOW
72.0,76.78484985321755,41.07650995456372,5.0,0.0,26.55,61.796385228075486,2.0,1,0,0.06302956025755008,1,0.98924595,0.021508098,0,LOW
49.0,86.52759046945417,33.09994096283282,7.0,0.0,17.34,35.13835724019679,4.0,1,0,0.07113056444503774,1,0.99296546,0.01406908,0,LOW
1.0,37.26761865945095,24.466218527057706,4.0,1.0,65.0,10.664797715029136,3.0,0,0,0.04477706020406802,0,0.038650863,0.07730174,0,LOW
19.0,74.02066257439373,42.95245586377791,1.0,2.0,35.0,24.703655719862272,3.0,0,0,0.12241264057247847,0,0.011958731,0.023917437,0,LOW
72.0,125.4949948271818,58.65203332117142,5.0,0.0,7.63,38.73266273177082,4.0,0,0,0.044055830548209385,0,0.020532934,0.04106587,0,LOW
33.0,141.61857164078845,33.38544949468218,4.0,2.0,28.78,63.1568896794525,4.0,0,0,0.07304694982018162,0,0.20360132,0.4072026,0,LOW
65.0,149.52782120701858,33.58307129160636,6.0,2.0,27.1,35.66207376409208,5.0,0,0,0.03674538949041495,0,0.07660428,0.15320855,0,LOW
33.0,160.60449691173324,7.42048007541746,9.0,3.0,0.0,78.55847793523769,5.0,1,1,-0.10990789217136743,1,0.8748139,0.25037217,0,MEDIUM
46.0,114.74967428643272,49.16232454566738,1.0,1.0,39.66,23.21177970987413,4.0,0,0,0.13231338455213726,0,0.010132305,0.020264626,0,LOW
43.0,89.70050297785781,24.904110543587077,2.0,0.0,64.31,48.075017045098335,3.0,1,0,0.10839805671010738,1,0.9954971,0.009005785,0,LOW
26.0,27.149360388650784,2.321841074398032,3.0,1.0,61.5,34.89508576459954,1.0,0,0,0.04045890229466431,0,0.029538874,0.05907774,0,LOW
15.0,50.04687075079522,7.830984259813964,1.0,0.0,73.97,18.941302370708215,2.0,0,0,0.03736807276027443,0,0.011892779,0.023785532,0,LOW
72.0,135.2645133442906,55.95318218568856,1.0,2.0,100.0,-19.093167163251007,4.0,1,1,-0.02634227181902493,1,0.99402976,0.011940479,0,MEDIUM
72.0,50.05382842342453,58.88477361979015,0.0,1.0,43.93,18.07791897056224,1.0,1,0,0.07735006790978882,0,0.27687654,0.5537531,0,LOW
70.0,83.58209364034207,2.555894135683774,5.0,0.0,29.73,4.026913625290391,3.0,1,0,0.012900310839485174,1,0.9569993,0.086001396,0,LOW
33.0,116.39620895470388,23.54116502967496,5.0,2.0,47.62,21.24665942298896,5.0,1,0,0.06030333744993033,1,0.94232976,0.11534047,0,LOW
52.0,63.74116754087053,64.89359134731829,1.0,3.0,39.16,-3.942255926754214,3.0,0,0,0.029832732108338034,0,0.131742,0.263484,0,LOW
52.0,115.98934289393418,45.40317159587773,0.0,0.0,27.78,47.97868617870695,3.0,0,0,0.12184335969113458,0,0.019226722,0.03845346,0,LOW
63.0,109.48427203754947,51.40423132660825,2.0,0.0,100.0,11.55371602875682,4.0,1,0,0.017502152405452054,1,0.99276966,0.014460683,0,LOW
17.0,45.43446123137122,6.478577502199461,1.0,0.0,34.28,22.443111294734464,3.0,0,0,0.08222493538864473,0,0.020971544,0.041943073,0,LOW
44.0,106.86013422109048,13.603962217158466,4.0,1.0,55.06,43.78453219466636,3.0,1,0,0.08539863388239782,1,0.99933237,0.0013352633,0,LOW
58.0,26.724576016024347,58.633237776580486,6.0,1.0,71.27,15.456626012036104,2.0,1,0,0.04149274470003306,1,0.9943368,0.011326432,0,LOW
39.0,77.04099878032491,79.52984249402641,1.0,2.0,32.63,39.96223451387535,2.0,0,0,0.09533858266297146,0,0.008857057,0.017714143,0,LOW
39.0,107.3399870075001,58.62649656441198,0.0,0.0,40.38,35.81672001408158,3.0,0,0,0.12166540069559567,0,0.0021732636,0.0043465495,0,LOW
38.0,72.2859374777614,30.72446977623389,1.0,3.0,45.26,9.499753213748976,3.0,1,0,0.05176086966659765,1,0.66020995,0.6795801,1,MEDIUM
28.0,103.56217312504955,17.001502392802834,8.0,0.0,33.78,26.85252594486036,5.0,1,0,0.028531274367043724,1,0.9838358,0.032328367,0,LOW
72.0,45.98007017155837,79.92417526351524,2.0,0.0,7.4,23.13741839745819,2.0,0,0,0.05798358276095572,0,0.3043171,0.6086342,1,MEDIUM
51.0,97.22265428116428,19.00310210397309,1.0,1.0,26.12,58.05940623525001,1.0,0,0,0.09028332441627829,0,0.14031681,0.28063363,0,LOW
33.0,148.21873977205215,29.516703455763,2.0,2.0,45.16,56.45071909839199,4.0,0,0,0.07613314289996531,0,0.21802938,0.43605876,0,LOW
61.0,109.49934712093275,57.6836320083146,1.0,2.0,34.15,26.882919536918337,3.0,0,0,0.11166811625337453,0,0.005209133,0.010418296,0,LOW
59.0,109.02218023703396,42.04144152363329,7.0,1.0,32.56,12.351635582373174,5.0,0,0,0.06248756892703783,0,0.2957073,0.5914146,0,LOW
51.0,142.18287391802895,8.372063777634768,7.0,3.0,39.51,35.918971671242545,5.0,1,1,-0.015413741777686396,1,0.92269653,0.15460694,0,MEDIUM
72.0,144.5422672982523,21.935076657431043,10.0,2.0,75.83,30.375704613382982,5.0,1,1,-0.042206315076944056,1,0.987386,0.025228024,0,MEDIUM
9.0,29.57366484068819,36.51055105035755,3.0,3.0,35.36,15.312071439696512,3.0,0,0,0.043352976778321506,0,0.0059662415,0.011932492,0,LOW
6.0,41.44319169286702,16.553898531153365,4.0,1.0,52.07,8.127376190003996,2.0,0,0,0.03114877094874713,0,0.026252558,0.052505136,0,LOW
28.0,94.79064398878774,34.3696036415487,0.0,0.0,18.25,48.67290152884096,3.0,0,0,0.12583352981821455,0,0.004771281,0.009542584,0,LOW
38.0,109.5053108489595,26.536233313480043,6.0,0.0,62.34,39.26783294828345,4.0,1,0,0.0746850943513333,1,0.99953175,0.0009365082,0,LOW
58.0,74.49701878283234,44.65647160923248,0.0,2.0,46.8,-4.72653328939017,4.0,0,0,0.06389725591683104,0,0.1718429,0.3436858,0,LOW
50.0,149.61260638928667,38.16038179446023,5.0,1.0,16.96,31.037251293645788,6.0,0,0,0.03233756261844345,0,0.0049626194,0.009925246,0,LOW
24.0,71.51771960556098,13.859367354183115,1.0,1.0,27.9,23.77147697296795,3.0,0,0,0.12060845697342426,0,0.03777507,0.07555014,0,LOW
49.0,123.63467615264878,35.427258504838406,1.0,1.0,38.39,27.896976237548344,4.0,0,0,0.12861524394794976,0,0.016030373,0.032060742,0,LOW
19.0,42.15402876608822,20.96944784235232,2.0,1.0,57.06,43.227823780695424,2.0,0,0,0.11080841063011504,0,0.006427622,0.012855232,0,LOW
42.0,136.39844666008764,30.74658201169124,0.0,0.0,97.01,61.88740022394573,4.0,1,0,0.0218163878996529,1,0.99106663,0.01786673,0,LOW
27.0,83.05237293245709,48.25419772344438,1.0,1.0,59.05,35.81190063342681,3.0,0,0,0.12852557511736978,0,0.03729996,0.07459992,0,LOW
20.0,101.58366307246688,22.590949110368644,1.0,1.0,5.04,46.88650803545299,3.0,1,0,0.10403256208369938,0,0.007152061,0.0143041015,0,LOW
53.0,90.2664083444501,23.015659956285184,1.0,1.0,1.81,54.63039109474801,1.0,0,0,0.06999352572599149,0,0.15686482,0.31372964,0,LOW
45.0,141.64320807421018,16.971940239086557,6.0,1.0,75.42,71.88898942381073,4.0,1,0,0.02837775515470453,1,0.9908399,0.018320203,0,LOW
32.0,75.38401586887994,67.65921516336687,0.0,1.0,45.75,48.8329131516157,2.0,0,0,0.12434535429113325,0,0.0017256555,0.0034512877,0,LOW
1.0,47.07757789306548,26.107172426619734,2.0,1.0,61.29,16.904180620993536,3.0,0,0,0.07631469136051888,0,0.006475593,0.012951195,0,LOW
1.0,69.49544625554685,16.87223513294605,1.0,1.0,71.39,21.427381694156672,3.0,0,0,0.06101399290360926,0,0.0102928225,0.020585656,0,LOW
22.0,36.17842406593947,18.29254857638305,2.0,0.0,30.24,25.420389362348715,2.0,0,0,0.09776448139271915,0,0.0055781687,0.011156321,0,LOW
72.0,75.35944476589124,59.250423373903466,3.0,1.0,21.36,78.48393836133212,1.0,1,0,0.04964146544987158,1,0.9084352,0.18312955,0,LOW
72.0,95.63570423861135,54.47644365809106,2.0,0.0,29.1,46.53153355699209,2.0,0,0,0.09486075240473607,0,0.20708358,0.41416717,0,LOW
59.0,135.3879045006088,15.891826965744306,4.0,1.0,69.71,33.516777110650395,4.0,1,0,0.058444962582417936,1,0.9983387,0.0033226013,0,LOW
47.0,59.58606947939736,54.10849312611672,3.0,1.0,0.0,81.77854766491726,1.0,1,0,0.03887233766646392,1,0.98769635,0.0246073,0,LOW
45.0,22.85698846406538,9.057069797687776,1.0,2.0,32.69,24.214469705290007,1.0,0,0,0.053547948111406285,0,0.10572827,0.21145654,0,LOW
72.0,94.41232294187704,63.150452293407575,3.0,0.0,0.0,23.064251141729663,3.0,0,0,0.06117368014173791,0,0.17498142,0.34996283,0,LOW
72.0,57.77163567218888,55.51678286550736,3.0,0.0,25.49,10.43892072307671,2.0,0,0,0.06426874847801073,1,0.86831,0.26338005,0,LOW
11.0,55.88532587851127,33.747852025040544,1.0,2.0,19.05,18.579467833298523,3.0,0,0,0.09864629513037465,0,0.0045412313,0.009082437,0,LOW
52.0,65.8494305265227,41.12920551454079,5.0,0.0,16.58,42.93634547163607,3.0,1,0,0.09860709508402193,1,0.9925464,0.014907241,0,LOW
49.0,128.9933878022903,28.313466419908607,8.0,2.0,0.0,66.81981903033207,4.0,1,0,0.0018939275334810546,1,0.96664006,0.06671989,0,LOW
46.0,138.84901957169842,5.267674949218296,2.0,1.0,8.51,80.5220340579863,3.0,0,0,0.030821199401750543,1,0.7212078,0.5575844,0,LOW
18.0,104.54220133226892,16.908845044763467,2.0,1.0,7.61,30.06841598836172,4.0,0,0,0.08669305448985731,0,0.026391264,0.052782536,0,LOW
31.0,111.64301621320448,32.146204435517454,1.0,2.0,49.98,55.6608006615025,3.0,0,0,0.10978890461687418,0,0.22589897,0.45179796,0,LOW
57.0,75.24492203326372,77.051629596504,3.0,3.0,37.76,56.89518473461655,2.0,0,0,0.03769680347616766,0,0.37259802,0.74519604,1,MEDIUM
20.0,64.27750202459828,16.39770474571462,2.0,1.0,11.41,29.13749757539054,3.0,0,0,0.10737558319642476,0,0.01994974,0.03989947,0,LOW
17.0,38.73423222111626,43.73684476489373,3.0,1.0,8.46,32.10313713951817,3.0,0,0,0.10664992601290046,0,0.020251067,0.04050213,0,LOW
13.0,102.52651809898852,20.78000805778887,0.0,2.0,34.83,29.83444518785349,3.0,0,0,0.09781668448159386,0,0.0064526135,0.01290524,0,LOW
57.0,13.245866326020868,34.703555773430544,2.0,1.0,17.8,42.97796125483304,1.0,0,0,0.07642946271875362,0,0.33983707,0.67967415,1,MEDIUM
56.0,60.79107083760374,48.154177361153685,7.0,0.0,47.37,5.396838260490265,4.0,1,0,0.03985720254759828,1,0.98826873,0.023462534,0,LOW
1.0,99.72391209430228,33.51919590118224,2.0,1.0,37.79,30.931323330732067,4.0,0,0,0.09545072469288779,0,0.006248933,0.012497842,0,LOW
38.0,69.64349009704533,29.125120791162207,1.0,3.0,45.26,12.89683766207694,3.0,1,0,0.057798357475310036,1,0.8067405,0.38651896,0,LOW
72.0,66.66970344561727,73.8560589420943,2.0,0.0,11.23,30.645802003449436,1.0,0,0,0.05294947074628753,0,0.12341723,0.24683446,0,LOW
24.0,44.02560000044658,61.74838478203373,5.0,2.0,23.19,51.861323596875465,2.0,1,0,0.07067548048091232,1,0.97347045,0.0530591,0,LOW
71.0,91.49031030671532,36.86536902159374,3.0,3.0,16.54,27.28513598026885,3.0,1,0,0.055924903220311295,1,0.6316811,0.73663783,1,MEDIUM
72.0,75.74491727132065,78.57350136146843,5.0,4.0,16.48,43.00328893877469,3.0,0,0,0.0014960357939434177,0,0.16315797,0.32631594,0,LOW
72.0,91.92150072965762,65.23585674741692,0.0,1.0,11.02,39.55023504939883,2.0,0,0,0.09902525202563378,0,0.028550329,0.057100654,0,LOW
34.0,90.7685692846245,35.99299524630874,0.0,1.0,58.18,13.94609272729334,4.0,1,0,0.10497397452814244,0,0.049454566,0.09890914,0,LOW
43.0,95.50984880335,20.635519478573254,5.0,0.0,64.31,45.9800104529223,3.0,1,0,0.08425785725553325,1,0.999637,0.0007259846,0,LOW
35.0,138.74335273817337,35.062667099981184,3.0,2.0,34.58,4.972937148415765,6.0,0,0,0.027544093126036007,0,0.001083806,0.0021675825,0,LOW
72.0,108.26820336049856,47.9323035304462,6.0,0.0,9.99,9.655329889813531,5.0,0,0,0.01789976141869898,0,0.13130985,0.26261973,0,LOW
49.0,113.878923080184,28.07348447720684,8.0,3.0,73.72,39.96436917905496,5.0,1,1,-0.0017365673040058427,1,0.99949336,0.001013279,0,MEDIUM
40.0,46.386584519595246,63.55741422726398,2.0,0.0,0.0,55.79914037155656,2.0,1,0,0.07993269819837029,1,0.9458878,0.10822439,0,LOW
53.0,93.80160308561068,22.705832780795756,0.0,2.0,67.41,22.9190983425949,3.0,1,0,0.0906041596563375,1,0.96874195,0.06251609,0,LOW
8.0,48.05052410074924,27.192888232642755,1.0,1.0,56.92,16.760213094034157,3.0,0,0,0.09368652604664468,0,0.006375168,0.012750328,0,LOW
65.0,96.38433671225638,16.791089399986177,4.0,3.0,30.24,1.0822752685301094,4.0,1,0,0.00016842971060193612,1,0.937516,0.12496805,0,LOW
38.0,134.18690588069066,22.054691405853376,2.0,0.0,65.39,71.66858066592424,4.0,1,0,0.05393361768059557,1,0.9961553,0.007689357,0,LOW
58.0,104.7260296699642,38.90218300221701,6.0,1.0,76.13,35.02182725824934,5.0,1,0,0.07196392088347725,1,0.99335843,0.0132831335,0,LOW
66.0,123.5998944823229,18.27559177567736,7.0,3.0,46.48,27.52039139536816,5.0,1,1,-0.0020328242380758255,1,0.9757455,0.048509,0,MEDIUM
51.0,121.00488127204908,10.67048748357123,3.0,3.0,50.54,50.63985495221182,4.0,1,0,0.03336910091748091,1,0.9932035,0.013592958,0,LOW
1.0,56.61239206735363,38.00347124598545,4.0,0.0,8.55,-10.221625986570364,5.0,0,0,0.000866138653937254,0,0.021853305,0.043706596,0,LOW
27.0,60.65295009771573,8.458653303341336,3.0,0.0,35.11,36.38063556491761,2.0,0,0,0.09017053707163536,0,0.20930646,0.41861296,0,LOW
15.0,88.14750058784428,19.343967087078106,0.0,0.0,53.59,46.06010100218676,3.0,0,0,0.10569525697241361,0,0.016093018,0.03218603,0,LOW
49.0,93.7404116973006,16.45092753023024,5.0,2.0,31.87,19.78460818541521,4.0,1,0,0.07809994381454155,1,0.9822334,0.03553319,0,LOW
50.0,43.07103061003686,58.63424061483258,5.0,0.0,31.57,63.6926929660992,1.0,1,0,0.049027699770260114,1,0.99150026,0.016999483,0,LOW
40.0,94.64352691488229,28.570034716954115,4.0,2.0,66.5,28.93346396743005,4.0,1,0,0.09324859304712957,1,0.99841344,0.0031731129,0,LOW
1.0,56.41624414780908,32.90428373412735,5.0,1.0,21.56,3.0430516200671143,5.0,0,0,0.028496481289842945,0,0.08705589,0.17411178,0,LOW
4.0,63.397623244650426,6.350117931815831,3.0,2.0,41.72,26.559385323159702,3.0,0,0,0.061498770806711955,0,0.067396335,0.13479269,0,LOW
64.0,81.29891777651335,47.35711326314021,6.0,0.0,28.64,65.53749921198643,2.0,1,0,0.058933834838942545,1,0.98838836,0.02322328,0,LOW
51.0,104.688416834426,14.03311992259588,0.0,1.0,35.07,13.93923458513676,4.0,1,0,0.08695054122904666,1,0.7829497,0.43410063,0,LOW
20.0,93.85063189671854,49.63427807391406,2.0,1.0,46.35,54.68017917584872,3.0,0,0,0.12224726337450192,0,0.10953509,0.2190702,0,LOW
32.0,94.4464391880624,21.71976606650553,3.0,0.0,32.81,39.70602642353647,2.0,0,0,0.09375289425727029,0,0.40272495,0.8054499,1,MEDIUM
1.0,34.55246442843882,12.454341143352943,4.0,0.0,89.17,7.215037788895907,2.0,0,1,-0.0286254662550105,0,0.015822394,0.03164476,0,MEDIUM
58.0,130.69650800375177,16.48419381470977,0.0,1.0,65.15,36.02772509758421,3.0,1,0,0.06315962969462102,1,0.9508957,0.09820855,0,LOW
14.0,95.7733456029369,34.85606763147291,4.0,0.0,16.23,29.32199542735555,4.0,0,0,0.07641608278007034,0,0.13794531,0.2758906,0,LOW
1.0,53.55428290445189,32.646183571709976,3.0,0.0,34.99,8.330834049146416,4.0,0,0,0.06289248268412262,0,0.0059610377,0.011922061,0,LOW
44.0,134.674705704592,39.77366152254084,0.0,1.0,44.53,51.870126718844176,3.0,0,0,0.11434432056560695,0,0.008294559,0.016589105,0,LOW
72.0,71.8082428228895,67.72733480925804,1.0,2.0,22.96,40.31271349927186,2.0,0,0,0.10381317490371356,0,0.033449866,0.06689972,0,LOW
72.0,84.12476774342076,51.55697210351233,6.0,2.0,17.4,26.449619746168032,3.0,0,0,0.06819248132017797,1,0.6676506,0.66469884,1,MEDIUM
51.0,44.56108894396348,51.07848892768904,4.0,0.0,30.94,62.506419832613645,1.0,1,0,0.06327641797234523,1,0.9853108,0.029378414,0,LOW
67.0,83.54720494073112,65.0023382692601,6.0,2.0,22.36,-4.544389276259244,4.0,0,0,0.02384365793014742,0,0.103700906,0.20740181,0,LOW
8.0,29.1745088022365,21.004646754063483,8.0,0.0,3.37,10.18168623797355,3.0,0,1,-0.021805341684747237,0,0.040486798,0.080973625,0,MEDIUM
38.0,141.06407651489096,19.424511353499103,7.0,0.0,39.06,35.94962638792471,6.0,1,0,0.01654942105257806,1,0.5017974,0.99640524,1,MEDIUM
57.0,98.17850730153724,57.91101550584271,0.0,2.0,23.44,30.53739810203863,3.0,0,0,0.11874637420507395,0,0.005411328,0.010822654,0,LOW
41.0,111.56035625430415,50.52634521494596,3.0,2.0,39.58,38.88072179462784,3.0,0,0,0.11078257057871516,0,0.19560692,0.39121383,0,LOW
23.0,63.248281720883455,41.600914717398354,1.0,2.0,45.66,35.544360049516385,2.0,0,0,0.11816764675754754,0,0.023027614,0.046055198,0,LOW
23.0,73.53306965273148,38.57182835239605,0.0,0.0,53.91,39.587339519732566,2.0,0,0,0.11440952143264482,0,0.0010609365,0.0021218657,0,LOW
58.0,125.987198710093,24.906917678928878,6.0,0.0,79.1,52.71261779984836,4.0,1,0,0.03946320962431982,1,0.99607867,0.00784266,0,LOW
52.0,98.03072240220912,63.04347635866222,2.0,2.0,36.58,30.643923785666523,3.0,0,0,0.11839332913388612,0,0.015644023,0.031288028,0,LOW
58.0,100.38831073532764,57.618741370304136,1.0,3.0,31.27,43.2693652248718,3.0,0,0,0.08477378157065735,0,0.012024134,0.024048269,0,LOW
61.0,93.9541768061876,41.47589146013875,6.0,3.0,33.71,-10.207972622345686,6.0,0,1,-0.02052725783897691,0,0.08126947,0.16253895,0,MEDIUM
7.0,104.2853621523501,14.922617059809973,0.0,1.0,12.48,35.90818010323826,4.0,0,0,0.08175852603790312,0,0.008030927,0.016061842,0,LOW
17.0,53.553800980608415,28.01010066784768,8.0,2.0,42.32,-4.101279408395264,5.0,1,1,-0.026556722219405415,1,0.97648424,0.04703152,0,MEDIUM
51.0,95.09265379685326,16.901381902505303,3.0,1.0,60.26,31.395519183314907,3.0,1,0,0.10343357974184053,1,0.9965107,0.006978631,0,LOW
15.0,104.37352355963552,38.59884651460705,1.0,2.0,18.09,45.46315746651936,4.0,0,0,0.10890728491015383,0,0.008250222,0.016500473,0,LOW
72.0,115.01794570050654,35.311493413786906,9.0,0.0,99.02,24.07388589660315,5.0,1,1,-0.044866104666775986,1,0.9981893,0.003621459,0,MEDIUM
1.0,38.28798260426404,15.011292809772169,7.0,1.0,11.15,-12.115590908117628,5.0,0,1,-0.03605507698472299,0,0.10444677,0.20889354,0,MEDIUM
26.0,37.07943970048811,31.59026000453353,7.0,1.0,79.5,13.39428874389494,3.0,1,0,0.03004395803294424,1,0.98111075,0.037778497,0,LOW
10.0,51.5107416171155,27.641255526086937,0.0,1.0,24.13,13.174708686917224,3.0,0,0,0.09681811122494566,0,0.0030126902,0.006025374,0,LOW
44.0,50.00942324388224,45.021439932498815,5.0,1.0,37.78,35.31306453689346,3.0,1,0,0.12132380550424804,1,0.99360114,0.012797713,0,LOW
72.0,144.0889592465398,56.63013078757249,5.0,1.0,16.35,46.32092458597424,5.0,0,0,0.0439655410762787,0,0.004872573,0.009745121,0,LOW
43.0,127.84209560760446,35.8804983976386,0.0,0.0,37.93,66.38411013663814,3.0,0,0,0.10787920553804209,0,0.007379466,0.0147589445,0,LOW
59.0,151.52237242919512,36.13027114830621,2.0,0.0,100.0,41.24706253407359,4.0,1,0,0.0019510467772246853,1,0.99136037,0.017279267,0,LOW
7.0,32.51308050280422,24.17389853147551,7.0,2.0,11.07,1.8980405317366191,3.0,0,1,-0.02333734069984783,0,0.14297509,0.28595018,0,MEDIUM
1.0,39.29681876521015,14.687462523090376,3.0,2.0,45.86,14.341738917018734,3.0,0,0,0.05421745045614246,0,0.010220697,0.020441413,0,LOW
40.0,95.152236566711,49.88945502052265,0.0,0.0,50.57,34.03089998416045,3.0,0,0,0.1240731100981719,0,0.012194689,0.024389386,0,LOW
72.0,51.07561580812754,84.12525037113554,3.0,0.0,7.4,25.50375320744844,2.0,0,0,0.045899399743465685,0,0.115266256,0.23053253,0,LOW
39.0,127.03266287539851,51.50935356758355,0.0,1.0,31.08,48.81569021057776,3.0,0,0,0.1270787608235548,0,0.0015992366,0.0031984448,0,LOW
71.0,90.44686597118525,32.17420572600215,3.0,3.0,16.54,12.242848563911892,3.0,1,0,0.03762985687582843,1,0.6454822,0.70903563,1,MEDIUM
58.0,120.9846227982116,46.64344282221922,4.0,0.0,25.2,24.955163788625757,5.0,0,0,0.08529231829664402,0,0.011251646,0.022503316,0,LOW
48.0,108.86086043151852,43.81402970050677,0.0,3.0,36.46,25.15296183830745,4.0,0,0,0.0867496240819296,0,0.012879851,0.025759697,0,LOW
72.0,66.29912636696406,80.64448284730123,0.0,3.0,20.66,35.648968354500035,1.0,0,0,0.027703484524266297,0,0.008639468,0.01727891,0,LOW
33.0,131.59707890800132,22.45404627806497,3.0,2.0,46.72,38.59616339968892,5.0,0,0,0.07843463749580942,0,0.435728,0.871456,1,MEDIUM
64.0,156.75845832543624,39.6502742226921,3.0,1.0,20.03,49.80301023187511,5.0,0,0,0.054124756295977794,0,0.0120481765,0.02409637,0,LOW
31.0,35.48657285438166,0.0,4.0,1.0,50.54,21.20813911270682,1.0,0,0,0.025274050255541525,1,0.7413957,0.5172086,0,LOW
38.0,120.58980082664186,38.314940516242565,4.0,3.0,75.17,30.74467771135639,5.0,1,0,0.02288847091676771,1,0.965542,0.06891596,0,LOW
41.0,112.08190100230928,25.41945250582401,3.0,1.0,74.31,40.1540140331291,4.0,1,0,0.10167618859436467,1,0.9981502,0.003699541,0,LOW
42.0,136.0416589724646,24.28086632206966,7.0,2.0,75.89,53.35988622053404,5.0,1,0,0.027839207447723058,1,0.9974009,0.0051982403,0,LOW
28.0,52.15352811883205,42.98794374396893,2.0,1.0,46.54,33.466069821704046,2.0,0,0,0.12715949779413488,0,0.18950704,0.37901407,0,LOW
43.0,32.01857864532127,57.59741600363159,2.0,1.0,45.67,8.795935158089883,2.0,1,0,0.0880361996079837,1,0.82276946,0.35446107,0,LOW
40.0,113.1182380273541,51.18672524549564,1.0,2.0,37.43,36.46604992329733,4.0,0,0,0.13178591775482668,0,0.013185487,0.026371002,0,LOW
72.0,80.61069279300688,25.949421349575065,6.0,0.0,93.8,-10.738416212243422,3.0,1,1,-0.024507223818194923,1,0.9994417,0.0011166334,0,MEDIUM
63.0,108.79748012924102,25.27742098590756,4.0,1.0,10.98,74.51497330161787,2.0,1,0,0.05135691830350253,1,0.9519824,0.09603524,0,LOW
32.0,140.04706056063907,25.03653780145035,6.0,1.0,57.64,36.4699168843263,6.0,1,0,0.03192202531255661,1,0.77896667,0.44206667,0,LOW
36.0,123.40392973250977,34.047665177204166,0.0,1.0,48.86,22.60357017138507,5.0,0,0,0.1058715101793351,0,0.0029411104,0.0058822036,0,LOW
19.0,134.50854171370815,33.00291811866957,1.0,1.0,56.51,40.105644896088165,5.0,0,0,0.0968040324412679,0,0.00906404,0.018128097,0,LOW
1.0,50.890902339467566,14.30734369169686,4.0,2.0,45.86,15.61625447930097,3.0,0,0,0.04656771908062485,0,0.052360788,0.104721546,0,LOW
60.0,161.81773229423797,35.733175864393104,4.0,0.0,23.98,46.04903134397489,5.0,0,0,0.033848310041609486,0,0.03964066,0.07928133,0,LOW
24.0,85.27027029025642,19.073624814158546,8.0,2.0,21.84,27.88447716820065,4.0,1,0,0.024519301237885704,1,0.97328556,0.05342889,0,LOW
35.0,81.47906832421609,23.05997066502745,8.0,2.0,33.13,-0.6608439133322648,5.0,1,1,-0.01581674046243442,1,0.97881144,0.042377114,0,MEDIUM
72.0,107.62413441781746,41.76511737012446,4.0,1.0,25.46,22.19952052374277,4.0,0,0,0.10417004740097902,0,0.17423388,0.34846777,0,LOW
68.0,44.234952610753496,62.70136788846835,2.0,1.0,50.2,9.121858615861823,2.0,1,0,0.07202163242812293,1,0.8910932,0.21781361,0,LOW
49.0,142.76502403860556,41.483073949953706,6.0,1.0,25.98,43.78613224078592,6.0,0,0,0.05061552767141497,0,0.013878408,0.02775681,0,LOW
64.0,90.14944844496078,48.29631300135413,5.0,2.0,76.85,-17.578909059999766,5.0,1,0,0.014726304720911965,1,0.9834494,0.0331012,0,LOW
50.0,68.65857266225163,62.05498015651831,0.0,1.0,53.52,10.843644033627164,3.0,0,0,0.10250821154509421,0,0.02239341,0.04478681,0,LOW
68.0,38.92196547522248,57.76485206803522,2.0,0.0,82.73,-8.377004652422961,2.0,1,0,0.00850222419999136,1,0.99690455,0.006190896,0,LOW
21.0,37.70717551410148,18.147310922823863,1.0,1.0,39.56,28.889524515204656,2.0,0,0,0.12263742202961281,0,0.010066187,0.020132363,0,LOW
45.0,129.69344163673094,15.915844453470072,10.0,2.0,42.38,37.034031644282464,6.0,1,1,-0.012032360498871797,1,0.9775277,0.044944644,0,MEDIUM
1.0,41.296388919558,6.493892692850996,7.0,1.0,39.68,-4.327387354905239,3.0,0,1,-0.02284766360530288,1,0.5476466,0.90470684,1,HIGH
49.0,132.3447755946356,31.94854531699441,2.0,3.0,50.21,18.511423264924524,4.0,0,0,0.037528560954826484,0,0.39381635,0.7876327,1,MEDIUM
31.0,137.5103109566345,35.6663356040124,3.0,2.0,49.98,41.045666161943714,3.0,0,0,0.07250131948827981,0,0.35153532,0.70307064,1,MEDIUM
72.0,34.61496987135432,40.22933050369419,6.0,1.0,79.47,-3.689170838279305,2.0,1,1,-0.006563835360336778,1,0.99510634,0.009787321,0,MEDIUM
38.0,138.7955967236202,29.0610489619941,0.0,0.0,39.1,51.018274457343,5.0,0,0,0.09537982882563806,0,0.005502386,0.011004746,0,LOW
67.0,73.87892742603957,55.62650133902591,7.0,2.0,22.36,-1.0201026038531076,4.0,0,0,0.009674365546893049,1,0.7381853,0.5236294,0,LOW
72.0,87.27062311875959,30.299777500598825,4.0,1.0,21.41,51.70352201902892,2.0,1,0,0.08552311264945617,1,0.97486544,0.050269127,0,LOW
51.0,113.00666839583344,61.45429606268397,1.0,0.0,35.03,58.09020862167728,3.0,0,0,0.1077908854266082,0,0.012672411,0.025344849,0,LOW
36.0,168.7852573709827,27.16020158492955,6.0,0.0,72.39,64.92460680340432,6.0,1,1,-0.024789371844843866,1,0.9289242,0.1421516,0,MEDIUM
54.0,53.06244059343668,43.19741489671438,8.0,1.0,60.33,12.38580443534452,3.0,1,0,0.04334938220678963,1,0.9972683,0.0054633617,0,LOW
61.0,94.38316495369077,56.23127095087283,8.0,3.0,33.71,-12.941006952799748,6.0,0,1,-0.0497152315088184,0,0.06578205,0.13156408,0,MEDIUM
45.0,70.57733706485354,50.94378657635039,0.0,1.0,60.33,42.78847492599496,2.0,0,0,0.12305559450751746,0,0.1342294,0.26845884,0,LOW
19.0,42.78987735454723,16.28883049910216,0.0,1.0,30.93,5.128137985715103,2.0,0,0,0.07664260244905124,0,0.0037330394,0.007466078,0,LOW
19.0,29.5673231960719,58.59966791447034,10.0,2.0,79.02,-2.0304428317416985,3.0,1,1,-0.06623620625106108,1,0.97784185,0.04431629,0,MEDIUM
70.0,91.75537896481671,2.3239690818714758,4.0,0.0,29.73,-1.365884276423536,3.0,1,0,0.005606971536517458,1,0.8660058,0.26798844,0,LOW
33.0,116.29835992461418,38.196899917011805,0.0,3.0,45.07,33.87015524263012,5.0,0,0,0.06552820404670429,0,0.006323497,0.012646973,0,LOW
30.0,50.89512646921299,31.59859234229178,1.0,1.0,12.55,34.15253264985505,2.0,0,0,0.1246200124132476,0,0.018195292,0.036390603,0,LOW
72.0,47.863423206304745,78.31701737492816,1.0,1.0,23.08,37.64776610025102,1.0,0,0,0.08218950626994947,0,0.099444054,0.19888812,0,LOW
53.0,174.60681211653835,26.305688351806,4.0,2.0,27.45,29.80055904674593,6.0,0,0,0.023932440467949623,0,0.009171811,0.018343627,0,LOW
54.0,48.24161798748148,63.56926270662893,4.0,2.0,34.96,47.12269929387593,1.0,1,0,0.0711999023300271,1,0.9854924,0.029015183,0,LOW
40.0,27.384637357030684,39.36589003855939,0.0,1.0,34.15,36.60546028841839,1.0,0,0,0.10948434141720048,0,0.023096148,0.04619229,0,LOW
44.0,97.41060899496368,23.29730873894021,2.0,0.0,18.75,73.89540476369571,2.0,0,0,0.07877933383857089,1,0.74397683,0.51204634,0,LOW
67.0,139.63681583608954,51.29460250472854,5.0,1.0,2.39,13.268356822971516,5.0,0,0,0.025776349486300476,0,0.015689505,0.031378984,0,LOW
1.0,42.155950440104434,21.27263813056109,6.0,1.0,30.44,-14.351677492065628,5.0,0,1,-0.00777419368447918,0,0.107416034,0.21483207,0,MEDIUM
16.0,74.29210882104525,20.77963569452536,1.0,0.0,32.73,34.96783831956025,3.0,0,0,0.11474211985271865,0,0.052292462,0.10458493,0,LOW
45.0,37.950368664914734,34.44651086947912,9.0,1.0,90.81,-10.855812982718662,4.0,1,1,-0.035982523468041205,1,0.99844295,0.0031141043,0,MEDIUM
60.0,42.48131713675552,64.14069738828931,6.0,0.0,57.69,1.6339309764094023,3.0,1,0,0.020450805976757414,1,0.9854393,0.029121399,0,LOW
22.0,59.35057413989606,10.037304881283513,3.0,0.0,23.14,34.13322981486003,2.0,0,0,0.08732428740103593,0,0.03822757,0.076455116,0,LOW
66.0,124.99354577692662,20.062890295066808,7.0,3.0,46.48,12.329093255150656,5.0,1,1,-0.014177258814967897,1,0.9328175,0.13436496,0,MEDIUM
58.0,50.22769984518811,61.95836481550245,3.0,1.0,31.24,11.081917817585266,3.0,1,0,0.10529914147949443,1,0.7609751,0.47804976,0,LOW
2.0,53.485739600394126,22.32708559471391,5.0,1.0,25.2,8.768312520401523,4.0,0,0,0.04583056991792267,0,0.08960763,0.17921525,0,LOW
62.0,113.85144794199816,63.079054223778,1.0,0.0,21.54,39.77422543958871,3.0,0,0,0.10567148138650734,0,0.006639631,0.013279259,0,LOW
1.0,33.01082619335124,16.635167678269276,3.0,2.0,61.79,6.722571305031929,3.0,0,0,0.019889879671272204,0,0.004190388,0.008380771,0,LOW
44.0,109.47407327279495,40.6122906847083,1.0,1.0,44.53,52.92547041286303,3.0,0,0,0.13224346000278947,0,0.26895025,0.5379005,0,LOW
35.0,53.943436723871145,0.0,3.0,0.0,82.85,52.35483571813391,1.0,0,0,0.011296503591731843,0,0.45294547,0.90589094,1,MEDIUM
20.0,77.126279697212,16.271606491808274,3.0,3.0,73.29,35.05616710982931,2.0,0,0,0.015152725197152606,0,0.1142915,0.22858298,0,LOW
59.0,100.3971091651049,29.32765045361013,1.0,2.0,33.4,27.17152472855065,3.0,0,0,0.11640078212460653,0,0.3127216,0.6254432,1,MEDIUM
72.0,90.17764121167562,72.33879403856758,6.0,2.0,5.78,22.987880545901444,4.0,0,0,0.0425081619125649,0,0.06825857,0.13651717,0,LOW
62.0,87.88548781425695,14.75435791304254,2.0,0.0,26.75,69.97127096840569,1.0,0,0,0.04922154622110397,1,0.8159633,0.36807334,0,LOW
56.0,138.8514668831831,13.315699695279925,7.0,2.0,61.62,42.45322657813129,5.0,1,0,0.01730314156159196,1,0.9981115,0.0037770271,0,LOW
27.0,125.9528320628218,34.853854496126736,1.0,0.0,49.86,31.83770876311544,5.0,0,0,0.08839449859183623,0,0.0073121623,0.014624298,0,LOW
44.0,113.61691170165896,20.040825634708614,4.0,2.0,62.74,56.97812470364909,4.0,1,0,0.08447069612525754,1,0.9996468,0.00070643425,0,LOW
69.0,97.92490930569184,54.96340735775604,4.0,2.0,100.0,11.525746869580548,4.0,1,0,0.015299714928966757,1,0.9933913,0.013217449,0,LOW
5.0,56.26118276297411,21.33723449261948,1.0,1.0,21.7,16.316141073258024,4.0,0,0,0.08640087140611658,0,0.008204481,0.01640898,0,LOW
13.0,70.35763017648134,23.588726536423295,0.0,1.0,69.98,40.9749332575447,3.0,0,0,0.10882878427424136,0,0.008667468,0.017334938,0,LOW
72.0,99.22808756519048,46.72446504372433,4.0,1.0,0.0,50.50968971091825,3.0,1,0,0.07830011108355517,1,0.86926186,0.26147628,0,LOW
16.0,50.11952071869233,10.786107560344476,2.0,1.0,28.88,16.411091107077354,3.0,0,0,0.09335651177924331,0,0.030533107,0.06106621,0,LOW
31.0,104.97898016445669,34.989999679189935,0.0,2.0,49.98,56.59398536833879,3.0,0,0,0.11899778584800924,0,0.012809331,0.025618672,0,LOW
45.0,192.35959219624448,21.47200658208591,8.0,2.0,32.55,-1.577739500432859,8.0,0,1,-0.0918795445580548,0,0.052358776,0.10471755,0,MEDIUM
3.0,41.14913043946483,21.21534649596427,7.0,2.0,11.11,8.027608302627906,3.0,0,1,-0.012825004613109092,0,0.090375185,0.18075037,0,MEDIUM
61.0,37.20928528453037,56.58191124107758,1.0,1.0,44.07,5.17050473998464,2.0,1,0,0.08452419923522675,1,0.8142395,0.371521,0,LOW
51.0,83.1023151251454,22.15538303801224,6.0,0.0,55.33,35.83511253373341,3.0,1,0,0.08712145588611575,1,0.99913126,0.0017374754,0,LOW
18.0,100.48223888958394,39.46419793818415,0.0,0.0,45.56,57.402286920605526,3.0,0,0,0.11613224397974936,0,0.003441605,0.006883204,0,LOW
40.0,65.89017109883636,58.52529688235224,2.0,0.0,0.0,59.27125387913199,2.0,1,0,0.0813795357751731,1,0.85628563,0.28742874,0,LOW
38.0,117.1967843848617,6.451894475568091,9.0,0.0,30.04,31.427813613790995,5.0,1,1,-0.0014809219683463715,1,0.98694927,0.02610147,0,MEDIUM
72.0,59.16278645042193,66.49399441466115,2.0,3.0,42.36,2.162275049212857,3.0,0,0,0.025314377947112554,0,0.35433114,0.7086623,1,MEDIUM
72.0,35.370422778955344,74.29035406716213,1.0,1.0,18.52,-15.628062756847823,2.0,1,0,0.044409526930440535,0,0.37105125,0.7421025,1,MEDIUM
72.0,87.42492815885956,48.29971164364617,1.0,4.0,35.16,47.32616644464619,2.0,0,0,0.017124503249915768,0,0.3362833,0.6725666,1,MEDIUM
38.0,116.16575141708608,36.35927410561182,0.0,0.0,46.03,34.20485868989121,4.0,0,0,0.11918711002997845,0,0.009803423,0.019606829,0,LOW
72.0,79.471189608077,25.650907081394653,4.0,0.0,93.8,-15.29787390214022,3.0,1,1,-0.011111690539119867,1,0.9993787,0.0012426376,0,MEDIUM
72.0,104.1274332573814,58.10207939670227,2.0,1.0,26.79,35.30004303648339,3.0,0,0,0.12317759635450881,0,0.01667299,0.033345997,0,LOW
36.0,54.03156979214512,59.80350366583939,5.0,2.0,24.04,24.578454171366985,3.0,1,0,0.09498221668197776,1,0.9633398,0.07332039,0,LOW
46.0,150.14762113068866,27.03976045258173,5.0,2.0,36.97,28.70329466331657,6.0,0,0,0.038037940969388284,0,0.049875878,0.09975177,0,LOW
27.0,58.68969266334305,4.10740411982138,3.0,0.0,39.37,36.42277487064252,2.0,0,0,0.0810623634433077,0,0.23581322,0.4716264,0,LOW
69.0,140.24953635726902,34.77453047770214,3.0,2.0,0.0,72.49193799316839,3.0,1,0,0.03143636949450679,1,0.5483699,0.90326023,1,MEDIUM
43.0,77.68006745148521,30.73824563957589,1.0,1.0,33.5,31.964121102231257,2.0,0,0,0.13711390462124917,0,0.22310154,0.4462031,0,LOW
72.0,37.989892913471664,75.29865401279807,3.0,1.0,23.08,35.10668639408228,1.0,0,0,0.0708924338885159,1,0.7619387,0.47612262,0,LOW
72.0,87.89469791831503,29.414043470199847,9.0,1.0,60.5,-0.6365780432255672,4.0,1,1,-0.010123669509718325,1,0.9984357,0.0031286478,0,MEDIUM
60.0,63.87964058451597,47.222085973947095,4.0,1.0,26.6,-2.051031279287644,4.0,1,0,0.0765328525983398,1,0.9601961,0.079607844,0,LOW
29.0,121.47331930486996,22.200026603478225,1.0,2.0,20.21,56.76212267327845,4.0,0,0,0.09665339020919483,0,0.112194866,0.22438973,0,LOW
29.0,70.39468849311197,39.779900066905576,1.0,0.0,60.82,48.6311955329914,2.0,0,0,0.10296176031884591,0,0.08766018,0.17532039,0,LOW
31.0,110.04335558339972,28.657998533341548,2.0,2.0,49.98,40.864958658807616,3.0,0,0,0.10365025520154869,1,0.8129112,0.37417758,0,LOW
10.0,43.71164818681444,13.821242086939428,6.0,2.0,25.28,11.632160956624396,3.0,0,0,0.02658477990719499,0,0.11409776,0.22819555,0,LOW
13.0,52.17128430483197,35.59130039146324,2.0,1.0,45.8,19.879446015080543,3.0,0,0,0.11786585680657169,0,0.034911145,0.06982231,0,LOW
72.0,102.56325245120242,52.73706202804557,2.0,1.0,26.79,33.198920019755434,3.0,0,0,0.12286392006853719,0,0.065672874,0.13134575,0,LOW
15.0,101.30948084747462,23.731099081437865,2.0,2.0,14.1,32.64975282965215,4.0,0,0,0.08702843218083234,0,0.044687994,0.08937597,0,LOW
72.0,99.45262584514418,29.16969441462679,7.0,0.0,85.17,7.531088182347547,4.0,1,1,-0.0023684744439880223,1,0.99953616,0.0009276867,0,MEDIUM
18.0,172.7840397178142,28.77023532403122,1.0,1.0,49.02,45.104942221006354,6.0,0,0,0.03667796508958299,0,0.0018145449,0.0036290884,0,LOW
53.0,56.82279334048968,56.975974505326015,0.0,0.0,48.26,66.26805722652081,1.0,0,0,0.08304709418919332,0,0.037799064,0.07559812,0,LOW
51.0,94.30596640478784,58.39048059269195,4.0,2.0,39.23,13.151201579192584,5.0,0,0,0.08039872614676818,0,0.052688763,0.105377555,0,LOW
60.0,131.0880280606562,5.192993970752502,1.0,0.0,57.84,27.61220595663201,4.0,1,0,0.03871726307723189,1,0.9609554,0.07808924,0,LOW
20.0,109.22416258217883,23.35797085681489,0.0,1.0,5.04,34.08252636124957,3.0,1,0,0.09400011835023997,0,0.0032302667,0.0064605474,0,LOW
62.0,70.64747530736072,72.50415674415112,1.0,1.0,24.55,33.481684554550185,2.0,0,0,0.12404931619432041,0,0.053930335,0.107860684,0,LOW
47.0,137.06345557753173,8.509329432682607,7.0,1.0,67.56,59.66009023066644,5.0,1,0,0.01862305397417041,1,0.9990778,0.0018444061,0,LOW
35.0,158.31183951282478,9.388039655390363,6.0,2.0,55.68,61.98593449770135,5.0,1,1,-0.012311658854174179,1,0.9684073,0.06318545,0,MEDIUM
72.0,123.03892874227256,37.42718816751972,3.0,0.0,16.86,1.7386722843997422,5.0,0,0,0.018822890964754202,0,0.01911472,0.038229465,0,LOW
21.0,126.9051206896558,24.12699135714521,8.0,1.0,50.81,69.38637257437082,5.0,1,0,0.020303915335316502,1,0.9855596,0.028880835,0,LOW
15.0,26.235554263817,18.602438888161817,3.0,0.0,27.67,8.540800558453858,2.0,0,0,0.04816760284239119,0,0.0068344492,0.013668895,0,LOW
57.0,68.81934721132485,66.60762463631455,1.0,3.0,37.76,58.14008526843526,2.0,0,0,0.061449327012995325,0,0.1271185,0.254237,0,LOW
30.0,100.09492643992289,29.181155475676817,0.0,1.0,27.94,44.49617431945875,2.0,0,0,0.1281178298842171,0,0.0042837434,0.008567512,0,LOW
52.0,107.04554537435064,48.07572559101256,2.0,1.0,37.44,33.836319297198,4.0,0,0,0.13951111946248507,0,0.07543442,0.15086883,0,LOW
36.0,119.24583706809229,10.605352272962262,1.0,2.0,16.39,57.16526864291505,2.0,0,0,0.06462243286105063,0,0.10364058,0.20728117,0,LOW
72.0,99.05240155505048,33.860561739464146,7.0,1.0,21.41,46.79614121146679,2.0,1,0,0.046267833358427435,1,0.80214196,0.39571607,0,LOW
55.0,132.12997030564742,10.887111095170338,2.0,3.0,27.22,78.2144236162058,1.0,0,1,-0.017991515352632215,0,0.39203843,0.78407687,1,HIGH
50.0,145.8848970763503,39.33288775316985,6.0,1.0,16.96,28.62491868993754,6.0,0,0,0.025959079509095373,0,0.0074365125,0.014873028,0,LOW
62.0,132.0360332274749,4.931754067201705,9.0,1.0,24.88,77.15984002961883,3.0,1,1,-0.024842365490192475,1,0.9874241,0.025151849,0,MEDIUM
72.0,89.30320134355034,58.16926846599026,3.0,2.0,12.87,4.578866802305809,4.0,0,0,0.06182893694421343,0,0.044118203,0.08823639,0,LOW
72.0,33.66907402006249,65.08181347133163,1.0,1.0,43.93,9.334338813464534,1.0,1,0,0.05287129707236227,1,0.77437496,0.45125008,0,LOW
40.0,139.85745759581297,42.60778586195006,1.0,1.0,34.4,44.00096181512819,5.0,0,0,0.11224428265797187,0,0.0036593543,0.007318735,0,LOW
50.0,45.378795032121616,44.355698607808726,4.0,0.0,31.57,53.99624336545988,1.0,1,0,0.07144202898612878,1,0.90964425,0.18071151,0,LOW
70.0,88.73802133537615,46.8190451186912,5.0,0.0,100.0,9.326207036286606,4.0,1,0,0.005212902225011917,1,0.9989969,0.0020061731,0,LOW
53.0,105.82782305805108,40.36571699936701,1.0,1.0,39.73,13.15258363546588,4.0,0,0,0.11310816653238182,0,0.042652555,0.085305095,0,LOW
59.0,97.0974961316107,16.85587221223641,10.0,1.0,63.66,25.342757937669848,5.0,1,0,0.003813880849325657,1,0.9993482,0.0013035536,0,LOW
9.0,29.649215483717526,5.744616475519282,7.0,1.0,42.99,9.973296869783406,2.0,0,1,-0.002711328746183961,0,0.16259447,0.32518893,0,MEDIUM
55.0,48.0057070217806,43.14182745723503,3.0,2.0,44.38,34.766309276330695,2.0,1,0,0.10120025513259562,1,0.90294117,0.19411767,0,LOW
72.0,163.99867674170193,32.21735658659466,3.0,2.0,29.44,60.392650280786256,4.0,0,0,0.031912007224162875,0,0.033343963,0.06668794,0,LOW
59.0,63.70425970822588,48.51732595439943,6.0,0.0,33.54,-12.376763838815435,5.0,0,0,0.025511733598297726,1,0.92704695,0.14590609,0,LOW
1.0,42.45638649018612,9.704684370779546,5.0,2.0,53.36,11.345549070938596,3.0,0,0,0.022090995575586247,0,0.093639165,0.18727833,0,LOW
57.0,128.68230870684863,42.14939139279207,1.0,1.0,30.02,44.46243598821467,4.0,0,0,0.12645815340830469,0,0.008884043,0.017768085,0,LOW
32.0,56.09717827196555,15.212764922113406,0.0,1.0,35.95,47.06534506380856,1.0,0,0,0.11717690105401124,0,0.0031895011,0.0063790083,0,LOW
72.0,69.27053619685876,75.79030389631923,1.0,0.0,15.93,27.00933716285429,2.0,0,0,0.08668736634996882,0,0.010694257,0.02138853,0,LOW
26.0,127.38654299412708,32.711706850341955,2.0,0.0,45.48,2.486275011717577,5.0,0,0,0.04540499644787688,0,0.020522749,0.041045487,0,LOW
67.0,122.18942022803428,55.6392828873371,2.0,1.0,2.39,11.969764721084584,5.0,0,0,0.05343769528021314,0,0.006412255,0.012824535,0,LOW
20.0,41.462211911194416,55.52827794991631,3.0,0.0,27.44,17.105488770112363,2.0,0,0,0.07801828049549253,0,0.16981529,0.3396306,0,LOW
55.0,41.59508919833407,43.55403899198137,4.0,2.0,44.38,28.17064934794012,2.0,1,0,0.08998412940496836,1,0.9626688,0.07466245,0,LOW
11.0,77.5089026808912,29.25964784217467,2.0,1.0,3.61,24.663326245105083,4.0,0,0,0.0911341702653315,0,0.0027428365,0.005485654,0,LOW
40.0,73.42690219882495,26.677848880686067,0.0,2.0,20.71,49.07706671704,2.0,0,0,0.12795032626146907,0,0.011671792,0.023343563,0,LOW
5.0,55.62248319940795,32.84571883083027,5.0,0.0,0.0,5.4633917724388255,4.0,0,0,0.01382643397200023,0,0.010372057,0.020744085,0,LOW
64.0,132.89552202069063,17.257626105524764,6.0,4.0,93.84,29.77676109060243,5.0,1,1,-0.06982277783882673,1,0.9993318,0.0013364553,0,MEDIUM
71.0,52.460732621232935,67.33344936877997,6.0,1.0,43.85,1.7566553492990744,3.0,1,0,0.038366017122817286,1,0.9300747,0.13985062,0,LOW
48.0,46.641502213742704,35.75454988919425,6.0,1.0,68.34,5.32728041833791,4.0,1,0,0.056042293351842076,1,0.9979296,0.004140854,0,LOW
3.0,86.49082422930488,24.55679278348572,2.0,1.0,44.74,14.809142907299195,4.0,0,0,0.07689951125369726,0,0.014666721,0.029333472,0,LOW
23.0,53.84055747226494,35.336407255629965,1.0,3.0,46.53,38.02435288498059,2.0,0,0,0.07007670971591667,0,0.01337749,0.026754975,0,LOW
54.0,85.33920097865791,35.30263785511049,3.0,0.0,23.53,28.054453500945947,3.0,1,0,0.1170853368416766,1,0.8584816,0.28303683,0,LOW
59.0,109.79669198721292,48.00396006350155,2.0,2.0,24.63,14.356835534743972,4.0,0,0,0.10080015028754608,0,0.052922696,0.10584539,0,LOW
9.0,83.65851966862789,21.86852333763149,1.0,0.0,74.29,36.69941695510997,2.0,0,0,0.05533864791742993,0,0.002718758,0.0054374933,0,LOW
1.0,43.08574309310762,12.237500995317893,7.0,0.0,52.57,-5.597209407178642,4.0,0,1,-0.02934008244403641,0,0.28568816,0.5713763,0,MEDIUM
10.0,34.989994433101515,46.36698823264542,5.0,1.0,0.0,9.843292802844514,4.0,0,0,0.04109178522384305,0,0.023246435,0.046492875,0,LOW
53.0,125.71816058072352,38.33533303466938,3.0,1.0,28.79,48.5031133270878,3.0,0,0,0.11235871751182142,0,0.13520417,0.27040833,0,LOW
53.0,132.21624446631742,38.78282151693234,3.0,0.0,24.77,17.185598511426768,5.0,0,0,0.07446368903666428,0,0.015313012,0.030625999,0,LOW
72.0,116.9958094950574,60.659537231820906,4.0,1.0,10.86,52.5953891909809,3.0,0,0,0.07504648191888724,0,0.053624876,0.10724974,0,LOW
64.0,93.824409781349,41.98848497849528,8.0,0.0,94.4,6.272213801164755,4.0,1,1,-0.021181826464563014,1,0.999114,0.0017720461,0,MEDIUM
51.0,80.27062357294912,46.180554841653645,6.0,0.0,7.9,33.59083038681989,4.0,1,0,0.07244993629880492,1,0.9918828,0.016234398,0,LOW
41.0,92.87100407652017,45.2243913204064,1.0,0.0,53.48,13.005879049403696,4.0,0,0,0.095183584718677,0,0.17256004,0.34512007,0,LOW
1.0,83.09255567963389,32.43197596625735,3.0,1.0,43.46,21.151643590508595,5.0,0,0,0.07413098397352458,0,0.016349789,0.032699585,0,LOW
31.0,69.98265307161819,19.81122230489493,3.0,1.0,31.95,39.96425175315574,2.0,0,0,0.11809622057718339,0,0.36706427,0.73412853,1,MEDIUM
26.0,35.51453289377241,56.71028764960518,3.0,0.0,77.98,-12.7071343771268,4.0,1,0,0.01475418619290847,1,0.8252771,0.34944582,0,LOW
48.0,152.77478409606,36.17772834378245,1.0,0.0,16.62,54.27645364035192,4.0,0,0,0.06177768063136507,0,0.012513435,0.025026858,0,LOW
8.0,43.02913280116698,33.81892737779699,2.0,1.0,59.96,24.13070707223517,2.0,0,0,0.09011622775181827,0,0.0049154735,0.009830952,0,LOW
45.0,37.50607477649499,91.83341192443352,3.0,0.0,12.38,-12.501701092428348,3.0,1,0,0.015536624896178797,0,0.4633223,0.9266446,1,MEDIUM
50.0,102.34383669277838,31.828968469313,5.0,1.0,75.08,42.28877813705795,4.0,1,0,0.10524684058720007,1,0.99703705,0.005925894,0,LOW
29.0,60.51015678770613,21.959979641489777,1.0,1.0,32.15,31.81807986411428,2.0,0,0,0.12910734425361453,0,0.021675168,0.04335034,0,LOW
34.0,117.96287269944963,18.497355446083397,3.0,0.0,54.03,51.49364228398446,3.0,1,0,0.07936198698012359,1,0.98444563,0.031108737,0,LOW
7.0,100.31880191502422,19.19369646665491,2.0,0.0,22.71,28.695509896131007,4.0,0,0,0.08134384750095258,0,0.014321851,0.028643727,0,LOW
15.0,149.95347625793556,19.10818913194208,0.0,0.0,52.82,16.032195083829315,6.0,0,0,0.003440182948929782,0,0.00096336793,0.0019267201,0,LOW
37.0,46.909362986185286,1.7310748003120269,4.0,0.0,3.47,35.87935032864657,2.0,0,0,0.047996493491430425,1,0.6505841,0.6988318,1,MEDIUM
50.0,155.664177061236,13.854616817803125,1.0,3.0,76.2,53.76208614224492,4.0,1,1,-0.012113642663251212,1,0.98371834,0.03256333,0,MEDIUM
28.0,54.12918296099994,37.441363628105805,7.0,2.0,31.35,44.21563375347407,3.0,1,0,0.0678527655749816,1,0.96185523,0.076289535,0,LOW
32.0,163.47485372042874,27.7570551596335,0.0,1.0,34.35,53.55246489503841,5.0,0,0,0.07079631955080462,0,0.0027400674,0.0054801106,0,LOW
72.0,137.60018215273112,44.1867287449477,5.0,1.0,16.35,43.579881449228864,5.0,0,0,0.05918775736950771,0,0.05499804,0.10999608,0,LOW
45.0,119.9254942095394,47.29416622231749,1.0,0.0,43.75,51.54851226754765,3.0,0,0,0.11282542556430625,0,0.04119147,0.08238292,0,LOW
55.0,122.50866462959316,14.764714683754807,7.0,0.0,60.45,36.87916325013251,5.0,1,0,0.03065141186021958,1,0.9987544,0.0024912357,0,LOW
33.0,58.6881096166976,17.58311240308034,0.0,0.0,0.0,20.713703390937155,2.0,1,0,0.06978182033068797,0,0.0071998625,0.014399707,0,LOW
59.0,65.37497375764951,57.02539894379576,0.0,2.0,36.77,36.99973514649879,2.0,0,0,0.11955892724009165,0,0.056767225,0.11353445,0,LOW
19.0,39.79242586877905,21.866379818139755,0.0,1.0,30.93,14.515853936178427,2.0,0,0,0.09858038282752746,0,0.0021279613,0.0042559505,0,LOW
50.0,107.67561127566324,18.77252176897833,7.0,4.0,61.91,38.81077190865359,4.0,1,1,-0.004211073121429543,1,0.9997782,0.00044357777,0,MEDIUM
47.0,192.25761597861413,34.23524564212005,7.0,2.0,14.01,38.093640272074346,6.0,0,1,-0.01244023779083081,0,0.053862024,0.10772407,0,MEDIUM
59.0,61.44496160014901,76.91981486145163,0.0,2.0,36.77,41.37755982758328,2.0,0,0,0.1121631760000838,0,0.0046933577,0.009386718,0,LOW
40.0,51.754774372366114,63.55298099638591,1.0,0.0,0.0,52.32535223877504,2.0,1,0,0.08833254796560192,1,0.6776134,0.64477324,1,MEDIUM
19.0,71.76329565572964,4.22332845560398,0.0,1.0,79.33,38.81166785087905,2.0,0,0,0.06415114173395908,0,0.003336057,0.006672144,0,LOW
52.0,115.42565763639224,6.023050061217313,0.0,0.0,38.97,68.25593213889621,1.0,0,0,0.04053055845105691,0,0.037486814,0.07497364,0,LOW
54.0,79.51501396685771,24.834727870233397,1.0,1.0,16.5,63.72667870209922,1.0,0,0,0.09313248293276838,0,0.118638694,0.23727739,0,LOW
28.0,43.08753530139825,0.0,2.0,1.0,63.13,35.46699827152236,1.0,0,0,0.05043457794227946,0,0.036443893,0.07288778,0,LOW
1.0,44.62492820790729,26.11034330286677,2.0,1.0,68.26,26.52912789564268,3.0,0,0,0.08422499239485687,0,0.008394981,0.016789973,0,LOW
65.0,144.59609159186803,65.52373626896502,2.0,0.0,16.06,63.044895159226826,4.0,0,0,0.05755458559742177,0,0.0024318844,0.004863739,0,LOW
72.0,92.81692990172758,66.15223157015267,1.0,1.0,11.02,37.64093560736139,2.0,0,0,0.09470647261242038,0,0.02204891,0.04409784,0,LOW
21.0,53.70697551715742,13.34342029209906,2.0,2.0,33.73,31.36562976253501,2.0,0,0,0.0994260924675629,0,0.012796246,0.025592506,0,LOW
32.0,69.49168332095475,34.59630083010681,1.0,0.0,64.85,60.08446256004661,2.0,0,0,0.09635246555680782,0,0.21965185,0.4393037,0,LOW
23.0,60.35212788275969,20.539325594528645,4.0,0.0,0.0,14.175782983674113,3.0,0,0,0.045106992794786804,0,0.2699569,0.5399138,0,LOW
23.0,60.11931655394014,29.48657359463679,0.0,0.0,41.76,37.24970056609709,2.0,0,0,0.12922810761356468,0,0.0016698566,0.0033397079,0,LOW
34.0,167.6095271185394,29.67105987408684,2.0,2.0,26.77,48.49370987503531,5.0,0,0,0.05777415012982734,0,0.01962445,0.039248884,0,LOW
72.0,153.23932713862771,29.96368352446701,7.0,1.0,100.0,23.928845471467515,6.0,1,1,-0.04249004837312431,1,0.98909175,0.021816492,0,MEDIUM
62.0,130.32718582331665,42.05220009807117,5.0,2.0,100.0,22.748883737032266,5.0,1,0,0.004869563463922311,1,0.9951893,0.009621382,0,LOW
50.0,65.43544237696688,27.322482000175995,1.0,1.0,48.84,22.728688332209387,2.0,1,0,0.11856887068204847,1,0.55619204,0.8876159,1,MEDIUM
24.0,86.19232437438794,11.357627998038566,1.0,1.0,16.1,43.52312802060145,3.0,0,0,0.11407825026212831,0,0.046484884,0.092969775,0,LOW
30.0,119.45409922462764,29.81415203623996,2.0,0.0,44.1,31.60304684204939,4.0,0,0,0.09598974614687367,0,0.49167657,0.98335314,1,MEDIUM
72.0,70.02499106187258,64.2071054770911,5.0,1.0,13.89,11.085737574003108,4.0,0,0,0.06739680233911921,1,0.5836773,0.8326454,1,MEDIUM
69.0,124.9038125281501,31.47642723128334,3.0,2.0,0.0,71.327608307506,3.0,1,0,0.04329804890008637,1,0.80325806,0.39348388,0,LOW
1.0,71.98999480048619,44.6481140410269,1.0,0.0,25.07,27.415376980205384,4.0,0,0,0.09691289913551127,0,0.0026700026,0.00533998,0,LOW
45.0,117.84412044534652,29.292355443499357,2.0,0.0,58.25,12.550277526693424,4.0,0,0,0.07274417534388017,1,0.9501546,0.099690795,0,LOW
51.0,86.93540187902374,9.175907430449138,2.0,2.0,30.78,61.40491503005636,1.0,0,0,0.059304431288921655,1,0.8379817,0.3240366,0,LOW
52.0,102.83732220315775,48.33725691871855,1.0,2.0,36.58,29.471993028852932,3.0,0,0,0.12653796334969802,0,0.03992336,0.07984674,0,LOW
71.0,159.22518786255387,11.29056485890568,7.0,2.0,94.24,52.4449563897129,4.0,1,1,-0.04809964212874407,1,0.99861217,0.002775669,0,MEDIUM
54.0,36.64727141379781,41.35667954922476,11.0,1.0,91.65,21.314479255118236,3.0,1,1,-0.01594090256718539,1,0.99952006,0.0009598732,0,MEDIUM
72.0,94.9736609905734,57.78326325859732,2.0,0.0,29.1,46.93791980935896,2.0,0,0,0.09548714561073707,0,0.08336278,0.16672558,0,LOW
52.0,85.3192535341572,72.62753393885255,1.0,0.0,26.82,15.838842523559675,4.0,0,0,0.10562709247086394,0,0.005518033,0.011036038,0,LOW
6.0,61.45927101056196,16.811610927837766,1.0,1.0,94.08,28.439617567350854,2.0,0,0,0.029532487453167944,0,0.0031199744,0.0062399507,0,LOW
39.0,106.8200889929953,23.111407851991935,9.0,1.0,63.79,37.7719239924062,5.0,1,0,0.026457742525373473,1,0.99968076,0.00063848495,0,LOW
23.0,144.21979655256123,36.75279745171706,6.0,2.0,55.1,65.55985526691106,4.0,0,0,0.02866061012602461,1,0.78747064,0.42505872,0,LOW
61.0,87.05644805112824,53.65270350878429,7.0,3.0,33.71,-7.839687111521878,6.0,0,1,-0.03168517253875347,0,0.16017683,0.32035363,0,MEDIUM
41.0,108.06290333953552,33.03133115770926,3.0,1.0,74.31,30.98526357731648,4.0,1,0,0.1070460891483152,1,0.98813176,0.023736477,0,LOW
28.0,83.95446887876699,35.26194494529286,3.0,0.0,18.25,57.81273217407285,3.0,0,0,0.1064782627827714,1,0.8138395,0.372321,0,LOW
16.0,57.35389091127915,13.970667475440164,2.0,1.0,28.88,14.012136320972434,3.0,0,0,0.09592321568235246,0,0.048313495,0.096627,0,LOW
18.0,46.78147451587588,9.064044600401578,0.0,1.0,50.27,22.899999738535957,2.0,0,0,0.0973528352607182,0,0.0029566737,0.005913377,0,LOW
42.0,78.38598938129059,65.65424636482574,3.0,0.0,45.61,13.603419002531885,3.0,0,0,0.09179691756446257,0,0.165899,0.33179796,0,LOW
58.0,187.6118892879009,5.288417434999659,4.0,1.0,56.32,61.761721023410885,5.0,1,0,0.008197749867619897,1,0.97249705,0.055005908,0,LOW
48.0,114.60713466687385,54.68466849871324,11.0,0.0,91.04,33.08142622010894,5.0,1,1,-0.028081300713677537,1,0.99840623,0.0031875372,0,MEDIUM
35.0,104.14222412027382,41.84119236052876,2.0,2.0,41.76,17.60730254881969,4.0,0,0,0.1084826481377612,0,0.09362492,0.18724984,0,LOW
60.0,140.21188078955322,32.55370813642604,3.0,0.0,24.82,28.85149452938272,5.0,0,0,0.0720892546661922,0,0.010428569,0.020857155,0,LOW
72.0,34.37500622706476,77.50340725539135,3.0,0.0,7.4,20.78248018928637,2.0,0,0,0.042304707013725795,1,0.66860676,0.6627865,1,MEDIUM
7.0,50.803187019516926,17.09613352886855,5.0,0.0,0.81,17.888086449025675,3.0,0,0,0.024626080330393485,0,0.016855871,0.03371173,0,LOW
38.0,79.4954380539663,44.35638090475078,4.0,0.0,81.21,11.165306996545274,4.0,1,0,0.04907765413749399,1,0.99647444,0.0070511103,0,LOW
24.0,34.703273856945984,63.566473622706354,5.0,1.0,57.75,16.847391960686902,2.0,1,0,0.05093255638286176,1,0.92584425,0.1483115,0,LOW
37.0,112.69648008146528,41.60337956695175,2.0,0.0,39.79,2.699153229974389,5.0,0,0,0.06418904682346227,0,0.04666408,0.09332818,0,LOW
23.0,49.8353929142941,25.31902548371116,1.0,1.0,39.95,37.54363425196608,2.0,0,0,0.13559266444249762,0,0.010677959,0.021355927,0,LOW
52.0,146.28464559625093,1.1766190497774145,10.0,2.0,0.0,63.43728163419448,5.0,1,1,-0.06638622954255968,1,0.89440364,0.21119273,0,MEDIUM
49.0,137.31657586646764,36.28955458060206,4.0,0.0,25.12,18.490117968449667,5.0,0,0,0.06961526074302893,0,0.04298889,0.08597779,0,LOW
23.0,58.98720500586148,10.150614617763328,0.0,4.0,63.36,30.751381697978864,1.0,0,1,-0.01938120641414809,0,0.0037648862,0.007529795,0,MEDIUM
28.0,117.96320712914564,45.327473232829824,2.0,0.0,44.76,20.06447469389935,5.0,0,0,0.0885492858541449,0,0.0085196765,0.017039359,0,LOW
58.0,34.049091531431216,55.34961747444371,6.0,1.0,71.27,16.844272926841043,2.0,1,0,0.049589067447652124,1,0.9970348,0.0059304237,0,LOW
72.0,117.41248402558784,14.13276629711947,9.0,1.0,57.43,27.300077584121844,4.0,1,0,0.006091097378610133,1,0.9989503,0.0020993948,0,LOW
54.0,59.816733908935575,57.04930259974873,6.0,3.0,24.6,25.2336493866933,3.0,1,0,0.042987500607304496,1,0.97508335,0.049833298,0,LOW
6.0,93.8496565271822,27.30278825452761,2.0,0.0,29.97,19.489123710977413,4.0,0,0,0.0831575191614724,0,0.00921687,0.01843375,0,LOW
34.0,117.75638656380649,20.488649679812188,0.0,0.0,54.03,44.23026774676484,3.0,1,0,0.10303386837226614,0,0.11468533,0.22937065,0,LOW
16.0,112.9350728080621,21.949523190175857,3.0,0.0,37.21,42.001433786256506,3.0,0,0,0.07952423172521439,0,0.20652233,0.4130447,0,LOW
29.0,91.0272217977484,16.418648340231,3.0,0.0,13.77,45.506838534234966,3.0,0,0,0.09250083001714654,1,0.82534814,0.34930372,0,LOW
30.0,114.85787334592538,41.19246173518108,0.0,0.0,44.1,21.68492706488761,4.0,0,0,0.10628107536824705,0,0.009877874,0.019755721,0,LOW
48.0,153.9457117475339,27.22211384903427,2.0,1.0,31.82,30.325402335991274,6.0,0,0,0.05564398360474787,0,0.0061317687,0.012263536,0,LOW
5.0,133.26722629493787,18.950782921807523,0.0,2.0,60.58,15.982828974741302,6.0,0,0,0.0009300147523791935,0,0.0009552299,0.0019104481,0,LOW
52.0,100.57472255316203,39.65343153644214,8.0,0.0,0.0,47.84422387587676,4.0,1,0,0.025496276134857387,1,0.97880733,0.04238534,0,LOW
45.0,83.48373869171422,54.61450619264951,0.0,0.0,50.51,37.087924431812446,3.0,0,0,0.1277992237915827,0,0.01692697,0.033853948,0,LOW
67.0,25.082738822065544,43.69330100543475,7.0,1.0,52.52,-4.0098794164265,3.0,1,0,0.00994969004811952,1,0.9905009,0.018998146,0,LOW
36.0,26.370490006600527,57.65280307042798,6.0,3.0,70.65,-0.2123319338874161,3.0,1,1,-0.03340311064180934,1,0.9922455,0.015509009,0,MEDIUM
54.0,103.45572083331103,13.311148606800815,8.0,1.0,59.74,45.62648334407779,4.0,1,0,0.052689283206591386,1,0.9996661,0.00066781044,0,LOW
10.0,53.20296587452273,29.81947931877965,2.0,1.0,63.54,24.467971756056382,3.0,0,0,0.10379055482670302,0,0.014379754,0.02875948,0,LOW
1.0,30.17233060745624,48.562082890543074,4.0,0.0,50.95,7.564132251823267,3.0,0,0,0.03879706344453182,0,0.016478103,0.032956183,0,LOW
44.0,102.1112155911952,16.427475005657605,5.0,1.0,55.06,48.42805773343885,3.0,1,0,0.08898811383586203,1,0.99934906,0.0013018847,0,LOW
67.0,92.8471648897487,56.15052988121937,3.0,0.0,94.45,1.232696973026476,5.0,1,1,-0.010677141750049968,1,0.98550296,0.028994083,0,MEDIUM
26.0,23.61220308013084,30.29623800396553,8.0,0.0,14.03,28.0683086473484,1.0,0,1,-0.002784970052693847,0,0.22852889,0.45705777,0,MEDIUM
29.0,96.85476265962592,29.664855142331792,1.0,0.0,60.11,52.671168877122376,2.0,0,0,0.09033573359953817,0,0.27678114,0.5535623,0,LOW
34.0,70.62753993694871,19.849535278670498,1.0,2.0,7.37,36.359187380746434,2.0,0,0,0.09247259045027312,0,0.0411674,0.08233482,0,LOW
36.0,103.2319889893928,49.226128132954656,0.0,2.0,0.97,49.19168899853984,3.0,0,0,0.10153276463343425,0,0.03005466,0.060109317,0,LOW
48.0,86.33579304413045,10.83897038998558,2.0,0.0,34.53,61.703908631360605,1.0,0,0,0.061012125310928034,1,0.8248632,0.3502736,0,LOW
2.0,53.15138268371171,5.1841556593949,3.0,1.0,63.08,21.256131020891644,3.0,0,0,0.04808631880554004,0,0.012443904,0.0248878,0,LOW
1.0,65.64289742018208,53.29080196949813,3.0,3.0,28.05,11.175570632778404,5.0,0,0,0.003537543899955642,0,0.017679093,0.03535819,0,LOW
38.0,55.28056839465114,57.94956880515684,1.0,0.0,45.46,1.774088522271521,3.0,0,0,0.06969218502224461,0,0.26391923,0.52783847,0,LOW
50.0,104.50214419170108,34.82930710852886,5.0,1.0,75.08,40.45507857396821,4.0,1,0,0.10387387158400818,1,0.9945971,0.010805845,0,LOW
47.0,72.50444139659936,40.107551483305805,2.0,0.0,0.0,49.113191918489065,2.0,0,0,0.09456324656818116,0,0.4801226,0.9602452,1,MEDIUM
43.0,137.11018593767557,4.573054430413228,10.0,0.0,25.44,33.49995938450968,5.0,1,1,-0.02031886424549656,1,0.97542715,0.0491457,0,MEDIUM
67.0,115.67959257768204,61.46538345313192,2.0,4.0,21.56,36.90239802002892,4.0,0,0,0.024263418446651364,0,0.004921796,0.009843588,0,LOW
69.0,102.79786498766298,15.015016475986924,5.0,2.0,56.36,26.50194323548105,3.0,1,0,0.05604092124470028,1,0.9985507,0.0028985739,0,LOW
35.0,162.665567470562,8.019698190175456,4.0,2.0,55.68,66.75585540971645,5.0,1,0,0.0015747087300570506,1,0.96914476,0.061710477,0,LOW
31.0,161.1136861453191,16.543463958127656,2.0,1.0,36.79,60.841777054556665,5.0,0,0,0.04543655674525815,0,0.15153374,0.30306745,0,LOW
45.0,129.9348540173047,49.129871271427774,3.0,0.0,24.38,-4.798349265939843,6.0,0,0,0.018015594779290933,0,0.0016102056,0.003220439,0,LOW
45.0,137.98517975007846,14.445414495522147,11.0,2.0,42.38,36.809284987873966,6.0,1,1,-0.018428317421920748,1,0.9550434,0.08991325,0,MEDIUM
60.0,20.734882856162187,70.61357836314392,3.0,0.0,74.02,17.120314175722864,1.0,1,0,0.020459692189707446,1,0.9916448,0.0167104,0,LOW
31.0,93.45843108932564,55.86433003910574,3.0,1.0,45.11,14.864405538066578,3.0,0,0,0.09493909204410911,0,0.24940024,0.49880052,0,LOW
21.0,76.78395472326014,25.113400367202438,2.0,2.0,20.81,28.891189282094263,3.0,0,0,0.11051903586958617,0,0.046502884,0.09300578,0,LOW
52.0,141.57329170116498,25.23482838085424,8.0,0.0,77.95,45.93798416115517,5.0,1,0,0.0028413054651226233,1,0.98172486,0.036550283,0,LOW
45.0,88.26772347049283,62.03103397767309,1.0,3.0,39.59,7.664266299910039,4.0,0,0,0.050765959934121474,0,0.010498964,0.020997941,0,LOW
47.0,109.35747649895976,62.2534573634404,0.0,2.0,13.47,29.51521263987475,5.0,0,0,0.08521946447246237,0,0.0053087748,0.010617554,0,LOW
37.0,94.2053838382131,27.528180846295506,10.0,2.0,45.31,24.89004287868962,5.0,1,0,0.016411976077111867,1,0.9949639,0.010072231,0,LOW
69.0,62.10824197991892,42.76545304329022,6.0,1.0,83.4,-10.018835155023062,4.0,1,0,0.015785056566792743,1,0.9987941,0.0024118423,0,LOW
65.0,53.749762235362994,75.57458347557397,5.0,1.0,0.0,66.19040087552938,1.0,1,0,0.024710291553034502,1,0.98502237,0.029955268,0,LOW
64.0,58.90717380076269,37.93360171081366,7.0,2.0,49.58,61.84470946196569,1.0,1,0,0.01795840085183198,1,0.98461676,0.030766487,0,LOW
59.0,120.42885649449305,44.655626958428,1.0,2.0,33.62,54.66548837005416,3.0,0,0,0.11110677093422922,0,0.026257228,0.052514434,0,LOW
16.0,34.40587049141527,64.03888491657308,4.0,3.0,59.29,23.94141495403791,2.0,1,0,0.009893138260374634,1,0.7145832,0.57083356,0,LOW
7.0,74.19822279314647,24.405331038133465,1.0,1.0,77.15,31.149291304549408,3.0,0,0,0.07841846151625859,0,0.014435805,0.028871596,0,LOW
57.0,76.75842047257879,35.74316326513277,1.0,1.0,21.93,38.78994969252663,2.0,1,0,0.1311817361152106,0,0.336702,0.673404,1,MEDIUM
36.0,48.97866130404948,18.97080787739227,4.0,2.0,20.57,10.271190920970156,3.0,1,0,0.06474056624084501,1,0.9754252,0.049149632,0,LOW
14.0,125.72377128341684,25.475004816395643,1.0,1.0,58.83,33.24508566913224,5.0,0,0,0.08040958642543905,0,0.02346161,0.04692322,0,LOW
21.0,72.42221020265916,24.321331226765796,1.0,2.0,20.81,27.97695786514574,3.0,0,0,0.11347486776260413,0,0.027051928,0.05410385,0,LOW
56.0,138.44096678779303,29.980728318203195,0.0,0.0,88.94,38.56116809093239,4.0,1,0,0.03511503947180583,1,0.9948815,0.0102369785,0,LOW
28.0,124.21324699901912,51.74278874481645,4.0,2.0,42.19,41.93489945474458,4.0,0,0,0.08398027949176723,0,0.28647086,0.5729417,0,LOW
1.0,68.73776358724483,16.90737294137759,4.0,2.0,24.58,20.735768042636007,4.0,0,0,0.05665275896332733,0,0.05499587,0.10999173,0,LOW
12.0,44.37056061868568,3.962121772043699,1.0,1.0,80.77,22.92074485472614,2.0,0,0,0.03902926947029883,0,0.005876638,0.011753261,0,LOW
48.0,115.55649370899224,14.724598612886034,6.0,2.0,11.22,67.08421858668957,2.0,0,0,0.02076134036885824,1,0.8975725,0.20485497,0,LOW
66.0,122.64018767811142,18.39294911448521,7.0,3.0,46.48,12.45664550022514,5.0,1,1,-0.019371791484888656,1,0.95311433,0.09377134,0,MEDIUM
19.0,87.7810901370469,30.552480522227533,3.0,2.0,26.83,49.24629368694932,3.0,0,0,0.11370973266876888,0,0.13144389,0.26288778,0,LOW
7.0,90.74671192693005,44.99570431631473,1.0,1.0,0.0,17.60067870730193,4.0,0,0,0.07515452510383358,0,0.0012246275,0.002449274,0,LOW
45.0,123.4223749319621,46.39057390744349,2.0,0.0,43.75,60.90528680037136,3.0,0,0,0.10043553279147699,0,0.30411658,0.60823315,1,MEDIUM
59.0,90.5899256422548,44.13222763283314,3.0,2.0,47.63,25.530869608375152,3.0,0,0,0.10840340589111436,1,0.7233416,0.55331683,0,LOW
18.0,37.41546845788627,15.740951972629624,3.0,1.0,62.5,16.931607787278605,1.0,0,0,0.04259772857957411,0,0.012281175,0.024562359,0,LOW
72.0,24.0510757530815,92.29152908481908,1.0,1.0,48.84,48.43572925987621,1.0,1,0,0.048541954993047254,1,0.8200694,0.35986125,0,LOW
16.0,29.08808087707533,32.54389547824507,2.0,0.0,58.08,27.156469639500926,2.0,0,0,0.08251794092909748,0,0.015617751,0.031235516,0,LOW
31.0,41.28366929625216,27.153919910675132,1.0,0.0,54.31,44.13186307741382,1.0,0,0,0.09423249021116825,0,0.028675128,0.057350278,0,LOW
67.0,100.58886697079996,16.91496290295829,4.0,2.0,74.23,27.804777498221554,3.0,1,0,0.06030331970017527,1,0.99878806,0.0024238825,0,LOW
28.0,47.36539432758765,4.734317982111747,2.0,3.0,36.77,16.098832202874505,2.0,0,0,0.01712988140204208,0,0.110431686,0.22086334,0,LOW
72.0,47.23201756871947,69.94869256074453,2.0,3.0,42.36,3.319672420415799,3.0,0,0,0.027185817547572766,1,0.6022527,0.79549456,1,MEDIUM
56.0,93.77422224333895,54.12020686727893,1.0,3.0,36.21,46.79970990702857,3.0,0,0,0.08817901982096243,0,0.07679932,0.15359867,0,LOW
36.0,174.10152715621408,11.335295528671088,4.0,1.0,38.94,29.377276956249283,6.0,0,0,0.016368098239015305,0,0.1119659,0.22393179,0,LOW
56.0,70.54198619849436,43.51349408359829,8.0,2.0,17.73,58.69439319482878,2.0,1,0,0.029025199066011087,1,0.98777497,0.024450064,0,LOW
72.0,107.77878851151718,24.95278419844073,10.0,1.0,89.74,27.791681955181268,4.0,1,1,-0.027504507163351177,1,0.9997693,0.00046145916,0,MEDIUM
40.0,48.69090577393133,61.7516695761259,1.0,0.0,0.0,49.304815946574536,2.0,1,0,0.0901257538775459,0,0.39379853,0.78759706,1,MEDIUM
8.0,94.42499165355684,46.921526871702525,1.0,0.0,9.78,40.32540640200038,4.0,0,0,0.08955057523974208,0,0.0027386046,0.00547719,0,LOW
1.0,51.05409154266628,83.65800480178588,1.0,0.0,59.27,4.770670298606635,4.0,0,0,0.005673008746342023,0,0.001929067,0.003858149,0,LOW
37.0,77.66563236304961,28.055731700784232,7.0,1.0,28.08,-10.117309553886988,6.0,1,0,0.0065630913091260235,1,0.97366184,0.05267632,0,LOW
1.0,76.30400713665703,37.41204527226509,3.0,1.0,38.36,21.83439096458596,4.0,0,0,0.09533351433569237,0,0.009577403,0.019154787,0,LOW
72.0,94.31795410309854,50.34265955492807,4.0,0.0,0.0,23.739163675415373,3.0,0,0,0.053790016608739166,0,0.45331967,0.90663934,1,MEDIUM
72.0,80.23920458645966,73.33834328749427,5.0,1.0,0.26,7.040461322885712,3.0,0,0,0.037769800104396234,0,0.37570363,0.75140727,1,MEDIUM
51.0,107.32652483639409,15.393913712571814,0.0,1.0,35.07,17.441635742198365,4.0,1,0,0.09565121044698377,1,0.7248185,0.55036294,0,LOW
40.0,90.92895635159392,54.141099814691216,1.0,3.0,28.5,27.034898038738724,4.0,0,0,0.08684056506826571,0,0.055225227,0.11045045,0,LOW
39.0,135.04953879656688,23.16721631588352,9.0,2.0,60.51,49.86614265742617,5.0,1,0,0.010822696504663276,1,0.9979784,0.0040432215,0,LOW
24.0,73.03118756034215,29.499966063752527,1.0,2.0,49.85,43.39643252734184,2.0,0,0,0.1133734834294331,0,0.012334305,0.024668634,0,LOW
1.0,55.85076388694755,21.031637320240307,3.0,1.0,68.26,21.71508614148434,3.0,0,0,0.06707663069475511,0,0.018567352,0.037134707,0,LOW
32.0,42.16370402685829,28.124364790945197,3.0,0.0,25.52,44.973605710665446,1.0,0,0,0.08828405709678439,0,0.21422152,0.42844307,0,LOW
36.0,125.05426821100464,34.751327147445025,0.0,2.0,40.04,32.42231441081916,5.0,0,0,0.10405614454927659,0,0.0036236888,0.0072473884,0,LOW
27.0,30.77825630318854,15.458571241058053,6.0,0.0,30.79,33.93084455538741,1.0,0,0,0.03277450127530701,0,0.2592164,0.5184328,0,LOW
72.0,78.98685438474382,59.35835492134522,2.0,1.0,30.63,28.96020748340181,2.0,0,0,0.11305320700484128,0,0.11775479,0.23550957,0,LOW
11.0,84.83163062630294,47.08931243329222,2.0,3.0,15.07,25.29827806355317,4.0,0,0,0.058804644525663696,0,0.0035927028,0.0071853995,0,LOW
10.0,79.19733956020298,45.89490900494887,1.0,1.0,0.0,19.27547160890685,5.0,0,0,0.06496468608138717,0,0.0020472647,0.004094541,0,LOW
60.0,41.45525230056623,60.94858977463133,2.0,0.0,74.02,11.742127299668043,1.0,1,0,0.033071753729039366,1,0.9801759,0.039648175,0,LOW
21.0,38.68283656078226,66.61538066089778,8.0,0.0,35.88,1.5556481801770712,4.0,1,1,-0.016934383684829912,1,0.97405934,0.051881313,0,MEDIUM
29.0,48.88646035031348,21.571902790499323,0.0,1.0,59.38,32.35857102489694,1.0,0,0,0.09548116207127127,0,0.0070964885,0.014192998,0,LOW
49.0,97.29834580420116,34.363879373018285,6.0,0.0,17.34,39.57714782011416,4.0,1,0,0.0828647775794405,1,0.94617033,0.10765934,0,LOW
18.0,154.31624825200194,8.208409812837816,3.0,1.0,46.98,-5.538932129805188,8.0,0,1,-0.06576704635501718,0,0.0050787814,0.010157585,0,MEDIUM
1.0,98.03350984603036,28.574084658584027,0.0,2.0,21.19,15.170692974182774,5.0,0,0,0.040999118204778084,0,0.0011747977,0.002349615,0,LOW
5.0,42.82788028539632,27.143446922026097,6.0,1.0,32.37,4.7891408813501615,2.0,0,0,0.024642299090968045,0,0.046960935,0.0939219,0,LOW
72.0,76.47299706792344,29.18345100332544,0.0,0.0,67.36,1.2222634608642693,3.0,1,0,0.03421012629621445,1,0.9911205,0.017758965,0,LOW
71.0,36.16302293660949,72.62415790026016,5.0,1.0,43.85,-4.938117799391932,3.0,1,0,0.03622197831389562,1,0.969993,0.06001401,0,LOW
59.0,112.6913981689137,41.35636525397239,2.0,1.0,49.71,37.46891368194166,4.0,0,0,0.12539905931413597,0,0.3561178,0.7122356,1,MEDIUM
65.0,92.54137104502588,20.792414593073957,6.0,0.0,72.64,9.333403065781358,4.0,1,0,0.031117065683111567,1,0.9989987,0.0020025969,0,LOW
46.0,142.5766739374554,0.0,2.0,0.0,23.39,50.44505366947458,4.0,1,0,0.0415708823095301,0,0.42226344,0.8445269,1,MEDIUM
51.0,107.93883707945548,37.9341145248598,1.0,2.0,76.62,23.25966509613687,4.0,1,0,0.08997725420197966,1,0.97278106,0.054437876,0,LOW
70.0,114.32956534436926,38.55264488255683,5.0,2.0,0.0,27.93504438118145,3.0,1,0,0.04168035329669195,0,0.49795732,0.99591464,1,MEDIUM
50.0,100.29878180252166,19.707565842589087,5.0,4.0,61.91,31.08843617385032,4.0,1,0,0.0157028909048762,1,0.9994628,0.0010744333,0,LOW
16.0,96.99756170898802,11.324141248207937,2.0,1.0,36.49,35.370553323750045,3.0,0,0,0.10264232818697278,0,0.17547798,0.35095596,0,LOW
32.0,60.88716718159492,14.723137451846966,4.0,1.0,3.85,30.13711437419577,2.0,0,0,0.07044466342698924,0,0.48939505,0.9787901,1,MEDIUM
25.0,104.19229722149434,0.0,0.0,1.0,18.43,44.25962018670556,3.0,0,0,0.08439199464989006,0,0.029380996,0.058762014,0,LOW
38.0,97.56733834990854,24.93690611307669,3.0,0.0,39.75,33.11249102284941,4.0,1,0,0.11427772366832206,1,0.9658203,0.068359375,0,LOW
53.0,87.09120673367399,49.09972653416288,1.0,1.0,37.12,36.03505468743089,2.0,0,0,0.13335994505321863,0,0.12581125,0.2516225,0,LOW
12.0,33.72652275313862,22.386167808157875,3.0,2.0,51.7,15.64591181799345,2.0,0,0,0.056382722543550146,0,0.014125429,0.028250873,0,LOW
39.0,58.602690641472414,19.32396665536945,1.0,1.0,18.59,36.036030309090535,1.0,0,0,0.10620673611933146,0,0.031958394,0.0639168,0,LOW
56.0,98.38524485161602,43.45368948727528,9.0,1.0,93.39,27.6859840378736,5.0,1,1,-0.0062048382938215685,1,0.99906534,0.0018693209,0,MEDIUM
50.0,85.77593956177319,52.57004370252633,1.0,0.0,42.75,22.31414282239067,3.0,0,0,0.12195260830705945,0,0.081178166,0.16235632,0,LOW
27.0,83.25682220614613,29.287251631528672,4.0,0.0,12.53,45.88261263831557,3.0,0,0,0.09564184698459155,1,0.90522015,0.1895597,0,LOW
28.0,68.59576897802694,22.728366241188237,1.0,1.0,24.44,29.9340972942798,2.0,0,0,0.12168279018218753,0,0.014034736,0.028069496,0,LOW
47.0,56.13304188355211,57.28110897074939,2.0,1.0,0.0,89.63235406403349,1.0,1,0,0.03802849450682777,1,0.995424,0.009152055,0,LOW
72.0,58.87541913824858,67.06666177787952,0.0,0.0,5.31,35.738454912468626,2.0,0,0,0.07599638215415722,1,0.67764854,0.6447029,1,MEDIUM
28.0,50.3405177095421,7.359440486928214,3.0,1.0,30.55,37.46039929815301,2.0,0,0,0.0967622513272301,0,0.06305389,0.12610781,0,LOW
39.0,71.28562486955413,62.78980222591888,1.0,0.0,42.2,25.09458063214481,2.0,0,0,0.10361051944680921,0,0.047929145,0.095858276,0,LOW
10.0,50.0812657089232,20.329962155508458,5.0,2.0,25.24,25.64493176583818,3.0,0,0,0.07218705231119493,0,0.12481392,0.24962783,0,LOW
40.0,77.31827828186536,24.256030861493677,0.0,2.0,20.71,42.73693642178269,2.0,0,0,0.12067417323125784,0,0.024527846,0.049055696,0,LOW
56.0,127.9240531000336,40.79915215369031,4.0,1.0,34.12,14.245737713162065,5.0,0,0,0.08271594076383693,0,0.038826875,0.077653766,0,LOW
46.0,118.96755950383329,46.05736868631433,2.0,2.0,40.09,50.22981484183957,4.0,0,0,0.12387752439104399,0,0.04184004,0.08368009,0,LOW
43.0,126.3126268596013,5.086257960493594,10.0,0.0,25.44,27.59121061535044,5.0,1,1,-0.016445562668175873,1,0.9720215,0.05595696,0,MEDIUM
72.0,62.51734905329034,68.76448037493786,0.0,0.0,20.6,43.40975065601977,1.0,0,0,0.07778732604364708,0,0.17269139,0.3453828,0,LOW
12.0,32.06180297469311,23.143400484302628,1.0,2.0,51.7,15.562701143067995,2.0,0,0,0.06884892744710136,0,0.0063262954,0.012652576,0,LOW
64.0,153.25087941562214,1.5165610329103516,8.0,1.0,38.84,43.47464990860765,5.0,1,1,-0.011894000485039857,1,0.8119005,0.376199,0,MEDIUM
15.0,68.98886999188215,6.394926057543814,5.0,1.0,16.4,15.378938806887488,3.0,0,0,0.04490746522188371,1,0.66311216,0.6737757,1,MEDIUM
50.0,59.94129129637521,34.20630419778725,5.0,2.0,37.93,32.487689328480435,3.0,1,0,0.11199287656289364,1,0.9943117,0.011376619,0,LOW
72.0,51.609778834555385,62.93775460225988,2.0,2.0,64.39,19.843452791697963,1.0,1,0,0.034851623642754403,1,0.9772947,0.045410633,0,LOW
37.0,51.34711848764218,16.72474327928181,0.0,2.0,4.02,35.51776745746845,2.0,0,0,0.08883928888559545,0,0.01787888,0.03575778,0,LOW
1.0,80.2078912106285,41.91803429646235,0.0,2.0,50.37,-0.144107686393788,5.0,0,0,0.015951126001366056,0,0.0018098062,0.0036196113,0,LOW
23.0,54.64244833456249,25.713934166586707,1.0,1.0,39.95,32.63702664733907,2.0,0,0,0.13153382484631876,0,0.017953696,0.035907388,0,LOW
72.0,39.69420960069044,67.14666154433012,2.0,0.0,0.21,28.78931934912082,2.0,0,0,0.0554245088669697,1,0.8836488,0.23270237,0,LOW
9.0,25.020923989101657,58.185974432119146,6.0,2.0,59.16,-10.746227285522131,4.0,1,1,-0.017402410786595213,0,0.38116038,0.76232076,1,HIGH
21.0,157.56254200826604,19.014985532198963,3.0,2.0,66.85,13.863625659593067,7.0,0,1,-0.037409909957893506,0,0.011834141,0.02366829,0,MEDIUM
72.0,87.34812187442476,41.16071102350109,4.0,1.0,100.0,1.1403089379790714,3.0,1,0,0.00526035895201038,1,0.99884737,0.0023052692,0,LOW
51.0,135.4581880454381,48.82170357707025,5.0,0.0,96.53,29.088758267524703,5.0,1,0,0.004356688769164396,1,0.99649423,0.007011533,0,LOW
67.0,44.309669729499554,42.47925494808775,6.0,1.0,52.52,-12.225204600379827,3.0,1,0,0.03151164366293391,1,0.98963696,0.020726085,0,LOW
36.0,92.82027760188538,58.11579250940414,2.0,1.0,45.87,19.18457655805741,4.0,0,0,0.12342668280159591,0,0.03294431,0.06588864,0,LOW
37.0,156.38328739685414,25.92162233089893,0.0,1.0,27.25,48.71532847137316,5.0,0,0,0.0742227159474767,0,0.0032275596,0.0064551234,0,LOW
13.0,117.78658747124506,9.00667640292432,1.0,0.0,0.0,40.54028705938038,4.0,0,0,0.0338033090601183,0,0.008984384,0.017968774,0,LOW
71.0,115.53476077999292,8.536406187055348,9.0,1.0,54.24,34.33643671973114,4.0,1,0,0.001368433053154261,1,0.9992005,0.0015989542,0,LOW
19.0,55.90604802369015,37.05751577965928,2.0,1.0,17.57,10.160690444843322,3.0,0,0,0.10201048246508726,0,0.018061528,0.036123037,0,LOW
30.0,100.2034742831521,31.45065149037105,3.0,0.0,47.16,47.3167210128808,2.0,0,0,0.08598691199409336,1,0.62949836,0.7410033,1,MEDIUM
50.0,131.43323478914263,44.839429921948366,3.0,1.0,29.67,25.084759065536293,5.0,0,0,0.10599263808256676,0,0.008247026,0.016494036,0,LOW
60.0,132.35904691878994,27.654997126645863,2.0,0.0,30.17,33.5140049229807,5.0,0,0,0.08142441480187534,0,0.088020235,0.17604047,0,LOW
35.0,77.2778644398991,29.408992238996163,4.0,0.0,10.15,39.38383549128999,3.0,1,0,0.10047571058507254,1,0.9759268,0.048146367,0,LOW
1.0,96.39436357301776,25.342946029402643,0.0,0.0,41.21,19.68597495174003,5.0,0,0,0.05583769823814844,0,0.0032266132,0.006453216,0,LOW
44.0,100.68988918065357,25.06441710346656,5.0,0.0,9.92,38.699598812220046,4.0,1,0,0.083276639374947,1,0.9839596,0.03208077,0,LOW
68.0,129.49346843602106,15.676562753838216,4.0,2.0,60.38,21.05140418443284,5.0,1,0,0.03066983607140439,1,0.9905838,0.018832445,0,LOW
65.0,144.7919143468935,0.0,7.0,1.0,59.91,66.54354335568117,4.0,1,1,-0.0016811081820914398,1,0.9937596,0.012480855,0,MEDIUM
53.0,138.4502250803239,55.75218527746236,4.0,1.0,14.74,39.63424195223668,5.0,0,0,0.0721361686500478,0,0.014799272,0.029598534,0,LOW
35.0,144.9683416941932,29.60978000133433,0.0,1.0,46.3,55.31513420480045,5.0,0,0,0.0952941958564732,0,0.0033453512,0.006690681,0,LOW
50.0,100.66440413259394,31.428560204105423,7.0,1.0,75.08,39.10043717042407,4.0,1,0,0.07773312758355472,1,0.9985403,0.0029194355,0,LOW
47.0,108.90866895830617,13.714050942132827,10.0,3.0,47.07,27.823333411761997,4.0,1,1,-0.030864521943618106,1,0.9985368,0.0029263496,0,MEDIUM
1.0,64.33325196076277,19.965455396892192,4.0,1.0,27.05,3.073538790673637,5.0,0,0,0.02620965629318961,0,0.16186787,0.3237357,0,LOW
56.0,80.67520542506034,70.314694621727,4.0,1.0,0.0,36.843325933236855,2.0,1,0,0.06770156886303069,1,0.90615296,0.18769407,0,LOW
72.0,101.88566420391706,34.61112839457153,6.0,0.0,85.17,12.033856631000042,4.0,1,0,0.01728939125004858,1,0.9984327,0.0031346083,0,LOW
41.0,42.07585619949049,8.427228337180225,5.0,0.0,0.0,20.180499085084357,2.0,0,0,0.026937050624484926,1,0.6866655,0.62666905,1,MEDIUM
15.0,54.78458804047633,28.2232706593146,1.0,1.0,16.21,22.44859030814285,3.0,0,0,0.11490331759923206,0,0.016324019,0.032648027,0,LOW
16.0,95.04661557545168,23.122482099807,0.0,1.0,9.23,43.19163771575128,4.0,0,0,0.11255223610418952,0,0.0069827284,0.013965428,0,LOW
58.0,124.8704348896422,30.762220096346766,2.0,0.0,95.35,33.09604440408947,5.0,1,0,0.023982157774481205,1,0.99744153,0.0051169395,0,LOW
1.0,37.858313065380266,12.920388778832438,4.0,0.0,52.57,-1.1852406077442907,4.0,0,1,-0.0005077361489617127,0,0.121711105,0.24342221,0,MEDIUM
54.0,97.86714202129824,44.655925170300016,2.0,0.0,24.73,11.081960790040627,4.0,0,0,0.09697563777565366,0,0.09158054,0.18316108,0,LOW
3.0,50.38204606059976,30.339188509296484,1.0,0.0,58.66,16.163785125939945,3.0,0,0,0.06912775262470777,0,0.003965399,0.007930815,0,LOW
65.0,108.1143928122938,34.56087595857561,7.0,0.0,20.86,-12.244465270273516,6.0,1,1,-0.016982673422833328,0,0.21862623,0.43725246,0,MEDIUM
72.0,47.59283993434534,43.66131683601759,3.0,2.0,46.32,24.102181198418155,2.0,1,0,0.07660150408361871,1,0.93911743,0.12176514,0,LOW
7.0,59.17784050573261,0.0,0.0,1.0,35.22,24.33202778272173,3.0,0,0,0.07278755056722996,0,0.0031609673,0.006321907,0,LOW
49.0,87.70257585215654,36.06954227376188,4.0,0.0,3.82,96.48961249400594,1.0,1,1,-0.003379570636243834,1,0.96405834,0.07188332,0,MEDIUM
1.0,80.25482849840546,36.75381225487578,6.0,2.0,0.0,11.918993376503888,5.0,0,1,-0.010248301128553017,0,0.01646396,0.03292793,0,MEDIUM
47.0,156.03472924844286,34.680483465068264,0.0,0.0,21.94,72.9129435794647,5.0,0,0,0.036662477424610485,0,0.0028238988,0.0056477785,0,LOW
45.0,124.41974130934318,38.28640191891977,1.0,0.0,43.75,58.81510258509654,3.0,0,0,0.10740047520805518,0,0.113433585,0.2268672,0,LOW
54.0,91.4388164727438,28.0414451740101,8.0,0.0,45.31,0.5304383057978512,5.0,1,0,0.005937135807495553,1,0.9931632,0.013673544,0,LOW
38.0,67.97605923293324,59.71070894876375,1.0,1.0,43.74,42.93162916524141,2.0,0,0,0.1344022602570744,0,0.10626098,0.21252197,0,LOW
25.0,43.9377126627768,45.95652954518221,8.0,0.0,64.35,-0.6197593091210152,3.0,1,1,-0.019218938930221197,1,0.9920586,0.01588285,0,MEDIUM
7.0,85.32823604012624,38.15559354284823,4.0,1.0,0.0,26.51005092381155,4.0,0,0,0.06890359874766233,0,0.012547957,0.02509594,0,LOW
24.0,94.1969907991061,34.03694877625324,1.0,2.0,60.29,26.43135282028005,3.0,0,0,0.1048223352141403,0,0.025308894,0.050617814,0,LOW
23.0,30.364118447704463,13.969569994982756,1.0,1.0,40.69,20.787374086876312,1.0,0,0,0.07625461547357015,0,0.0051761316,0.010352254,0,LOW
23.0,36.80090147685801,33.97225832809308,0.0,2.0,45.66,41.298754877262304,2.0,0,0,0.12752284221666282,0,0.0012037359,0.0024074912,0,LOW
1.0,71.83969334295567,17.67593509368122,4.0,0.0,55.14,14.6738035999044,5.0,0,0,0.027938274581024047,0,0.08212255,0.16424513,0,LOW
22.0,81.44818402866272,48.17066631599153,1.0,1.0,16.56,42.1721835922534,3.0,0,0,0.1393712338267008,0,0.010421318,0.020842612,0,LOW
7.0,108.79983458378685,20.6491627735997,1.0,0.0,39.08,32.479153284255595,4.0,0,0,0.08589141911241827,0,0.017190382,0.034380794,0,LOW
32.0,56.23807332161738,39.7277775272603,2.0,2.0,0.0,44.64411180910278,3.0,0,0,0.11096946110386441,0,0.12516668,0.25033337,0,LOW
72.0,111.96510589074452,38.64940484458156,3.0,2.0,13.88,3.4946947797340204,5.0,0,0,0.0364028841827545,0,0.044525903,0.08905178,0,LOW
72.0,88.07598771680816,40.70453006083936,5.0,0.0,14.18,58.0348239783484,2.0,1,0,0.05517733474450759,1,0.9805007,0.038998604,0,LOW
72.0,108.62387576868902,29.91295614393677,4.0,2.0,81.61,7.113040178737441,4.0,1,0,0.025997538983309032,1,0.9974694,0.0050611496,0,LOW
18.0,169.38017987089407,25.07752929128941,0.0,1.0,49.02,47.86290754995059,6.0,0,0,0.036685179798050194,0,0.00039870426,0.00079739094,0,LOW
5.0,84.58661704287489,59.2903110936852,1.0,3.0,26.64,29.90716283001577,4.0,0,0,0.05519246814325318,0,0.002350125,0.0047002435,0,LOW
27.0,60.825388948622965,4.372114026145293,1.0,0.0,39.37,34.88843604541099,2.0,0,0,0.09038402683361457,0,0.011313082,0.022626162,0,LOW
33.0,91.78871684627109,21.72759263029996,1.0,1.0,53.69,47.0220632425365,2.0,0,0,0.11754017270654565,0,0.10902569,0.21805137,0,LOW
72.0,179.49121701003023,20.280874182221822,4.0,0.0,18.06,47.63300511371904,6.0,0,1,-0.010633172939023217,0,0.030767554,0.06153512,0,MEDIUM
24.0,97.36847250073367,18.407312975639535,7.0,2.0,31.07,48.58756002106248,4.0,1,0,0.059126832336154844,1,0.9848022,0.030395627,0,LOW
34.0,22.200390582158665,69.4406488121656,2.0,0.0,8.68,44.29478619143533,1.0,1,0,0.047261851345202444,1,0.87891036,0.24217927,0,LOW
46.0,70.0994335756677,32.26556404545191,9.0,2.0,48.56,0.0010565146442793,5.0,1,1,-0.020305626312372316,1,0.9924426,0.015114784,0,MEDIUM
31.0,87.35081857557427,42.46064088042103,9.0,0.0,6.39,11.751559829474838,5.0,1,1,-0.013398063000116256,1,0.897398,0.20520401,0,MEDIUM
65.0,89.67215929024262,22.277682493981253,5.0,0.0,72.64,20.41400218858096,4.0,1,0,0.06464087285488901,1,0.9992354,0.0015292168,0,LOW
4.0,87.97386762601069,36.13315359306184,0.0,2.0,24.25,23.32414382068362,4.0,0,0,0.08914407410390118,0,0.0005012464,0.0010024905,0,LOW
57.0,76.31141421421255,65.3866539789323,2.0,2.0,23.44,23.328552920856964,3.0,0,0,0.11962995843140412,0,0.16233127,0.32466257,0,LOW
53.0,84.96730582604675,23.90384307228408,5.0,2.0,54.36,23.396455778930807,3.0,0,0,0.08835896174818758,1,0.99815863,0.0036827326,0,LOW
72.0,104.00986549867318,58.63573395325164,5.0,2.0,23.8,26.26677834418115,4.0,0,0,0.084460951363028,0,0.02600248,0.052004933,0,LOW
8.0,51.003297416552414,25.608729234799437,3.0,1.0,56.92,25.431727885139367,3.0,0,0,0.09668120882140735,0,0.024919512,0.04983902,0,LOW
72.0,107.47179317424045,30.49447199356662,4.0,1.0,18.07,53.55417908033205,3.0,1,0,0.08640129355974618,1,0.96135634,0.07728732,0,LOW
53.0,148.34953065148665,33.141795571962874,3.0,1.0,28.65,46.79892267289613,4.0,0,0,0.08748130933040166,0,0.027317667,0.054635346,0,LOW
72.0,67.53893056860616,71.65516104762759,2.0,3.0,18.05,8.124701495630838,3.0,0,0,0.04044546688726436,0,0.07883042,0.15766084,0,LOW
72.0,74.67304816077952,63.400162629095625,2.0,1.0,30.63,36.76243867697517,2.0,0,0,0.11525780912917294,0,0.080839574,0.16167915,0,LOW
50.0,98.319599297038,46.26907532826047,0.0,0.0,35.21,25.382048558781875,3.0,0,0,0.12873504626050913,0,0.016349535,0.03269905,0,LOW
18.0,38.163170659293385,29.191600531087595,0.0,0.0,40.44,22.76237273820569,2.0,0,0,0.1036161532366297,0,0.0034301712,0.006860316,0,LOW
57.0,59.742708045554735,18.416693784830358,4.0,2.0,41.57,62.960233787640135,1.0,0,0,0.0546313566014377,1,0.9266262,0.14674759,0,LOW
47.0,108.5239525420085,19.405732207030923,5.0,1.0,49.33,16.34646395480162,4.0,1,0,0.07980643244698976,1,0.99610835,0.0077832937,0,LOW
55.0,91.08218290461733,19.45187855920624,2.0,2.0,15.24,53.1832983821027,1.0,0,0,0.06776324570250408,1,0.5874098,0.8251804,1,MEDIUM
72.0,114.09125426639837,68.07967626449151,6.0,2.0,0.0,49.31877408634899,3.0,0,0,0.02145317419920645,0,0.08062001,0.16124004,0,LOW
60.0,157.56494997197163,35.0052844396505,2.0,0.0,23.98,41.24481186566172,5.0,0,0,0.045865258437412515,0,0.007170443,0.0143408775,0,LOW
24.0,50.53922961113047,26.983415444030804,1.0,2.0,25.62,27.49401155317119,2.0,0,0,0.11051277253988673,0,0.006050432,0.012100875,0,LOW
17.0,34.53781444877082,15.185312644554443,4.0,3.0,18.67,18.03787382597176,2.0,0,0,0.015300922625719915,0,0.022073584,0.044147193,0,LOW
1.0,31.872010122392567,6.862587247473907,5.0,0.0,100.0,14.8738586909396,3.0,0,1,-0.029985131139107613,0,0.029026033,0.058052063,0,MEDIUM
55.0,141.170156979229,20.452831791345204,2.0,0.0,38.61,41.12916954813567,4.0,0,0,0.07879323643223896,0,0.23267302,0.46534604,0,LOW
14.0,129.9592095147288,23.68317511352048,0.0,0.0,52.9,24.083914053262447,5.0,0,0,0.053710473570067196,0,0.0027482233,0.0054964423,0,LOW
72.0,69.29781259280867,53.547307782387,7.0,0.0,32.42,33.99199415603604,2.0,1,0,0.047900312622428776,1,0.94522667,0.10954666,0,LOW
72.0,88.26038696607867,49.56626608436348,5.0,0.0,6.6,5.886270036335834,4.0,0,0,0.03582162466711003,1,0.58708376,0.8258325,1,MEDIUM
17.0,51.27375216487913,38.59917158338124,3.0,2.0,46.52,21.920183795801982,2.0,0,0,0.08153291110876021,0,0.053229727,0.10645944,0,LOW
59.0,122.02378131534395,17.97019148500951,0.0,0.0,70.98,56.75519788908761,3.0,1,0,0.06420059974385528,1,0.98185235,0.036295295,0,LOW
1.0,77.25666692271125,42.822740130408754,1.0,0.0,63.76,17.312678145368384,4.0,0,0,0.06020370519365498,0,0.0035171693,0.0070343614,0,LOW
24.0,75.9226414633496,29.122879239194614,6.0,2.0,30.02,48.1573292839875,3.0,1,0,0.08244959170803134,1,0.9147769,0.17044616,0,LOW
64.0,130.53045710141836,55.317499125879806,5.0,2.0,35.79,40.87743097579944,5.0,0,0,0.06481752284309361,0,0.03626781,0.072535634,0,LOW
57.0,38.77883946949707,27.22949316702602,1.0,0.0,2.87,43.5714022823003,1.0,0,0,0.05660649052511735,0,0.099878974,0.19975793,0,LOW
60.0,135.7300305889749,54.43098444889712,2.0,3.0,11.58,41.3167004147272,4.0,0,0,0.047681043514667176,0,0.022186773,0.044373572,0,LOW
72.0,88.736535371642,77.10161819465374,3.0,1.0,0.0,80.98367679739201,1.0,0,0,0.012829173933082694,1,0.80068916,0.39862168,0,LOW
56.0,122.43475934128412,15.539661492066642,10.0,0.0,64.63,36.56120470899295,5.0,1,1,-0.00910073656733601,1,0.9990798,0.001840353,0,MEDIUM
1.0,30.724338262772516,22.413946561718145,7.0,1.0,8.67,3.470385346552403,4.0,0,1,-0.007186029210878964,0,0.03174943,0.063498855,0,MEDIUM
51.0,89.83761529880069,16.74528332616649,1.0,1.0,26.12,65.6383410125411,1.0,0,0,0.08797164824826842,0,0.19929019,0.39858037,0,LOW
39.0,153.57133635253288,31.4538401619184,1.0,3.0,36.14,37.02191995780743,5.0,0,0,0.04042112550669197,0,0.009660526,0.019321024,0,LOW
14.0,44.60544469632464,40.426792094258666,1.0,2.0,54.58,18.0107643710201,2.0,0,0,0.0773884598635734,0,0.030887797,0.061775565,0,LOW
38.0,178.9185088420428,21.104433360463805,5.0,1.0,26.41,37.77177664150072,7.0,0,1,-0.008074048818612622,0,0.03658717,0.07317436,0,MEDIUM
22.0,147.99974137265852,43.53255542755689,5.0,2.0,46.36,34.58681154917516,6.0,0,0,0.013966512697448863,0,0.052319672,0.10463935,0,LOW
34.0,125.05889978534586,20.5491083398898,2.0,1.0,54.19,34.52447837764245,4.0,0,0,0.10639141410174519,1,0.8946728,0.21065438,0,LOW
66.0,101.12441439125962,61.36632164770251,1.0,2.0,22.8,52.62379235706147,2.0,0,0,0.09881252935693857,0,0.0388521,0.07770419,0,LOW
1.0,29.1966011103656,36.05772702819135,5.0,1.0,54.15,3.4922541868457024,3.0,0,0,0.038944802335168394,0,0.03910317,0.07820636,0,LOW
72.0,103.64635157621996,67.28647671836693,6.0,2.0,5.78,15.688078163995826,4.0,0,0,0.03078554839030745,0,0.012071827,0.024143636,0,LOW
20.0,169.85568364586806,11.523723855222263,1.0,2.0,54.22,39.31920133019579,6.0,0,0,0.011353041128213226,0,0.0048462995,0.009692609,0,LOW
61.0,51.23548556164216,72.0463306273578,1.0,1.0,22.69,-9.31291237913853,3.0,0,0,0.07674287303374294,0,0.24951985,0.4990397,0,LOW
1.0,80.43302983649914,40.190415102892,0.0,1.0,20.92,24.125659698986052,5.0,0,0,0.08022697229882475,0,0.00057569385,0.0011513829,0,LOW
33.0,176.29766239160125,27.40823676616714,2.0,1.0,25.67,36.67933739112324,6.0,0,0,0.04576287458859529,0,0.0033492914,0.0066986084,0,LOW
55.0,110.32975870224928,48.90912718162105,3.0,0.0,30.94,31.581928912772547,3.0,0,0,0.10260711450810667,0,0.09025006,0.18050015,0,LOW
8.0,41.53887720667621,12.479060747816286,3.0,3.0,16.81,7.396604604169154,3.0,0,0,0.003889728835681394,0,0.007459662,0.014919341,0,LOW
45.0,142.7651290213035,20.85053615087964,0.0,2.0,4.6,65.1545866183073,3.0,0,0,0.05720925146295042,0,0.02529467,0.050589323,0,LOW
40.0,110.2795532739954,34.98451787530099,1.0,0.0,57.81,39.35106315537289,4.0,0,0,0.11572932409157544,1,0.70808923,0.58382154,0,LOW
72.0,141.98635717603045,55.23458988378193,5.0,0.0,7.45,40.54730766864284,5.0,0,0,0.020106608907066725,0,0.0061185984,0.012237191,0,LOW
53.0,86.13770832176534,8.007224395604137,4.0,1.0,31.43,30.939620578664357,3.0,1,0,0.09705783003988117,1,0.99082196,0.018356085,0,LOW
43.0,64.02593666369827,42.37951006092015,6.0,1.0,25.56,36.57201089411426,3.0,1,0,0.10689721994387757,1,0.9930143,0.013971448,0,LOW
29.0,72.14525096432001,40.55166567327717,5.0,1.0,13.01,47.45327328680192,3.0,1,0,0.10628859590724893,1,0.9666363,0.0667274,0,LOW
45.0,87.5671108324228,52.62402416494088,1.0,3.0,39.59,10.809510041941389,4.0,0,0,0.061401093486232516,0,0.060766436,0.12153286,0,LOW
50.0,101.28230459046972,29.38593732264108,6.0,1.0,64.25,27.629129470173798,4.0,1,0,0.09368187612599643,1,0.9991773,0.0016454458,0,LOW
72.0,87.4296139408792,47.30490828221322,1.0,1.0,46.32,65.90882454740066,1.0,0,0,0.07447641069158212,0,0.46303803,0.92607605,1,MEDIUM
72.0,103.98119651853968,63.89973534728156,5.0,0.0,0.0,56.104022589583366,2.0,0,0,0.024694130487210364,0,0.47436565,0.9487313,1,MEDIUM
72.0,27.03137440495792,83.43820861732286,0.0,0.0,16.44,53.009960214303725,1.0,0,0,0.050171941130986775,1,0.9080916,0.18381679,0,LOW
3.0,46.004350207421005,7.071315632376107,2.0,0.0,53.55,13.732358274275072,3.0,0,0,0.038167723577454016,0,0.006969704,0.013939381,0,LOW
8.0,35.05554387693648,21.68225559559772,5.0,0.0,11.0,4.772486981533243,3.0,0,0,0.01607073806156578,0,0.034962114,0.069924235,0,LOW
60.0,138.9683708374475,28.13718365907485,3.0,1.0,93.82,32.3579669108188,5.0,1,0,0.023988227111635396,1,0.9964479,0.0071041584,0,LOW
27.0,61.75322033980149,4.73813198927844,2.0,1.0,59.05,40.07847304525472,1.0,0,0,0.06217699146887773,0,0.053555228,0.10711044,0,LOW
72.0,99.84170042650048,46.455563055197786,2.0,1.0,27.14,20.07381195502536,4.0,0,0,0.11977979838805958,0,0.03592029,0.071840584,0,LOW
54.0,35.23777285712456,70.30182833243177,3.0,2.0,43.46,26.523507029648098,1.0,1,0,0.060442988864208735,1,0.9385176,0.12296486,0,LOW
1.0,30.27665786574081,44.01925468437854,6.0,0.0,48.63,-4.753756234308293,5.0,0,1,-0.018327920359291983,0,0.051028814,0.102057636,0,MEDIUM
49.0,126.77119724213156,37.94617179750757,2.0,0.0,25.12,12.273797052387906,5.0,0,0,0.07754835515575825,0,0.016237874,0.03247577,0,LOW
70.0,129.0080258527404,53.18748444743569,2.0,1.0,13.24,20.84659539288664,4.0,0,0,0.08552854898733786,0,0.004645811,0.009291649,0,LOW
38.0,52.20612008264034,24.846064171139844,0.0,0.0,39.01,38.16353099870499,1.0,0,0,0.11077750155057292,0,0.008630643,0.017261267,0,LOW
24.0,81.39065694051214,27.26938925531126,7.0,2.0,30.02,61.398439206965946,3.0,1,0,0.05893758674962479,1,0.9886923,0.022615433,0,LOW
51.0,98.34665964773508,21.102605193455883,2.0,1.0,26.12,70.72864226570641,1.0,0,0,0.07694721483813133,1,0.692007,0.615986,1,MEDIUM
72.0,140.83152664055743,38.09699652320149,0.0,0.0,16.62,55.05847040966616,3.0,0,0,0.06740352426927215,0,0.005334611,0.010669231,0,LOW
52.0,81.07602105652145,44.02161236745373,7.0,0.0,16.58,40.56808580339519,3.0,1,0,0.06813616298147868,1,0.9900732,0.019853592,0,LOW
55.0,95.55105180312414,40.28059397605816,3.0,1.0,49.01,46.359142834163904,2.0,0,0,0.10204641739222098,1,0.7695144,0.46097124,0,LOW
49.0,91.5477290177888,37.24104702232501,0.0,1.0,0.0,52.98121119196482,3.0,1,0,0.1204515258196413,0,0.21401629,0.42803258,0,LOW
3.0,49.28556562608776,47.74653767046036,1.0,2.0,40.34,32.06673334213425,3.0,0,0,0.10086805557364747,0,0.005979188,0.011958361,0,LOW
72.0,92.79274574046724,41.29579187163787,5.0,1.0,17.62,32.2653571100194,3.0,1,0,0.09063332882081337,1,0.7929978,0.41400445,0,LOW
71.0,138.70074358974796,37.52463418639715,2.0,0.0,15.04,25.6008440422735,5.0,0,0,0.056726324926184235,0,0.008127507,0.016255021,0,LOW
4.0,84.21585881247806,26.6494398954569,1.0,2.0,7.51,14.948516309308062,4.0,0,0,0.05542933534154271,0,0.0030363207,0.0060726404,0,LOW
13.0,84.94199349320942,27.35031173585,1.0,1.0,69.98,36.46708105631055,3.0,0,0,0.10284266512323281,0,0.061690956,0.12338191,0,LOW
29.0,107.47619842856882,18.63428270049545,3.0,0.0,13.77,34.665499008447426,3.0,0,0,0.07546448353550661,1,0.7876898,0.4246204,0,LOW
58.0,119.01457218974974,13.450857469522033,2.0,1.0,65.15,36.32232500431898,3.0,1,0,0.07160694585238198,1,0.99568754,0.008624911,0,LOW
10.0,118.1670140285051,14.13917435584071,0.0,2.0,3.9,34.746171788563416,4.0,0,0,0.05028896464166088,0,0.003881579,0.0077631474,0,LOW
72.0,107.09359774554574,43.10829216349531,1.0,1.0,100.0,35.50046770468204,2.0,1,0,0.030214264803502866,1,0.9975672,0.0048656464,0,LOW
72.0,50.28694973661145,81.62300222522502,1.0,3.0,20.66,35.52122438033187,1.0,0,0,0.024801310143165556,0,0.07192769,0.1438554,0,LOW
32.0,62.575822478825714,19.38707522641219,1.0,0.0,30.89,36.153265796068375,2.0,0,0,0.12027012108354002,0,0.018896693,0.037793398,0,LOW
56.0,51.51606434172688,51.41648569278791,7.0,0.0,47.37,5.082781712175794,4.0,1,0,0.032315430435091774,1,0.98970115,0.020597696,0,LOW
48.0,143.04644081225496,28.94534319602673,5.0,0.0,90.69,44.12214778051748,5.0,1,0,0.01511427564331913,1,0.9964156,0.00716877,0,LOW
60.0,104.751786940686,32.45654220457983,8.0,0.0,81.18,27.73264756967704,4.0,1,0,0.02173376607321853,1,0.9977858,0.0044283867,0,LOW
32.0,96.6696740962185,33.63791239336486,7.0,2.0,0.0,79.73916524972721,2.0,1,0,6.436905603357523e-05,1,0.91474664,0.17050672,0,LOW
21.0,51.09267428050697,13.598910341136898,4.0,2.0,33.73,23.348092303827464,2.0,0,0,0.07341565443188752,0,0.35508797,0.71017593,1,MEDIUM
41.0,82.2682574151585,41.29413773098253,0.0,0.0,53.48,8.96867361217366,4.0,0,0,0.08725089221275933,0,0.1353307,0.2706614,0,LOW
45.0,90.61696822277118,21.49719374204126,11.0,0.0,41.56,39.27134107138979,4.0,1,0,0.025923625029039443,1,0.9984347,0.0031305552,0,LOW
29.0,76.7668675875814,25.3027391920792,0.0,0.0,60.11,51.92292025461661,2.0,0,0,0.10542404917733217,0,0.013296428,0.02659285,0,LOW
56.0,142.51971534307728,41.940340736356575,0.0,1.0,26.06,56.66490490879467,4.0,0,0,0.10109605196304594,0,0.003500849,0.007001698,0,LOW
43.0,63.82572975470154,45.08309884155428,6.0,1.0,25.56,37.06044404618837,3.0,1,0,0.10646803017875517,1,0.9946339,0.010732174,0,LOW
19.0,67.90497888069757,4.509894055236659,0.0,1.0,79.33,45.262634167495,2.0,0,0,0.07116910161027334,0,0.0022364045,0.004472792,0,LOW
49.0,91.23693379437572,40.06386252327557,2.0,0.0,3.82,90.89934031131602,1.0,1,0,0.016670829657699726,1,0.9432401,0.11351979,0,LOW
72.0,57.10171206381334,67.66681000059931,5.0,0.0,24.22,-11.551017695216238,3.0,0,0,0.028779596324681633,1,0.55278134,0.8944373,1,MEDIUM
18.0,31.49699360243087,26.59492680449404,1.0,0.0,46.03,9.9350320151321,2.0,0,0,0.07318327824166371,0,0.012488248,0.024976492,0,LOW
49.0,32.4809463304417,72.23594948354294,7.0,1.0,37.52,22.22576340897857,2.0,1,0,0.05011428824197861,1,0.9844483,0.031103373,0,LOW
67.0,101.06925927652549,28.285287003645838,1.0,1.0,67.79,-7.665539818314193,4.0,1,0,0.04725664997907375,1,0.9853535,0.029292941,0,LOW
50.0,115.10015948205904,26.27576127853388,5.0,1.0,64.25,27.692267236487137,4.0,1,0,0.0937420269385319,1,0.9987991,0.0024018288,0,LOW
72.0,88.34497393599203,35.463015476460264,5.0,0.0,25.1,32.73886710768308,3.0,1,0,0.08359946968274129,1,0.9441955,0.11160898,0,LOW
15.0,51.67609488498405,32.251150247036286,1.0,0.0,67.22,33.99185045501431,2.0,0,0,0.09378300742780993,0,0.021079488,0.04215896,0,LOW
10.0,49.58978021695495,32.44460413833707,3.0,1.0,36.17,11.206991396542657,3.0,0,0,0.09501615940971875,0,0.017057808,0.034115613,0,LOW
36.0,66.90577264596726,56.22404373696605,6.0,1.0,5.99,55.610830000823775,3.0,1,0,0.07356783465527783,1,0.98790234,0.024195313,0,LOW
64.0,67.85015373982648,41.84283968149866,7.0,2.0,49.58,61.72993535630828,1.0,1,0,0.018473780270267803,1,0.9782925,0.04341495,0,LOW
48.0,119.10209749677117,0.0,9.0,2.0,26.35,47.688687129704405,5.0,1,1,-0.004942420241962342,1,0.9913496,0.017300844,0,MEDIUM
45.0,112.11382749925222,45.44110768142488,2.0,1.0,37.06,0.3564043520648461,5.0,0,0,0.07630990175773705,0,0.021881578,0.04376316,0,LOW
62.0,56.125273282881,91.1291646324556,1.0,2.0,15.24,7.4114580367988765,3.0,0,0,0.05267214170987544,0,0.0148638515,0.029727697,0,LOW
49.0,113.99164544600148,35.77087700245124,1.0,0.0,45.03,21.46447407382768,4.0,0,0,0.11095427288091853,0,0.047749627,0.09549928,0,LOW
15.0,67.6575356775003,33.47993817159244,2.0,1.0,16.21,24.32926048411818,3.0,0,0,0.11700633424932488,0,0.01774445,0.035488904,0,LOW
72.0,49.99695114325175,77.73605014309356,3.0,1.0,64.64,-5.051509238650615,1.0,1,0,0.0020236632960860534,1,0.84229034,0.31541932,0,LOW
1.0,61.8559334366355,41.31893956691294,3.0,1.0,21.31,14.879498852251356,4.0,0,0,0.08189523894821205,0,0.0034931141,0.006986201,0,LOW
26.0,108.06272775441442,56.44299883109294,3.0,1.0,32.39,35.42939067567118,4.0,0,0,0.11517196655469764,0,0.035364095,0.07072818,0,LOW
49.0,111.45798974757696,13.226179593926284,3.0,1.0,42.73,22.29606641448593,4.0,1,0,0.09083191236098748,1,0.96025145,0.0794971,0,LOW
19.0,90.24417226214553,32.27338437202326,0.0,2.0,26.83,47.87532204345453,3.0,0,0,0.13281623876123588,0,0.0028993657,0.005798757,0,LOW
68.0,98.57678392737958,48.11049421437412,4.0,2.0,21.78,-14.187407872667396,5.0,0,0,0.03348979020814624,0,0.033915244,0.0678305,0,LOW
52.0,46.31305821342781,13.89489564950315,2.0,1.0,0.0,56.545203087894365,1.0,0,0,0.06162462839866123,0,0.15442145,0.3088429,0,LOW
29.0,161.8605250111687,0.0,1.0,1.0,33.53,81.92217833416828,4.0,1,1,-0.004912025587235247,0,0.21400476,0.4280095,0,MEDIUM
53.0,167.03190004278423,27.58716314822143,6.0,2.0,27.45,40.32150288331177,6.0,0,0,0.012017890621533134,0,0.05245704,0.10491407,0,LOW
72.0,95.34013406778185,58.611988706275966,4.0,2.0,23.52,9.032446938398904,3.0,0,0,0.06673789148377446,0,0.035095386,0.07019079,0,LOW
32.0,88.43897771391404,58.687102674893744,2.0,1.0,45.75,49.2480064686004,2.0,0,0,0.11401406634010858,0,0.12751418,0.25502837,0,LOW
60.0,144.358341651536,36.30520214169172,4.0,0.0,23.98,46.70971567646101,5.0,0,0,0.05712899515283887,0,0.045318022,0.090636015,0,LOW
1.0,50.89657787627044,14.497061444113152,2.0,0.0,52.57,-0.4035696752815223,4.0,0,0,0.009839883575434638,0,0.014389522,0.02877903,0,LOW
1.0,63.270010504289125,25.542074036536512,3.0,1.0,42.21,10.15002139099506,4.0,0,0,0.06440964485381051,0,0.037163034,0.07432604,0,LOW
59.0,83.8089105755137,67.18945520692938,1.0,2.0,35.16,56.84983260110758,2.0,0,0,0.10680657344033306,0,0.044849027,0.089698076,0,LOW
15.0,62.67120173898745,31.384946579897235,0.0,1.0,16.21,20.823809738440342,3.0,0,0,0.11167751093998002,0,0.0047760447,0.009552062,0,LOW
52.0,77.79617189140295,70.53827033522181,3.0,1.0,31.45,23.90122989800374,3.0,0,0,0.12880440996079,0,0.08857302,0.17714608,0,LOW
53.0,118.29836915751564,38.146582973328,2.0,0.0,26.75,-0.4995439008799742,4.0,0,0,0.054249149669672536,0,0.01997861,0.039957225,0,LOW
28.0,81.32258610984947,14.004283124371977,2.0,2.0,23.87,46.40941314229445,2.0,0,0,0.09556468020879122,0,0.03647128,0.072942555,0,LOW
22.0,37.04293731421674,23.921482478478893,2.0,1.0,50.3,30.791245381483595,2.0,0,0,0.11100106061084652,0,0.027840473,0.05568093,0,LOW
66.0,138.49476079787408,47.437283809742034,6.0,2.0,27.61,48.59134222667397,5.0,0,0,0.047594369559053606,0,0.036855355,0.07371068,0,LOW
31.0,127.9489199722347,31.313267017049945,1.0,2.0,63.69,31.2392599857264,4.0,0,0,0.08384649974524322,0,0.47731918,0.95463836,1,MEDIUM
32.0,57.99165146891419,50.22022757956447,4.0,1.0,20.32,50.06048603505114,2.0,1,0,0.1096035598122973,1,0.877345,0.24530995,0,LOW
40.0,79.86074602262863,19.867599681766368,0.0,2.0,56.02,70.34330951660762,1.0,0,0,0.0803853256667687,0,0.00939433,0.018788636,0,LOW
58.0,119.66477438056762,27.86243515374566,6.0,1.0,76.13,37.01446308358088,5.0,1,0,0.05918334357406002,1,0.99598086,0.008038282,0,LOW
1.0,20.029732187637343,9.234961082213976,9.0,1.0,14.35,-3.9813601047984193,4.0,0,1,-0.06254056935212426,0,0.049972683,0.09994537,0,MEDIUM
5.0,45.94034994242106,36.4622505196609,2.0,1.0,39.2,15.725441034920532,3.0,0,0,0.10721187996541987,0,0.0074884696,0.014976919,0,LOW
4.0,32.20537089553978,35.976730854174164,3.0,1.0,84.62,20.158140606585,2.0,0,0,0.04564188299346017,0,0.006928998,0.01385802,0,LOW
72.0,46.40731769511845,50.95042412980461,4.0,2.0,78.22,-0.1340570263357801,1.0,1,1,-0.01803098699434713,1,0.99170965,0.0165807,0,MEDIUM
23.0,110.1638832737318,27.77157581685398,2.0,0.0,52.09,17.88321697776186,4.0,0,0,0.07855324216315795,0,0.07781928,0.15563858,0,LOW
67.0,81.36590385655323,50.73664297823911,0.0,1.0,23.86,22.05161605081865,3.0,0,0,0.13083693808713198,0,0.07676557,0.15353113,0,LOW
54.0,138.19233789632602,41.84744578805415,0.0,0.0,33.09,38.42812913730554,4.0,0,0,0.09581747346738917,0,0.002695547,0.005391121,0,LOW
34.0,89.60898692617894,49.09118478822305,2.0,1.0,44.2,26.610948219245405,3.0,0,0,0.13307924875183086,1,0.6310631,0.7378738,1,MEDIUM
33.0,114.66811526957044,49.54355918751611,0.0,3.0,45.07,30.10556692140394,5.0,0,0,0.06466372964160749,0,0.0026063256,0.0052126646,0,LOW
34.0,68.06915449762099,46.99993171493103,0.0,1.0,44.2,22.84855041193593,3.0,0,0,0.14066149669341765,0,0.09597661,0.19195324,0,LOW
72.0,104.90952928900204,53.05100161194984,4.0,0.0,10.84,35.104852712060506,4.0,0,0,0.08237169763776653,0,0.11662302,0.23324603,0,LOW
67.0,115.77331522930592,40.93695275639345,3.0,0.0,17.05,14.78637714563548,4.0,0,0,0.07417349383116917,0,0.05112733,0.10225463,0,LOW
1.0,87.00341453078826,4.28157822368218,0.0,3.0,62.64,22.267595728460844,4.0,0,1,-0.0067125088489259355,0,0.009596219,0.019192457,0,MEDIUM
72.0,81.423045066757,44.918646187297135,2.0,1.0,46.32,56.46481158463837,1.0,0,0,0.07357226853818133,1,0.81300056,0.37399888,0,LOW
40.0,38.89642623901225,71.23041288160309,2.0,1.0,9.53,55.5174525579821,1.0,1,0,0.07465713084631076,1,0.97486264,0.05027473,0,LOW
24.0,91.48850193807084,19.56607960216455,2.0,0.0,16.59,26.522082838302143,3.0,0,0,0.09519602043885805,0,0.06062706,0.12125409,0,LOW
51.0,183.3768172076529,28.837297909304542,0.0,1.0,0.85,74.60492047224687,5.0,0,0,0.020510564942595955,0,0.022326415,0.04465282,0,LOW
53.0,111.28838160000532,22.225445720669445,6.0,0.0,61.85,15.264772718380364,4.0,1,0,0.05125681871005727,1,0.99846613,0.0030677319,0,LOW
72.0,142.5926458573096,42.93513797842917,4.0,0.0,20.98,18.75403025789908,5.0,0,0,0.04859801894346372,0,0.006740905,0.013481796,0,LOW
57.0,23.005994317516056,73.61865516716327,6.0,2.0,45.61,-3.297220507363713,3.0,1,0,0.011046801639476689,1,0.9815382,0.036923647,0,LOW
14.0,92.6745391152738,24.90951652815436,1.0,1.0,77.15,49.090322867186416,2.0,0,0,0.07822159168195936,0,0.010389727,0.02077943,0,LOW
46.0,93.90183924754194,17.277763494294906,0.0,2.0,18.78,47.637318365804646,2.0,0,0,0.10612219596208788,0,0.06787242,0.13574481,0,LOW
41.0,144.03581444554644,43.32169672688836,3.0,3.0,29.7,43.6315899717436,5.0,0,0,0.046373697523224955,0,0.007828827,0.015657663,0,LOW
72.0,132.4385160689633,6.596772811459854,7.0,3.0,60.06,33.45409170753332,5.0,1,1,-0.03724676196346932,1,0.9989317,0.002136588,0,MEDIUM
39.0,146.62056574054083,26.376905132181754,1.0,3.0,31.3,23.79372676244136,6.0,0,0,0.014447852257916893,0,0.0028449353,0.0056898594,0,LOW
27.0,29.02001869834762,21.92906975205052,2.0,0.0,22.89,19.757037947844903,2.0,0,0,0.08872445415299152,0,0.026190512,0.05238104,0,LOW
72.0,81.06930774500175,62.881796299368375,1.0,1.0,22.68,53.08529434051985,2.0,0,0,0.11715310715420796,0,0.069306895,0.13861382,0,LOW
50.0,77.0235688512332,42.17410418344903,7.0,2.0,37.93,37.19556510563199,3.0,1,0,0.08429255360779442,1,0.98976237,0.020475268,0,LOW
26.0,27.83671028842608,72.2430620186267,4.0,0.0,77.98,-17.892718468532976,4.0,1,1,-0.005053999492950045,1,0.9759873,0.04802537,0,MEDIUM
59.0,102.17450940110564,47.54769321808247,6.0,0.0,51.36,11.314734939785236,5.0,0,0,0.047915144576760826,1,0.648433,0.70313394,1,MEDIUM
11.0,32.494237697406874,37.93457467193226,2.0,0.0,58.8,9.60370516133229,2.0,0,0,0.052394917679458364,0,0.007393521,0.014787018,0,LOW
72.0,70.4192639538594,81.8009459770544,1.0,2.0,20.56,46.617689984303055,2.0,0,0,0.0896267128938335,0,0.007659588,0.015319169,0,LOW
64.0,93.27437998221522,40.0742790155079,8.0,2.0,100.0,8.094554186132687,4.0,1,1,-0.02050169778967026,1,0.99914134,0.001717329,0,MEDIUM
28.0,128.79511775535812,31.774906029195844,0.0,0.0,61.72,47.53962727524135,4.0,0,0,0.08715562166939916,0,0.025185542,0.05037111,0,LOW
21.0,140.02102565530848,28.101210935136557,1.0,1.0,35.8,39.80247350577568,5.0,0,0,0.0988706783553292,0,0.0040679346,0.008135855,0,LOW
59.0,85.89442032724003,46.050668319675744,5.0,1.0,32.96,36.30159295865987,2.0,1,0,0.1025447121101602,1,0.95119816,0.09760368,0,LOW
72.0,50.46145208793058,74.81992013256327,5.0,2.0,27.52,5.949447892753229,2.0,0,0,0.035083473309437285,0,0.4125624,0.8251248,1,MEDIUM
72.0,64.0039787998897,60.03621127792656,3.0,0.0,11.23,26.42570257144083,1.0,0,0,0.04743723825840207,1,0.78931814,0.4213637,0,LOW
57.0,97.79243240197276,55.41919280243303,0.0,2.0,24.93,70.90205282854394,2.0,0,0,0.09947019227718307,0,0.011015395,0.02203077,0,LOW
38.0,144.26002791498664,26.789297143898597,2.0,3.0,33.22,9.87389779334817,6.0,0,1,-0.0012988095045954884,0,0.005067763,0.010135531,0,MEDIUM
72.0,131.0650027974736,44.62880587229014,4.0,1.0,100.0,24.37237534654397,4.0,1,0,0.027898375182553004,1,0.99658835,0.0068233013,0,LOW
63.0,124.69541044550084,23.703437267298835,7.0,0.0,83.11,21.024570709627955,5.0,1,0,0.004863477909540115,1,0.9989159,0.0021681786,0,LOW
34.0,196.93497859986712,26.932913150518527,0.0,1.0,27.89,56.21306816529271,6.0,0,0,0.0448758962074316,0,0.0011333175,0.0022666454,0,LOW
67.0,94.3056261805613,57.26844491060904,0.0,1.0,26.35,36.576954147543645,3.0,0,0,0.1362902859946929,0,0.009274969,0.01854992,0,LOW
38.0,126.95601959368908,20.664556272627078,2.0,0.0,65.39,60.77131709029986,4.0,1,0,0.06933040602205937,1,0.9971787,0.0056426525,0,LOW
72.0,128.1775208197808,19.35745683036495,12.0,0.0,67.23,-4.495710655375934,6.0,1,1,-0.07226324179705834,1,0.9896082,0.020783544,0,MEDIUM
31.0,49.892447055395806,18.72167549973934,4.0,1.0,42.19,45.176095825850254,2.0,0,0,0.10836730433838493,1,0.867687,0.26462603,0,LOW
11.0,75.08612664974018,36.23846999206253,1.0,1.0,7.36,21.90002705589368,4.0,0,0,0.10081526926122913,0,0.0017840788,0.0035681725,0,LOW
72.0,47.424631532737656,65.58664077464532,1.0,2.0,31.74,46.61304151118596,1.0,1,0,0.07729840417669437,1,0.53570646,0.9285871,1,MEDIUM
57.0,83.8628208658167,59.952146943341205,0.0,2.0,23.44,32.72669515803926,3.0,0,0,0.12677967956575847,0,0.01439045,0.028780878,0,LOW
29.0,153.04779707478326,18.63283942948603,2.0,0.0,52.4,59.14500969550397,4.0,0,0,0.03951205798557189,1,0.5515183,0.89696336,1,MEDIUM
4.0,107.67175270163229,16.460321051846837,4.0,0.0,86.52,38.57490748926841,4.0,0,0,0.014278554223822959,1,0.75575167,0.48849666,0,LOW
49.0,110.6790344251926,42.04785873203801,2.0,1.0,26.63,3.814687448449785,5.0,0,0,0.09057410763360463,0,0.050628744,0.1012575,0,LOW
34.0,131.19569325994058,47.94026725504986,1.0,1.0,34.13,29.312013987080647,5.0,0,0,0.11036830118737867,0,0.0032354482,0.0064709187,0,LOW
58.0,86.04747093849349,75.89476556626474,0.0,0.0,19.23,27.256895422160603,3.0,0,0,0.10700723222035335,0,0.0021358014,0.0042716265,0,LOW
64.0,139.44530817121023,15.345174582939496,8.0,4.0,93.84,36.304091379699145,5.0,1,1,-0.09304092820737231,1,0.99938834,0.0012233257,0,MEDIUM
40.0,77.27012318912797,48.48575699392647,1.0,1.0,61.57,5.9725954763896745,3.0,0,0,0.08747755949965053,1,0.8135618,0.3728764,0,LOW
37.0,42.16712815870382,45.96109933530935,4.0,0.0,76.85,40.81467883091586,1.0,1,0,0.048604834992133084,1,0.9469329,0.106134176,0,LOW
44.0,130.3829961062345,31.935683478520364,2.0,2.0,39.19,40.95265514088199,4.0,0,0,0.113319334995238,0,0.16262929,0.3252586,0,LOW
30.0,138.99454137179555,19.86195073398401,0.0,3.0,30.78,53.72091624756452,3.0,0,0,0.04862387630085396,0,0.025777506,0.051555037,0,LOW
38.0,110.28710275927187,0.3976991342457565,7.0,0.0,30.77,46.17949211570989,4.0,1,0,0.03476865995157297,1,0.99593806,0.008123875,0,LOW
72.0,38.07812000838519,50.42153169590275,3.0,0.0,63.22,23.568139462747137,1.0,1,0,0.036751148093946195,1,0.98828274,0.02343452,0,LOW
49.0,93.27779749255596,0.0,1.0,0.0,18.18,56.84726369702415,1.0,0,0,0.03774826627956274,0,0.16016385,0.3203277,0,LOW
28.0,79.10169724965475,27.028121102263157,1.0,1.0,0.0,28.964037672005947,3.0,0,0,0.1066968797215187,0,0.013426883,0.02685374,0,LOW
20.0,54.20465818663469,21.94451966274546,1.0,2.0,29.73,31.044698378847556,2.0,0,0,0.10922991505413376,0,0.00443241,0.00886482,0,LOW
34.0,87.81353193811556,40.13150970471079,0.0,1.0,44.2,19.328742761458106,3.0,0,0,0.13201632736738206,0,0.07164327,0.14328653,0,LOW
58.0,160.00666728464975,27.54185102213904,2.0,0.0,95.35,29.478118517083324,5.0,1,1,-0.017941483212888687,1,0.99473935,0.010521293,0,MEDIUM
52.0,126.44827587473245,15.835205999597306,11.0,2.0,76.72,40.26501152385063,5.0,1,1,-0.017437002263815837,1,0.9988319,0.0023361444,0,MEDIUM
59.0,49.3446965248918,49.95252116501013,4.0,1.0,62.98,10.117833782634058,2.0,1,0,0.06740826090688423,1,0.9966732,0.0066535473,0,LOW
53.0,64.42531732054047,22.414989777389263,4.0,2.0,54.36,20.697620240465945,3.0,0,0,0.08883491730838144,1,0.9983523,0.0032954216,0,LOW
33.0,65.49017279734736,13.624531212894968,0.0,2.0,20.84,44.02151452646776,2.0,0,0,0.11493319458808471,0,0.006351227,0.012702465,0,LOW
1.0,43.18883467506842,24.198973249130518,7.0,1.0,0.0,-11.719987932506385,5.0,0,1,-0.03843065521900624,0,0.046252657,0.092505336,0,MEDIUM
1.0,55.94603859952674,43.87090231647424,2.0,0.0,21.28,-9.034047357091415,4.0,0,0,0.036273297594694776,0,0.0062726066,0.012545228,0,LOW
32.0,84.96702747307567,49.25491355944838,2.0,1.0,0.0,48.70867078166411,4.0,0,0,0.11773783115290365,0,0.27208814,0.5441763,0,LOW
31.0,80.55302680300892,45.9364062367,9.0,1.0,27.37,50.15344823904199,4.0,1,0,0.03382225790993876,1,0.9844893,0.031021357,0,LOW
56.0,69.4712730496814,45.103862858967815,1.0,2.0,7.31,60.17308689951492,2.0,1,0,0.09821243057230761,1,0.577215,0.84556997,1,MEDIUM
16.0,139.24831087625847,31.466404754111004,2.0,1.0,34.35,49.924076522662816,4.0,0,0,0.09529168724482129,0,0.0072969245,0.01459384,0,LOW
34.0,81.80337836376684,48.71233959869878,2.0,1.0,46.42,-8.889041575571973,5.0,0,0,0.06876441701353764,0,0.10222131,0.20444262,0,LOW
43.0,81.63461701389491,28.662918560563543,2.0,1.0,33.5,37.03289136093144,2.0,0,0,0.1328600095018842,1,0.617688,0.764624,1,MEDIUM
49.0,124.25197014067106,33.108228465443986,3.0,3.0,50.21,25.3531511865906,4.0,0,0,0.051877238979871176,0,0.412861,0.825722,1,MEDIUM
40.0,128.39675059322047,43.83130273408069,5.0,2.0,35.76,13.33620749972065,5.0,0,0,0.05707490675947946,0,0.047042836,0.09408569,0,LOW
32.0,51.81908125298031,56.580534205831,3.0,1.0,20.32,57.23285638060282,2.0,1,0,0.11083661368962461,1,0.9052089,0.18958223,0,LOW
1.0,48.85507304885208,46.5613436662971,6.0,2.0,0.0,-13.414369384421247,6.0,0,1,-0.04892170739058288,0,0.009728843,0.019457698,0,MEDIUM
72.0,101.46155369688074,23.87859517705084,3.0,1.0,77.44,6.818144757850455,4.0,1,0,0.0449671536480184,1,0.99582446,0.008351088,0,LOW
29.0,157.63546390604074,16.01822855310004,0.0,0.0,52.4,60.51247495614078,4.0,0,0,0.0428869194363517,0,0.034070972,0.06814194,0,LOW
59.0,69.9021057645371,68.47079419813485,0.0,0.0,34.59,26.398248983122595,3.0,0,0,0.12232242468880533,0,0.004307974,0.008615971,0,LOW
17.0,49.33659006478371,14.574354709447135,5.0,3.0,18.67,17.00951982964837,2.0,0,0,0.005263678635188396,0,0.14366455,0.28732908,0,LOW
69.0,96.93046203586763,25.039502511560897,7.0,2.0,88.71,35.87888703220011,4.0,1,0,0.027457624295781136,1,0.99973387,0.0005322695,0,LOW
72.0,101.97684075815432,56.335753902055146,2.0,0.0,3.8,38.09308312404053,3.0,0,0,0.0821212246714671,0,0.12616272,0.25232542,0,LOW
24.0,78.18369230795234,15.558104950232888,3.0,1.0,27.9,40.92551896817291,3.0,0,0,0.12003511707978526,0,0.2681522,0.5363044,0,LOW
53.0,131.56149869449555,36.28655890278346,2.0,0.0,39.75,25.985078815421865,5.0,0,0,0.09238819363104583,0,0.019171733,0.03834349,0,LOW
45.0,90.79404298826304,48.708245698841694,2.0,3.0,39.59,18.374011309250854,4.0,0,0,0.07390114293581396,0,0.12892836,0.25785673,0,LOW
72.0,85.9302507540792,44.07132162950839,6.0,0.0,14.18,62.695381730858855,2.0,1,0,0.03929326955403534,1,0.97473484,0.050530314,0,LOW
7.0,85.30159554597006,34.7293626187584,4.0,1.0,0.0,23.803998006839223,4.0,0,0,0.06597483595467518,0,0.011194181,0.022388339,0,LOW
26.0,97.89415704108424,34.35815442752376,1.0,2.0,65.46,51.7555154553746,2.0,0,0,0.09037124776122579,0,0.06627455,0.1325491,0,LOW
32.0,102.58658176353448,40.02795579210606,0.0,2.0,55.49,23.331186104658908,4.0,0,0,0.10946697924849524,0,0.012690925,0.025381863,0,LOW
72.0,131.04164802440974,36.04062516187118,2.0,1.0,15.18,16.156084504131126,5.0,0,0,0.06294772535036314,0,0.015379573,0.030759156,0,LOW
51.0,98.04952953747042,48.90524183140592,0.0,0.0,21.11,40.92609421260194,2.0,0,0,0.11307664312124671,0,0.015560548,0.031121075,0,LOW
49.0,81.83606840071833,47.93739463994735,1.0,3.0,86.98,8.254334990579633,3.0,1,0,0.00795648469653465,1,0.9971391,0.0057218075,0,LOW
45.0,117.79811512883556,38.74202926008944,1.0,2.0,38.96,35.25155330857236,4.0,0,0,0.12851033342488472,0,0.013141274,0.026282549,0,LOW
10.0,66.80066717697903,34.31586901947441,1.0,1.0,36.17,11.98133310337932,3.0,0,0,0.10017505031185603,0,0.006581583,0.013163149,0,LOW
25.0,86.04592113780103,28.272750152058546,3.0,0.0,46.0,51.244594910983885,2.0,0,0,0.09406918812737008,0,0.48929724,0.9785945,1,MEDIUM
47.0,116.74073895767954,59.51605672785276,2.0,2.0,13.47,28.905817156379847,5.0,0,0,0.08842062977723791,0,0.008579286,0.017158568,0,LOW
13.0,85.50492907441463,23.284622099336065,2.0,2.0,41.32,35.50126257265785,3.0,0,0,0.10300678413811781,0,0.105562836,0.21112567,0,LOW
21.0,65.72135918584914,15.247336438288444,4.0,1.0,39.1,32.130201226551485,2.0,0,0,0.09344516791491292,1,0.6346043,0.73079145,1,MEDIUM
45.0,69.0887772400344,56.10372591608952,0.0,0.0,50.51,34.338705791812295,3.0,0,0,0.1284062028558446,0,0.047921136,0.09584224,0,LOW
10.0,82.37675736693765,24.486196685091333,1.0,2.0,28.05,32.3117465942981,3.0,0,0,0.10495986253928247,0,0.01209944,0.02419889,0,LOW
1.0,32.00783723572604,45.58094329987736,2.0,1.0,37.86,6.120465087825286,3.0,0,0,0.07530095216587701,0,0.007168542,0.014337063,0,LOW
45.0,86.10116186444034,62.348915312888,1.0,3.0,39.59,12.364006506012473,4.0,0,0,0.061841505593327295,0,0.009583216,0.01916641,0,LOW
72.0,102.95785567563898,57.19200500180058,3.0,2.0,1.61,38.26696755156093,3.0,0,0,0.07344786910161283,0,0.1215886,0.24317718,0,LOW
13.0,73.87021882766085,52.69127978302332,3.0,2.0,0.0,79.27123132492407,2.0,1,0,0.02232567403003971,1,0.9593185,0.08136296,0,LOW
16.0,90.57752511751148,11.434785120566517,2.0,2.0,12.43,34.68351536126657,3.0,0,0,0.07800463594051543,0,0.048936404,0.09787279,0,LOW
5.0,51.81063285128926,12.372035507701582,3.0,0.0,28.29,9.554370773439745,3.0,0,0,0.05252744480760063,0,0.010115776,0.020231545,0,LOW
72.0,118.1192558750721,38.88229659410828,7.0,2.0,4.7,18.72538579618881,5.0,0,0,0.007756844410699348,0,0.15883791,0.31767583,0,LOW
72.0,95.4154108737594,23.7792886167055,5.0,1.0,61.73,2.4724837990793738,4.0,1,0,0.046898415934993,1,0.9988972,0.0022056103,0,LOW
2.0,97.50064556435986,21.76189924931453,0.0,1.0,51.52,28.72434160396269,4.0,0,0,0.0870310689188275,0,0.0026717198,0.005343437,0,LOW
58.0,60.96132638703976,42.37198123302773,6.0,1.0,33.26,19.53200657161695,3.0,1,0,0.09752504316804994,1,0.9714386,0.057122827,0,LOW
44.0,92.9956605516182,40.079838454315066,2.0,2.0,31.76,17.883093857856167,4.0,0,0,0.11877093966988977,0,0.14432374,0.28864747,0,LOW
1.0,55.13048405656774,43.21571413481842,5.0,1.0,87.38,3.949536515997057,4.0,0,0,0.013203008665482407,0,0.18532372,0.37064743,0,LOW
61.0,134.9344094103249,17.607605110337385,3.0,3.0,80.3,21.257524596994934,4.0,1,1,-0.0047506074316008284,1,0.99741334,0.0051733255,0,MEDIUM
72.0,62.094757029655305,64.75839003756973,0.0,0.0,34.1,40.516705498013245,1.0,0,0,0.08260230330013929,0,0.058288936,0.11657786,0,LOW
62.0,167.6364490966501,28.496407658863177,3.0,0.0,21.52,57.15832644753334,5.0,0,0,0.02452687261496478,0,0.068931416,0.1378628,0,LOW
2.0,37.32927294904681,40.51920467874935,7.0,0.0,11.01,5.554319353249284,4.0,0,1,-0.0048666440491902385,0,0.075031854,0.1500637,0,MEDIUM
22.0,38.226406875891,36.26867422201214,7.0,0.0,53.49,0.9150591161215011,4.0,1,0,0.007637870195389529,1,0.9679597,0.064080596,0,LOW
54.0,81.09166616033629,59.21780228182537,2.0,2.0,48.57,1.387343084669311,4.0,0,0,0.07050813067346734,0,0.04758795,0.09517592,0,LOW
59.0,162.28881101739023,34.56647456830012,2.0,0.0,100.0,36.61145199524751,4.0,1,1,-0.010086840143005538,1,0.9891832,0.021633625,0,MEDIUM
54.0,103.55391479503108,49.11889903557188,2.0,1.0,42.59,15.307901337427191,4.0,0,0,0.11722081466482892,0,0.035236035,0.07047206,0,LOW
63.0,105.95997616692723,39.44904010236738,1.0,0.0,30.66,46.813085836673714,3.0,0,0,0.11526873003022825,0,0.091646805,0.18329358,0,LOW
1.0,98.237087827994,25.000736339160657,3.0,2.0,36.71,20.407173099208716,6.0,0,0,0.03420843693742692,0,0.005349225,0.010698438,0,LOW
54.0,116.74417647568283,46.10301353378147,3.0,2.0,31.06,18.49116583573344,5.0,0,0,0.09087578643789651,0,0.0063139787,0.012627959,0,LOW
14.0,32.51663477552499,15.3131170254596,0.0,2.0,72.12,23.787401702634742,2.0,0,0,0.06312251608809305,0,0.0014468589,0.002893746,0,LOW
29.0,100.39093191019624,21.7745704263086,0.0,2.0,16.28,50.0387661809954,3.0,0,0,0.11255863504606639,0,0.056231856,0.11246371,0,LOW
55.0,115.69030973353556,50.36811449050239,0.0,0.0,24.34,23.188507226501407,4.0,0,0,0.10915127314145134,0,0.0063534635,0.012706935,0,LOW
67.0,110.17491736648276,34.1904023568517,0.0,1.0,67.79,-4.129153391125264,4.0,1,0,0.04482146341778148,1,0.9502945,0.09941101,0,LOW
55.0,93.73188519769688,53.46337502065855,2.0,1.0,12.41,8.72379493361409,3.0,0,0,0.09106439588753668,0,0.2005186,0.40103722,0,LOW
44.0,92.52004573737568,22.0451649447388,9.0,0.0,43.96,30.72057516766286,4.0,1,0,0.03300155653485304,1,0.9989254,0.0021492243,0,LOW
43.0,100.69983831335438,22.282025046986977,1.0,0.0,64.31,30.24355166733347,3.0,1,0,0.09623593398038333,1,0.99116385,0.0176723,0,LOW
1.0,43.98159091532662,29.31492396691544,5.0,0.0,22.2,4.127940375486251,4.0,0,0,0.02554476604955158,0,0.033734098,0.06746817,0,LOW
72.0,67.64829101529118,69.8022590146865,4.0,3.0,18.05,8.478820575332193,3.0,0,0,0.03275533209979076,0,0.19405024,0.3881005,0,LOW
69.0,72.85253439842978,62.48450877380021,1.0,1.0,17.75,32.47985674532635,2.0,0,0,0.11540049031207134,0,0.07722085,0.15444171,0,LOW
1.0,44.77994384394359,17.75177425518598,8.0,1.0,22.26,-0.2421798383984459,5.0,0,1,-0.040127301034634244,0,0.20997225,0.41994452,0,MEDIUM
56.0,158.3025148416379,47.579098803317976,0.0,0.0,12.25,51.387675826064815,5.0,0,0,0.03363006488402953,0,0.0036002079,0.00720042,0,LOW
11.0,33.790610417165304,35.3979552304573,1.0,0.0,58.8,18.510602789820183,2.0,0,0,0.07275164908870713,0,0.0033829533,0.006765902,0,LOW
11.0,80.52034606310475,4.052403145621836,0.0,1.0,26.04,17.7923824008408,3.0,0,0,0.07151863669604341,0,0.010049612,0.020099223,0,LOW
72.0,45.81842280660622,91.91905386932171,5.0,2.0,20.89,17.7461766261481,1.0,0,0,0.012224106298179271,0,0.053913698,0.107827425,0,LOW
58.0,182.9930617101622,3.972409561681298,3.0,1.0,56.32,54.75625975071597,5.0,1,0,0.013233607352275079,1,0.91427815,0.1714437,0,LOW
36.0,31.713676352740368,48.39787052378267,5.0,2.0,77.13,-12.93773869598652,4.0,1,0,0.016449707324764584,1,0.9963398,0.007320404,0,LOW
12.0,57.79491575763559,22.905787438732368,5.0,2.0,19.64,24.92872011806892,3.0,0,0,0.07009793218624294,0,0.3184933,0.6369866,1,MEDIUM
45.0,52.010099261202576,73.56331371540766,8.0,2.0,82.6,-13.487982673495738,2.0,1,1,-0.05210190974773088,1,0.9897329,0.020534158,0,MEDIUM
9.0,32.3385670723123,21.76669337562512,2.0,0.0,58.89,22.60177579560714,2.0,0,0,0.06366053802253918,0,0.00200524,0.0040104985,0,LOW
30.0,58.1397951222078,37.00828440840044,1.0,1.0,12.55,18.575972302403272,2.0,0,0,0.10495616413738901,0,0.030424988,0.060849965,0,LOW
53.0,70.82940066756015,63.478081916628426,0.0,0.0,38.07,44.73530327501628,2.0,0,0,0.12214324586250491,0,0.0053659678,0.0107319355,0,LOW
1.0,55.62767187589087,40.63932524903167,4.0,0.0,34.99,15.533653799592102,4.0,0,0,0.06939512942790432,0,0.01879306,0.037586093,0,LOW
19.0,166.95998409774933,11.630449607263282,2.0,2.0,53.94,47.87288798296664,6.0,0,0,0.00938129722328307,0,0.013542661,0.027085304,0,LOW
26.0,39.44542979925081,2.4624709343975804,2.0,1.0,61.5,27.47950987103332,1.0,0,0,0.0482692631265208,0,0.033216756,0.06643349,0,LOW
72.0,120.31228413160171,53.68555518788962,3.0,2.0,4.7,7.034201646909079,5.0,0,0,0.02842239133846447,0,0.0065981834,0.013196349,0,LOW
31.0,178.91433683861322,16.585738181394643,3.0,1.0,36.79,62.98111470430263,5.0,0,0,0.0325666588418132,0,0.26994926,0.5398985,0,LOW
49.0,117.50440565378898,36.53249875440659,3.0,0.0,86.9,33.04723453050653,4.0,1,0,0.06429097487050989,1,0.9971347,0.005730629,0,LOW
67.0,120.59717717287756,61.23684816876402,3.0,4.0,21.56,45.05051393918102,4.0,0,0,0.014566917536346424,0,0.004044265,0.008088529,0,LOW
56.0,80.36826611517934,24.095304234138304,1.0,1.0,50.32,57.90913805913966,1.0,0,0,0.08638022736250578,0,0.25584462,0.51168925,0,LOW
6.0,70.3676981091989,30.60028103203344,0.0,1.0,57.41,31.621728148542125,3.0,0,0,0.10923461390089934,0,0.0012886886,0.0025773644,0,LOW
31.0,81.56254117095814,37.637182509477896,8.0,0.0,6.39,18.16604910304396,5.0,1,0,0.006844574087611521,1,0.94479626,0.11040747,0,LOW
34.0,143.8356482288768,23.533585711033066,1.0,2.0,26.77,61.704448131635246,5.0,0,0,0.0725311308758671,0,0.022539789,0.04507959,0,LOW
54.0,103.4741913594098,53.840956525642746,2.0,3.0,24.76,-1.7690311234408431,5.0,0,0,0.01426262891716612,0,0.012306795,0.024613619,0,LOW
21.0,56.88693947651304,13.981040060388844,4.0,2.0,33.73,26.89026991605068,2.0,0,0,0.07583394245909025,0,0.34602344,0.6920469,1,MEDIUM
43.0,92.47510392924306,50.49011294708531,0.0,1.0,44.97,41.79552392432236,3.0,0,0,0.14656264236035849,0,0.012048852,0.024097681,0,LOW
68.0,133.07608056526954,24.272302004016627,6.0,2.0,90.74,37.147034459228834,4.0,1,0,0.013151983192716488,1,0.9992964,0.0014071465,0,LOW
1.0,39.79955357106218,12.99420271302446,3.0,0.0,89.27,5.304375774435609,4.0,0,1,-0.012517119980290148,0,0.013886699,0.02777338,0,MEDIUM
18.0,43.68306887979989,34.06719922564375,7.0,3.0,70.01,15.095823388026655,3.0,1,0,0.003736528751634105,1,0.8794486,0.24110281,0,LOW
29.0,178.70262868906534,18.345414651144072,4.0,1.0,87.17,82.9720989832442,5.0,1,1,-0.026798354925004486,1,0.9947377,0.010524631,0,MEDIUM
1.0,45.27745505827672,36.85682696652763,1.0,0.0,83.28,4.217002819571714,4.0,0,0,0.015368888423795024,0,0.011961673,0.023923337,0,LOW
3.0,60.44075667204723,8.72053591366326,5.0,0.0,1.47,14.198978405207352,4.0,0,0,0.005609359470221786,0,0.04461988,0.089239776,0,LOW
7.0,42.80533685349656,21.861582667621,1.0,1.0,47.41,30.840757384285084,3.0,0,0,0.11130023110620862,0,0.0055878526,0.011175692,0,LOW
36.0,40.2565111127551,57.4010604457886,4.0,2.0,24.04,22.28234109258108,3.0,1,0,0.09854728091318166,1,0.95152575,0.096948504,0,LOW
22.0,85.638099299877,39.23045480605171,2.0,1.0,16.56,33.60376167975852,3.0,0,0,0.12485929541563057,0,0.035307247,0.07061452,0,LOW
1.0,50.006891023903776,16.27873105997365,4.0,0.0,52.57,5.436951576966042,4.0,0,0,0.024228308029370926,0,0.047099337,0.094198704,0,LOW
27.0,89.2400006338328,0.0,2.0,2.0,43.9,37.22217478198286,2.0,0,0,0.06053351528813666,0,0.1899497,0.37989938,0,LOW
45.0,126.43120458408276,32.50023668529945,1.0,2.0,38.96,40.32682950748686,4.0,0,0,0.12319976979176894,0,0.040896196,0.081792414,0,LOW
72.0,111.90473683738124,59.1936872212529,4.0,0.0,9.99,4.894762680167691,5.0,0,0,0.021988160275645208,0,0.0067340247,0.013468027,0,LOW
44.0,131.78431374476793,31.173170520321648,1.0,2.0,39.19,34.55010475088906,4.0,0,0,0.11344257706508343,0,0.064372234,0.12874448,0,LOW
40.0,47.58599902370081,7.168413704767685,2.0,2.0,23.52,48.51754405158388,1.0,0,0,0.07096871218761674,0,0.11976433,0.23952866,0,LOW
5.0,66.63342807631923,42.81638412890063,4.0,0.0,36.36,23.435694713323223,3.0,0,0,0.08415889198770304,0,0.058946867,0.117893755,0,LOW
1.0,111.50723949684809,23.20353884526776,3.0,2.0,36.71,26.720940363065544,6.0,0,0,0.03613565174382649,0,0.008022032,0.01604408,0,LOW
25.0,64.04122526948362,32.38574069677806,2.0,2.0,0.0,40.44375823603498,3.0,0,0,0.1048304627490454,0,0.023664383,0.04732877,0,LOW
72.0,71.3622115275568,77.91784217809308,1.0,1.0,15.74,24.74504026009678,2.0,0,0,0.09534747767358503,0,0.0063887206,0.012777448,0,LOW
64.0,82.42373377647182,61.973036897419526,0.0,1.0,32.23,25.942260463069907,3.0,0,0,0.13596027357009927,0,0.0029212586,0.005842507,0,LOW
29.0,67.85573412262224,33.589396223437454,2.0,0.0,34.98,33.9227525060445,2.0,0,0,0.11943027792329897,0,0.29478306,0.5895661,0,LOW
72.0,87.65038214482702,55.21482515232683,4.0,3.0,4.79,36.00605136421775,2.0,0,0,0.02340692548859924,1,0.8009024,0.39819515,0,LOW
40.0,62.4768744641608,35.63891379375864,3.0,2.0,33.18,47.64468849582029,1.0,0,0,0.08836760439253072,0,0.47045532,0.94091064,1,MEDIUM
11.0,78.30492919478081,33.48060141429049,3.0,0.0,8.93,22.57791299143299,4.0,0,0,0.08035432180550522,0,0.008610947,0.017221868,0,LOW
31.0,62.30525577778131,59.0220330180848,1.0,2.0,0.0,20.64799498972107,3.0,0,0,0.08644772559842318,0,0.1237397,0.24747938,0,LOW
27.0,108.7916334638745,48.64317060294697,0.0,0.0,50.22,54.20693775400424,3.0,0,0,0.11160670954998902,0,0.0024777139,0.004955411,0,LOW
61.0,70.93678499833183,55.80517868576323,4.0,1.0,46.05,13.41971937594625,3.0,0,0,0.10191053840411535,1,0.88741094,0.22517812,0,LOW
72.0,95.9787413472424,60.2407309934524,1.0,1.0,4.41,57.23829001267251,1.0,0,0,0.058659928201056366,0,0.29434666,0.5886933,0,LOW
60.0,149.34148104510444,36.40283414988102,3.0,0.0,30.17,38.14053094562338,5.0,0,0,0.055685680294488726,0,0.005911366,0.01182276,0,LOW
37.0,74.70270094415818,30.60192356068632,7.0,1.0,28.08,-8.961707822273512,6.0,1,0,0.00932786447732381,1,0.9579257,0.084148645,0,LOW
13.0,33.92300223934879,6.723344692817847,3.0,0.0,37.6,34.892170513083656,2.0,0,0,0.06858492879302058,0,0.019328503,0.03865701,0,LOW
33.0,61.29321673975296,22.866409062131112,0.0,1.0,40.66,24.20376838359074,1.0,0,0,0.09780695623567304,0,0.009846207,0.019692421,0,LOW
59.0,92.93649443653062,33.86945611482791,5.0,2.0,28.72,44.032240182591295,3.0,1,0,0.10305629191462423,1,0.97174466,0.056510687,0,LOW
50.0,131.2105373411834,15.689624986352252,12.0,3.0,66.14,57.9079585401668,5.0,1,1,-0.0489186853104594,1,0.9994733,0.0010534525,0,MEDIUM
33.0,80.27140001811433,8.094293226852955,2.0,0.0,2.46,33.59222114254724,2.0,0,0,0.06424498263921657,0,0.1592648,0.3185296,0,LOW
11.0,83.84996446810425,40.90195395973932,0.0,3.0,15.07,27.6687463559187,4.0,0,0,0.061969588162585076,0,0.001046995,0.0020939708,0,LOW
1.0,92.07621491660638,32.6366050459055,0.0,1.0,35.89,25.0079123945518,4.0,0,0,0.09970611077052138,0,0.0007426413,0.0014852881,0,LOW
14.0,93.03915003685192,27.221861836490653,1.0,0.0,16.23,30.122357714722348,4.0,0,0,0.09253027360218097,0,0.019021386,0.038042784,0,LOW
44.0,45.90592056218371,48.40112315800791,7.0,1.0,51.06,31.287435321919304,2.0,1,0,0.06252513634833656,1,0.9897775,0.02044499,0,LOW
47.0,116.09218588433671,41.30763426718955,2.0,0.0,33.91,43.1220103611715,3.0,0,0,0.11549993784543444,0,0.19798735,0.3959747,0,LOW
23.0,77.61849767192771,34.97403394154,0.0,0.0,53.91,31.03857476949741,2.0,0,0,0.10128489951476605,0,0.0011620036,0.002323985,0,LOW
40.0,138.5702075595854,30.44783630184424,3.0,1.0,45.18,40.17928292651476,5.0,0,0,0.09754763806135902,0,0.2168522,0.43370438,0,LOW
1.0,41.26440173783308,5.382556628999754,3.0,1.0,21.47,-6.650438750142138,4.0,0,0,0.008806627804615275,0,0.01794603,0.03589207,0,LOW
45.0,116.6531666664608,31.93777175092918,1.0,1.0,55.76,57.33685856333578,3.0,0,0,0.11881243156790816,1,0.78867507,0.42264986,0,LOW
54.0,118.32985103922933,37.95655863811674,0.0,0.0,24.73,14.725545999703844,4.0,0,0,0.08574528832248318,0,0.009011086,0.01802218,0,LOW
72.0,58.68179980045164,70.11179978484266,3.0,3.0,18.05,10.817556941502945,3.0,0,0,0.035754872463989895,0,0.34980106,0.6996021,1,MEDIUM
56.0,75.85142415192696,22.661480785678062,0.0,1.0,50.32,60.32425488558594,1.0,0,0,0.09071147834941373,0,0.017092735,0.03418547,0,LOW
20.0,80.83217610348068,12.138031710751347,1.0,0.0,21.2,34.98597812325113,3.0,0,0,0.10280233614580109,0,0.040617995,0.081236005,0,LOW
66.0,95.57437282520776,54.43515360496479,4.0,2.0,23.23,33.66659525107744,4.0,0,0,0.10496949498127284,0,0.36302853,0.72605705,1,MEDIUM
1.0,40.03427105085007,50.73194828218834,4.0,1.0,19.27,2.47738826783754,5.0,0,0,0.029936529134637957,0,0.05990116,0.119802296,0,LOW
42.0,80.55210936063378,42.94211148829872,6.0,2.0,17.39,57.62333824991763,3.0,1,0,0.08383886449052319,1,0.98377013,0.032459736,0,LOW
38.0,76.94621169258988,16.01227701917259,2.0,0.0,36.76,50.22114568594712,2.0,0,0,0.1059078127408864,1,0.6028902,0.7942196,1,MEDIUM
9.0,71.58618715711562,42.680509785640936,0.0,1.0,31.06,20.64956179072609,3.0,0,0,0.11433002321423841,0,0.0007561792,0.0015123487,0,LOW
16.0,91.95463666136078,33.70099734790599,0.0,0.0,0.0,26.408337196995184,4.0,0,0,0.07558894369397046,0,0.002064179,0.004128337,0,LOW
36.0,67.00131214934805,57.920129653762245,3.0,0.0,58.04,-14.256086849633764,4.0,0,0,0.043973096965843395,1,0.6820005,0.63599896,1,MEDIUM
15.0,60.63778174812367,39.5092059171179,3.0,0.0,0.0,6.822139020052802,4.0,0,0,0.047375789062788054,0,0.005587031,0.011174083,0,LOW
29.0,107.54392981044955,13.878969131223204,0.0,0.0,37.52,43.63700477394508,3.0,0,0,0.1060559095785722,0,0.2823085,0.564617,0,LOW
43.0,127.34115105889728,38.44959421459943,1.0,0.0,37.93,62.80493425683869,3.0,0,0,0.1039252185447444,0,0.057595193,0.11519039,0,LOW
72.0,122.3466108078252,34.48541871249674,4.0,1.0,24.9,20.890776868069143,4.0,0,0,0.08913515069312372,0,0.07837732,0.15675461,0,LOW
53.0,112.65439273419274,12.90006326680553,8.0,2.0,25.02,56.573953998861846,4.0,1,0,0.03431311171547269,1,0.99754673,0.004906535,0,LOW
55.0,109.57790932435609,11.35400720837665,2.0,2.0,52.3,42.90608913846778,2.0,1,0,0.06217130623786821,1,0.9413631,0.11727381,0,LOW
60.0,157.29871673887706,37.73019833788421,4.0,0.0,30.17,30.7260659608915,5.0,0,0,0.04168258396059943,0,0.011098202,0.022196412,0,LOW
11.0,54.75092671056471,38.86668506520512,1.0,2.0,19.05,25.85798756302708,3.0,0,0,0.10995617737606245,0,0.0036756387,0.0073512793,0,LOW
50.0,145.5870478157352,40.00195123629316,1.0,2.0,27.59,54.76984063656515,4.0,0,0,0.09402648215582221,0,0.012847052,0.025694132,0,LOW
7.0,55.610419361666985,7.288399731461538,1.0,2.0,41.57,21.01430800374889,3.0,0,0,0.07210234777514807,0,0.013712501,0.027424991,0,LOW
53.0,100.21454261767094,43.6828373872054,2.0,0.0,39.53,12.434035037853894,4.0,0,0,0.10358044327118748,0,0.076458104,0.1529162,0,LOW
9.0,43.2294524688865,20.95051270738684,1.0,3.0,58.69,20.15896349083004,2.0,0,0,0.027534915731730503,0,0.0023483548,0.004696727,0,LOW
39.0,117.68619268382416,35.136651283539706,0.0,2.0,40.34,11.67241328377344,5.0,0,0,0.078880042611778,0,0.010159248,0.020318508,0,LOW
61.0,111.63021890076512,11.672549491734076,5.0,1.0,40.17,26.483567927368394,4.0,1,0,0.07736539028579936,1,0.99292904,0.014141917,0,LOW
29.0,92.4899641068494,18.628498948110696,0.0,0.0,13.77,33.84393734784602,3.0,0,0,0.10489136720412956,0,0.1929732,0.3859464,0,LOW
25.0,107.02528769849384,27.366514205397024,7.0,0.0,27.49,29.83349373556066,5.0,1,0,0.049390295308377574,1,0.9426419,0.11471617,0,LOW
45.0,82.80853110065914,26.525747428486117,4.0,2.0,87.75,51.499833208548026,2.0,1,0,0.05535965599673587,1,0.9979861,0.0040278435,0,LOW
32.0,84.44361196204564,19.268582283564665,1.0,1.0,18.54,45.63336830299245,3.0,0,0,0.13811782908579984,0,0.3337271,0.6674542,1,MEDIUM
63.0,89.53877743841257,67.73725221835207,2.0,2.0,27.44,26.69449589767932,4.0,0,0,0.11937219284370842,0,0.009279663,0.018559337,0,LOW
28.0,143.40396016202,38.98260113694451,6.0,1.0,37.63,24.367888193369417,7.0,0,0,0.004674363942267612,0,0.0069244257,0.013848841,0,LOW
35.0,110.61017445280456,38.81492616538216,1.0,1.0,42.56,68.78430417737125,2.0,0,0,0.11115313459792675,0,0.12071042,0.24142087,0,LOW
6.0,160.03800538357197,12.692717834592065,0.0,1.0,57.57,43.848797839188855,6.0,0,0,0.004952519180178694,0,0.0005296289,0.0010592341,0,LOW
69.0,101.17478575652832,56.206230459668994,3.0,1.0,32.69,29.20163766714514,3.0,0,0,0.11780544582314922,0,0.021769684,0.043539345,0,LOW
50.0,141.31100748025642,10.479776271001349,8.0,2.0,33.57,54.59024626585425,5.0,1,0,0.012168924133333925,1,0.8926598,0.21468043,0,LOW
27.0,81.09243406392937,25.900982305052207,1.0,2.0,31.8,51.13588804908429,2.0,0,0,0.11710131966418608,0,0.0136631895,0.027326405,0,LOW
3.0,47.68905498607752,44.37121324939434,0.0,0.0,58.66,12.642272381265975,3.0,0,0,0.06598855429556466,0,0.0012536824,0.0025073886,0,LOW
72.0,45.4260349080308,79.15625939703929,1.0,1.0,28.83,33.60824027906078,1.0,0,0,0.08177930439532416,0,0.13794011,0.27588022,0,LOW
72.0,71.25324046569793,73.00603415385014,0.0,2.0,20.56,36.43645775965986,2.0,0,0,0.0982269667724266,0,0.007974283,0.015948594,0,LOW
52.0,117.62309308377212,36.93776793474938,1.0,0.0,38.93,33.833160194698785,3.0,0,0,0.1125362683228906,0,0.035832997,0.071666,0,LOW
51.0,113.42967275273168,44.685727078098886,3.0,0.0,96.53,35.60348672050346,5.0,1,0,0.03420661706549155,1,0.9965192,0.006961584,0,LOW
41.0,56.869653873622,45.56030524940387,5.0,1.0,39.7,1.1734163983796186,4.0,1,0,0.06439060318783818,1,0.9819217,0.036156654,0,LOW
72.0,130.9603285470134,26.35158566650336,4.0,1.0,95.49,17.3962080174975,4.0,1,0,0.019466274299657638,1,0.99838555,0.0032289028,0,LOW
57.0,172.45359813408237,27.02951759944168,3.0,2.0,22.65,50.25356127224453,5.0,0,0,0.04186102709633677,0,0.07661988,0.15323973,0,LOW
15.0,50.89025065117448,19.476313864223123,4.0,0.0,39.51,27.336141263221307,3.0,0,0,0.09574947962719588,1,0.8085558,0.38288844,0,LOW
10.0,45.45185785793954,39.61202653181744,4.0,1.0,0.0,17.792957141959967,4.0,0,0,0.06793615791108426,0,0.008120656,0.016241312,0,LOW
72.0,44.62486835145078,55.101980990543936,1.0,1.0,43.93,21.72551083157666,1.0,1,0,0.08081032450270897,1,0.7368751,0.52624977,0,LOW
47.0,60.77667599867419,49.87255432496136,2.0,1.0,0.0,81.67648253751801,1.0,1,0,0.054016278552786345,1,0.97359586,0.052808285,0,LOW
66.0,119.74671795974383,38.886055830057,2.0,2.0,35.94,61.82427436931998,2.0,0,0,0.07643990247289167,0,0.31140357,0.62280715,1,MEDIUM
52.0,127.80397444551068,25.110284709892305,5.0,0.0,79.53,47.683229487715,4.0,1,0,0.05610810343743189,1,0.9987393,0.0025213957,0,LOW
1.0,33.60903569731964,27.95448706527301,6.0,1.0,54.15,-4.364714432793004,3.0,0,0,0.01049308234967683,0,0.1474969,0.29499376,0,LOW
33.0,146.99331978738635,15.759019398022664,4.0,1.0,56.07,55.67262033584399,5.0,1,0,0.043874826999620864,1,0.9467976,0.10640478,0,LOW
1.0,55.256481469764935,36.2169576875643,6.0,1.0,23.14,12.159091661652138,5.0,0,0,0.030845237209899845,0,0.032655768,0.06531155,0,LOW
44.0,71.58368982994338,19.000230651408767,0.0,0.0,18.75,76.35794596956518,2.0,0,0,0.09313605973045574,0,0.023269035,0.046538055,0,LOW
45.0,46.070436976531646,42.12618758314942,10.0,1.0,90.81,-9.299385944605854,4.0,1,1,-0.04576532794919419,1,0.9994648,0.0010703802,0,MEDIUM
1.0,29.99604291369921,15.220531694220623,3.0,2.0,74.17,9.020046534932728,2.0,0,0,0.003921569438928074,0,0.0022534183,0.0045068264,0,LOW
1.0,154.9869904978361,9.957454791304398,4.0,1.0,67.0,25.801848611634004,6.0,0,1,-0.030177980811487592,0,0.019127347,0.03825468,0,MEDIUM
72.0,105.37658912181922,57.60890212213832,5.0,0.0,0.0,24.20858066849211,3.0,0,0,0.03436049430656973,0,0.1543349,0.3086698,0,LOW
7.0,57.27942595652057,7.652863473217073,2.0,2.0,41.57,20.640783837045863,3.0,0,0,0.06903021942864823,0,0.01772825,0.03545648,0,LOW
24.0,136.54269577115662,17.549178861753166,2.0,0.0,54.83,48.826435947606704,4.0,0,0,0.06951726592437363,0,0.17334181,0.34668362,0,LOW
12.0,45.51491432740453,24.47087870671428,1.0,2.0,51.7,22.44124039273544,2.0,0,0,0.08585186808878109,0,0.009219256,0.018438518,0,LOW
35.0,87.40777164110563,44.63758464443451,1.0,1.0,0.0,79.83786694329554,1.0,1,0,0.05203210773765332,1,0.61517596,0.7696481,1,MEDIUM
18.0,57.66123050105246,4.804066494245252,3.0,0.0,20.28,26.569006060720284,3.0,0,0,0.07457721196653955,0,0.03549464,0.07098925,0,LOW
36.0,95.6790984215365,49.74325093037022,2.0,1.0,45.87,23.97744332906776,4.0,0,0,0.13301709109779952,0,0.12737675,0.25475347,0,LOW
61.0,30.805657601131053,83.06081460177612,3.0,0.0,58.16,38.90513084358045,1.0,1,0,0.0359461398844908,1,0.92735165,0.1452967,0,LOW
11.0,104.77137363221814,26.878485577236543,2.0,0.0,63.64,38.77720513959613,3.0,0,0,0.07553084895065915,0,0.036540836,0.07308167,0,LOW
12.0,38.158231437223705,30.841290614279437,0.0,1.0,53.75,34.81634069520837,2.0,0,0,0.12170061495941986,0,0.0023117804,0.0046235323,0,LOW
38.0,78.12917379591565,30.912634549429548,1.0,3.0,45.26,12.92330233996567,3.0,1,0,0.05976696380702573,1,0.661278,0.677444,1,MEDIUM
20.0,112.703146197645,24.666305715469264,1.0,1.0,57.94,18.781072148928796,5.0,0,0,0.07543492887330133,0,0.021463383,0.04292679,0,LOW
49.0,110.46371170052038,38.56771750679894,1.0,1.0,31.56,3.824602703674845,5.0,0,0,0.08608798681213226,0,0.024591025,0.049182057,0,LOW
35.0,100.92573288998224,47.354405732311456,2.0,2.0,41.76,22.460740053718283,4.0,0,0,0.1196613532501204,0,0.065753706,0.1315074,0,LOW
25.0,17.123991522765852,36.4178546501417,0.0,2.0,56.04,29.667630189119983,1.0,0,0,0.07032157619607543,0,0.0031131757,0.006226361,0,LOW
14.0,102.25933635244655,31.429419701214357,1.0,3.0,18.89,25.41851052320741,4.0,0,0,0.057430037583522275,0,0.0070709223,0.014141858,0,LOW
17.0,31.604998614033967,20.55886437486714,3.0,3.0,0.0,21.53152904655288,3.0,0,0,0.02158599495062119,0,0.0024389126,0.0048778057,0,LOW
31.0,98.4600720597471,35.86679984922146,3.0,2.0,40.37,62.95476289465266,2.0,0,0,0.0911883393895439,1,0.72153884,0.5569223,0,LOW
29.0,173.47355340016674,16.465799506745466,3.0,2.0,44.07,39.420344754345216,7.0,0,1,-0.00649742513730156,0,0.042390984,0.084781945,0,MEDIUM
15.0,43.24312143462217,19.773826971802297,1.0,1.0,26.88,15.213892465199322,3.0,0,0,0.10321214488178432,0,0.018922852,0.03784573,0,LOW
25.0,87.37079780679764,0.0,0.0,1.0,18.43,40.1192339373081,3.0,0,0,0.09451225245775113,0,0.023355877,0.046711743,0,LOW
72.0,53.70588116579912,47.40458940188066,2.0,0.0,41.28,42.49505527308751,1.0,1,0,0.07541914768636326,1,0.80747366,0.38505268,0,LOW
58.0,95.88445649904232,51.01000733027358,1.0,0.0,19.23,32.50917556541613,3.0,0,0,0.1175991546883865,0,0.08044983,0.16089964,0,LOW
22.0,41.78245484424055,26.522246651456648,2.0,1.0,37.53,26.392391760783827,2.0,0,0,0.12245969841853316,0,0.033624932,0.067249894,0,LOW
10.0,36.11101492451214,13.005398686847428,5.0,2.0,25.28,6.119922584663213,3.0,0,0,0.025587919640397416,0,0.079089835,0.15817964,0,LOW
49.0,117.77715153491776,22.383528521061532,8.0,3.0,73.72,40.28853556437033,5.0,1,1,-0.009686693004846147,1,0.9994398,0.0011204481,0,MEDIUM
24.0,153.30501642706096,20.20377660020508,2.0,1.0,39.93,9.96167137728407,7.0,0,1,-0.0017446210137955775,0,0.0018466093,0.003693223,0,MEDIUM
24.0,48.441760748342574,21.129265212724334,4.0,0.0,42.79,24.449945109585634,2.0,0,0,0.08397243238483493,1,0.6920661,0.61586785,1,MEDIUM
47.0,145.24388511310173,8.318767669727785,7.0,1.0,67.56,63.80689686728427,5.0,1,0,0.00811699553768419,1,0.99606377,0.007872462,0,LOW
56.0,104.6945067948516,25.550548388576587,4.0,0.0,1.58,56.43069485511662,4.0,1,0,0.07162533064106424,1,0.98963493,0.020730138,0,LOW
44.0,90.90392822558522,0.3678737744415934,4.0,2.0,40.58,54.32677175581798,1.0,0,0,0.030894911745342313,1,0.9665382,0.06692362,0,LOW
7.0,68.98350640474857,32.39875996495786,1.0,4.0,17.55,25.24362402089551,4.0,0,0,0.01929623641826783,0,0.0031457446,0.0062915087,0,LOW
1.0,40.873780732570665,32.50780508329543,4.0,3.0,84.97,12.52445507812882,2.0,0,1,-0.025090394042367348,0,0.028603964,0.057207942,0,MEDIUM
69.0,111.37262897393428,20.843479043189628,4.0,0.0,82.72,33.968311997888286,4.0,1,0,0.04393350531723017,1,0.9997249,0.0005501509,0,LOW
70.0,115.16390288174144,43.100162175204005,3.0,0.0,35.53,10.229323489831144,4.0,1,0,0.07419025319733064,0,0.021916268,0.04383254,0,LOW
72.0,94.2009856061106,48.362070877424,2.0,0.0,9.51,19.08830441020826,3.0,1,0,0.08220569512724413,0,0.28755727,0.57511455,0,LOW
52.0,107.02523873757156,45.28954464821656,3.0,1.0,37.44,29.209067637339757,4.0,0,0,0.13013982516605754,0,0.10616777,0.21233553,0,LOW
28.0,126.896805991003,28.35819755677344,1.0,0.0,34.92,64.92524690067557,3.0,0,0,0.09328608498847757,0,0.12403146,0.24806291,0,LOW
58.0,55.193605375625935,47.01301372199452,4.0,1.0,33.26,29.738210801188306,3.0,1,0,0.12752704354634226,1,0.96661645,0.0667671,0,LOW
11.0,50.718571928337006,37.83251518020836,0.0,2.0,19.05,24.90394920265808,3.0,0,0,0.11107394556832417,0,0.0010134976,0.0020269752,0,LOW
72.0,70.05135068385565,62.077237164256026,10.0,0.0,32.42,22.746709635652746,2.0,1,1,-0.0010335193075722282,1,0.6110497,0.7779006,1,HIGH
36.0,128.96504551185956,34.268059467090794,0.0,2.0,35.96,54.79590405648175,4.0,0,0,0.12096602510634391,0,0.004223638,0.0084472895,0,LOW
52.0,131.45815270042863,20.30778736672195,8.0,2.0,76.72,38.22045028960768,5.0,1,0,0.014533228750090221,1,0.9973647,0.0052706003,0,LOW
65.0,104.85850668402794,57.88684430585903,1.0,0.0,22.47,76.29459259659909,2.0,0,0,0.07223504702635053,0,0.0961361,0.19227219,0,LOW
28.0,148.7065892941709,33.815553372048974,0.0,2.0,24.55,26.496387095321616,5.0,0,0,0.0619632354081876,0,0.00056529726,0.0011305809,0,LOW
38.0,74.69640428704338,16.875579992567467,1.0,0.0,36.76,53.71482493531608,2.0,0,0,0.11458643737264024,0,0.23071185,0.4614237,0,LOW
54.0,122.79069298274892,40.60946169639388,0.0,0.0,33.09,41.06594578747282,4.0,0,0,0.11469875100484833,0,0.0037170297,0.00743407,0,LOW
1.0,48.855743126954806,39.18947274713092,4.0,1.0,0.0,-5.057505451279631,5.0,0,0,0.005062118034910301,0,0.006866128,0.0137322545,0,LOW
40.0,32.46927215704493,48.03333085647983,7.0,1.0,57.02,-15.751805595480516,4.0,1,0,0.020403435583787655,1,0.9925282,0.0149436,0,LOW
62.0,103.00230889474524,21.02039762838616,5.0,1.0,43.85,11.85073913493712,4.0,1,0,0.07032692465154278,1,0.9908404,0.01831925,0,LOW
52.0,84.89324247100818,51.36530424687616,3.0,0.0,26.82,20.20268902355004,4.0,0,0,0.11546602541800727,0,0.33493447,0.66986895,1,MEDIUM
72.0,100.60976390539564,26.86307278966192,3.0,2.0,81.61,8.794596342016302,4.0,1,0,0.029540701602564612,1,0.9974763,0.0050474405,0,LOW
57.0,92.31094219172164,11.59613622877308,6.0,2.0,43.67,24.72922082017771,4.0,1,0,0.06157306468957796,1,0.9981312,0.0037375689,0,LOW
55.0,136.0709936729143,62.48582963634151,1.0,2.0,10.15,59.75602767869578,4.0,0,0,0.07408258292130188,0,0.006950878,0.01390177,0,LOW
11.0,88.19573857024301,39.50785640926517,2.0,3.0,15.07,27.387061034518474,4.0,0,0,0.05926157972596913,0,0.0038080434,0.0076161027,0,LOW
33.0,134.71697560479208,29.168373849099343,1.0,2.0,28.78,55.38203859627978,4.0,0,0,0.1052590460420581,0,0.08664732,0.17329466,0,LOW
27.0,126.65315287355808,8.573246175041863,0.0,2.0,0.0,51.94186653332511,4.0,0,0,0.04798443026012411,0,0.0459761,0.091952205,0,LOW
49.0,99.86685888069512,11.52309527030494,2.0,2.0,1.49,64.7487753578053,2.0,0,0,0.052250686279398995,1,0.85563695,0.2887261,0,LOW
53.0,65.23982018390997,59.24654386005848,0.0,0.0,48.26,73.39437330977748,1.0,0,0,0.06864513988548848,0,0.02352694,0.047053874,0,LOW
54.0,86.54965267422796,50.43403914788242,3.0,0.0,29.39,18.234080472769712,3.0,0,0,0.10845694481145801,0,0.41622293,0.83244586,1,MEDIUM
29.0,112.13708874496784,31.05906410736147,1.0,0.0,63.13,89.8899787201588,2.0,0,0,0.021894130498396946,1,0.8403166,0.3193668,0,LOW
62.0,42.230628628537765,49.39448190825663,1.0,1.0,50.98,50.29784692282024,1.0,1,0,0.09131394126237263,1,0.5228126,0.9543748,1,MEDIUM
30.0,130.45563107358765,33.38295480932378,2.0,0.0,46.7,51.39712584782137,4.0,0,0,0.0931366932576766,0,0.2034768,0.40695357,0,LOW
36.0,95.0184621284732,55.55993495594048,0.0,1.0,45.87,19.226540419805296,4.0,0,0,0.12677458609959186,0,0.0054839565,0.01096791,0,LOW
20.0,84.74815951963285,10.041422452195668,1.0,1.0,16.49,39.37051718067152,3.0,0,0,0.10817199234493435,0,0.03372283,0.067445636,0,LOW
72.0,69.65411831134672,53.29726541050562,1.0,1.0,30.63,38.73807265829028,2.0,0,0,0.12150780558594704,0,0.3364903,0.6729806,1,MEDIUM
72.0,95.3387013786273,51.797753300951705,3.0,2.0,13.88,7.67462577985961,5.0,0,0,0.05277837874706459,0,0.033714682,0.067429364,0,LOW
53.0,110.77690568767636,32.59733402547613,4.0,1.0,0.0,40.05363563657906,4.0,1,0,0.08957729767445866,1,0.9378139,0.124372244,0,LOW
22.0,92.57555241790864,52.125239264541065,1.0,1.0,16.56,36.14049818030866,3.0,0,0,0.12579298348553414,0,0.009566708,0.019133389,0,LOW
13.0,73.90173474713285,29.627212187047014,0.0,2.0,39.73,22.189104990080637,3.0,0,0,0.10814385190671977,0,0.0055965763,0.011193156,0,LOW
45.0,79.89489321996203,9.935042441661924,9.0,2.0,15.7,21.24168269603937,4.0,1,0,0.0038789863572213923,1,0.9962547,0.007490635,0,LOW
52.0,71.36631797731083,43.14170220728241,6.0,0.0,16.58,43.1946045841904,3.0,1,0,0.08495667071418661,1,0.9887322,0.022535563,0,LOW
33.0,92.09152290421932,16.885991688346895,7.0,3.0,36.87,53.66420300580867,4.0,1,0,0.02570896608135631,1,0.99791425,0.0041714907,0,LOW
1.0,39.92871941108579,13.531305790606082,2.0,1.0,87.16,6.638957246946438,3.0,0,0,0.005159805275298579,0,0.0068426304,0.013685286,0,LOW
49.0,31.766802360043627,57.99032176697202,4.0,1.0,26.62,30.506277538310137,2.0,1,0,0.10467147389831688,1,0.96128476,0.07743049,0,LOW
48.0,104.58163913823688,20.10803362597901,4.0,2.0,11.22,66.11223050463185,2.0,0,0,0.0568167844679891,1,0.95579845,0.088403106,0,LOW
18.0,43.86240448108866,15.305604598950822,5.0,1.0,62.5,28.31503040130945,1.0,0,0,0.039233368255526924,0,0.48704213,0.97408426,1,MEDIUM
24.0,45.9455385166341,46.29128820352644,4.0,1.0,0.0,23.820996428059544,3.0,0,0,0.08635814319766588,0,0.1982068,0.39641356,0,LOW
34.0,39.28137184866469,14.382564016087333,1.0,0.0,35.45,28.664679430741664,1.0,0,0,0.08221557019039505,0,0.024992801,0.049985588,0,LOW
1.0,55.9851145394236,25.67103970699573,7.0,0.0,40.34,-5.877404278957744,6.0,0,1,-0.038347186575777625,0,0.4119541,0.8239082,1,HIGH
49.0,62.28969622509328,44.12577942059799,6.0,1.0,32.49,22.644340083778665,3.0,1,0,0.1045106192677584,1,0.9745301,0.0509398,0,LOW
15.0,54.8354653493473,20.64198992955692,2.0,0.0,39.51,23.47506537633632,3.0,0,0,0.1073404289391845,0,0.09207409,0.18414819,0,LOW
27.0,34.829433058385845,18.429752136682588,7.0,0.0,30.79,38.02797401275154,1.0,0,0,0.026373375086319095,1,0.51112443,0.97775114,1,MEDIUM
50.0,68.5267945149485,16.639697520947742,1.0,2.0,38.83,51.64642546439767,1.0,0,0,0.08988032600322676,0,0.139456,0.278912,0,LOW
28.0,108.13955625466184,43.634315736144025,1.0,2.0,11.61,47.93542261235213,3.0,0,0,0.1071734105584824,0,0.013078532,0.026157081,0,LOW
72.0,79.81684260321545,44.81821072733399,2.0,1.0,100.0,-0.1967148070894353,3.0,1,0,0.007840134179985636,1,0.99868256,0.002634883,0,LOW
34.0,123.5553381668466,17.522819780345024,2.0,0.0,54.03,52.05213794217546,3.0,1,0,0.08425544473125512,1,0.9531033,0.09379339,0,LOW
49.0,29.831729950309157,65.47406717249386,2.0,0.0,39.94,13.239639554976256,2.0,1,0,0.08039237761832357,1,0.95215255,0.0956949,0,LOW
45.0,87.01095262918469,15.941591851909404,1.0,0.0,27.88,21.073303483460368,4.0,1,0,0.1072617617129426,1,0.77039665,0.4592067,0,LOW
67.0,97.09685521483456,19.724432403332223,2.0,2.0,74.23,26.04032330279218,3.0,1,0,0.07457421272719872,1,0.9965675,0.0068650246,0,LOW
16.0,29.233045875079824,29.782461054555483,0.0,0.0,58.08,24.135890418640543,2.0,0,0,0.08197296555521894,0,0.0022956152,0.0045912266,0,LOW
28.0,119.77278040866146,33.371541810988695,2.0,0.0,34.92,60.61239803091946,3.0,0,0,0.09479974438431427,0,0.16237819,0.32475638,0,LOW
5.0,87.03044207282127,20.255000648104808,2.0,1.0,34.53,21.56712361789193,4.0,0,0,0.09475502280960835,0,0.01115294,0.022305906,0,LOW
10.0,109.74870296708364,14.12897593845268,0.0,2.0,3.9,39.24980576973692,4.0,0,0,0.06068937136801372,0,0.003674682,0.007349372,0,LOW
1.0,44.51917417937729,49.30049311043516,5.0,0.0,50.95,0.596137488917666,3.0,0,0,0.009943793356919195,0,0.204926,0.40985203,0,LOW
72.0,112.15550007842532,0.327055238796602,8.0,0.0,63.38,21.728510793343403,4.0,1,1,-0.011625312443991564,1,0.99870133,0.002597332,0,MEDIUM
44.0,65.8110054502831,45.04102731215176,6.0,1.0,45.7,25.491798778951186,3.0,1,0,0.10168780426340923,1,0.99052656,0.018946886,0,LOW
27.0,142.54805643632395,25.72125032662595,1.0,0.0,39.64,48.23003795197821,5.0,0,0,0.0794488154449286,0,0.009741457,0.01948291,0,LOW
60.0,131.58802333718836,64.81826123281259,5.0,1.0,33.43,38.16752696748802,4.0,0,0,0.08489430197994785,0,0.008499385,0.016998768,0,LOW
49.0,70.47097749748232,48.16599807294162,7.0,3.0,36.94,54.78221438368559,3.0,1,0,0.039895526758345734,1,0.97572494,0.04855013,0,LOW
10.0,67.98377878808478,54.81313008707095,1.0,1.0,15.76,31.12306733216573,4.0,0,0,0.10752794063283982,0,0.009512322,0.01902467,0,LOW
58.0,102.436805982016,58.3884894850496,0.0,3.0,31.27,42.3904204800247,3.0,0,0,0.08297187555423857,0,0.0028222397,0.0056445003,0,LOW
54.0,113.8182265116586,44.9702537515767,1.0,1.0,21.52,42.57233427141996,3.0,0,0,0.12994228851937312,0,0.09973612,0.19947225,0,LOW
1.0,36.10877542588664,13.819484212518883,3.0,0.0,89.27,10.002265873762465,4.0,0,1,-0.001720559922417153,0,0.005957792,0.011915565,0,MEDIUM
8.0,89.81486797230255,24.005723925595724,2.0,2.0,35.64,43.99675644601811,3.0,0,0,0.09974650312250932,0,0.042991407,0.0859828,0,LOW
46.0,150.56650552679784,26.381600615484437,2.0,0.0,26.78,33.71034111403631,5.0,0,0,0.06324397542462795,0,0.05048629,0.10097259,0,LOW
36.0,74.83672351273634,53.38404191535426,1.0,0.0,20.86,42.59637240301297,2.0,0,0,0.11806441375977672,0,0.06384541,0.12769079,0,LOW
28.0,141.8757077212017,27.951370786315355,3.0,1.0,42.75,55.01566496016847,5.0,0,0,0.08181029929002326,0,0.10782177,0.21564353,0,LOW
7.0,41.443004723319525,22.01327508988495,2.0,0.0,50.09,19.430368139548666,3.0,0,0,0.08807180326233122,0,0.0085912105,0.01718241,0,LOW
23.0,124.22685219051236,38.25554416496373,3.0,1.0,74.14,45.60074055037634,4.0,1,0,0.09243554606783594,0,0.4303268,0.8606536,1,MEDIUM
62.0,56.36437079017059,25.87799137148621,1.0,1.0,26.49,64.32095158717851,1.0,0,0,0.09392500704008994,0,0.22854139,0.45708275,0,LOW
60.0,158.3283094157685,21.639406605173026,6.0,2.0,27.89,13.310206961313298,6.0,0,1,-0.012334216174338608,0,0.025456902,0.05091381,0,MEDIUM
61.0,77.35524199104374,57.53662909788424,5.0,1.0,33.17,-7.332600312107238,5.0,0,0,0.054910705154516126,0,0.31586337,0.63172674,1,MEDIUM
62.0,115.31117031695712,35.689771900742514,5.0,1.0,43.77,13.330874657794096,5.0,0,0,0.07057501203023564,1,0.5780755,0.84384894,1,MEDIUM
32.0,52.39265437331286,35.9565013484584,2.0,1.0,23.52,23.806711993898865,2.0,0,0,0.1247929385797486,0,0.23331492,0.46662986,0,LOW
69.0,95.6932779407039,52.819986069384505,4.0,2.0,100.0,22.86980600417625,4.0,1,0,0.03321920108733689,1,0.99592376,0.008152485,0,LOW
69.0,88.23279675606975,58.48159799870012,3.0,1.0,32.69,21.87164266017057,3.0,0,0,0.11983071787464256,0,0.033814043,0.067628086,0,LOW
25.0,42.08446034916937,16.442503040986658,2.0,1.0,13.43,22.130114310446046,2.0,0,0,0.09890294296010549,0,0.012101525,0.024203062,0,LOW
41.0,107.31165349670556,37.163931502888666,1.0,2.0,39.58,48.67361281266495,3.0,0,0,0.13183412049154136,0,0.2350327,0.47006536,0,LOW
59.0,91.9933293620886,51.702531169760455,2.0,2.0,35.16,49.02372103831359,2.0,0,0,0.11285430778569822,0,0.2260099,0.4520198,0,LOW
50.0,110.73854626035032,44.95630219640838,1.0,0.0,35.21,23.35387586118169,3.0,0,0,0.11408438765442719,0,0.05182996,0.10365993,0,LOW
13.0,64.17374955593255,38.66783076435931,2.0,0.0,19.41,31.438680289026763,3.0,0,0,0.10771071737629612,0,0.015346178,0.030692339,0,LOW
63.0,106.27611379519487,37.7273772616597,1.0,0.0,30.66,60.577684601201824,3.0,0,0,0.11012060230892234,0,0.14875054,0.2975011,0,LOW
6.0,69.87756860849137,27.07620056087688,1.0,2.0,17.92,8.817673493571252,4.0,0,0,0.061422297304965234,0,0.0053284764,0.010656953,0,LOW
25.0,39.32434592684453,36.74114039354218,2.0,2.0,56.04,31.77083181947484,1.0,0,0,0.0782750224017495,0,0.09070345,0.18140692,0,LOW
23.0,116.91711524769502,27.93773352293501,3.0,0.0,52.09,16.774255353131387,4.0,0,0,0.06729659040823371,0,0.14365356,0.28730714,0,LOW
3.0,45.14739217138321,26.303270458763112,1.0,0.0,58.66,10.924075324194977,3.0,0,0,0.05760625279889686,0,0.0053652753,0.010730565,0,LOW
50.0,62.56744825689505,6.54509142441855,2.0,2.0,8.51,39.64885609619664,1.0,0,0,0.04718925034248578,0,0.20613842,0.41227686,0,LOW
65.0,67.36031010788453,64.76988600006737,2.0,0.0,34.0,13.49419644278488,2.0,0,0,0.08787700775052731,0,0.22706047,0.45412093,0,LOW
63.0,151.74626582448755,40.25724192604337,4.0,1.0,13.77,61.69315917394037,5.0,0,0,0.04327740951842274,0,0.059727963,0.11945593,0,LOW
41.0,151.32024221445522,16.87348572991369,0.0,1.0,47.42,49.20652314532183,4.0,1,0,0.08175168590150456,0,0.04818213,0.09636426,0,LOW
72.0,57.72901064824114,66.60910582564695,7.0,1.0,27.34,24.84466100806842,2.0,0,0,0.04841208436199107,1,0.8371405,0.325719,0,LOW
56.0,34.5268457579366,48.815865986521935,4.0,1.0,50.12,23.506407924785613,2.0,1,0,0.09407808605628593,1,0.9823006,0.03539884,0,LOW
53.0,135.02663420203314,46.54177871441704,4.0,1.0,14.74,38.36041849496529,5.0,0,0,0.08186954781822126,0,0.04360219,0.0872044,0,LOW
32.0,112.43883183577408,38.23449409816524,1.0,1.0,40.46,17.50043209369504,4.0,0,0,0.11126732016590829,0,0.019121435,0.038242877,0,LOW
59.0,167.1757248808574,31.47478128427361,1.0,1.0,8.39,44.886626101871386,5.0,0,0,0.04299867499767196,0,0.014854903,0.029709816,0,LOW
58.0,140.53004642948852,36.63063052676691,4.0,1.0,26.32,57.58684638985357,5.0,0,0,0.07607457631436404,0,0.082207575,0.16441512,0,LOW
1.0,44.41790967357615,10.396150937467535,3.0,1.0,71.67,12.719709313712592,3.0,0,0,0.03296366448816901,0,0.008603346,0.017206669,0,LOW
72.0,130.15871364032208,64.57112420524784,3.0,0.0,16.02,35.49072451000514,4.0,0,0,0.06821037011798375,0,0.0010344633,0.0020689368,0,LOW
59.0,104.41188277378032,45.6671006067725,0.0,2.0,24.63,14.07607198312571,4.0,0,0,0.0961280719598584,0,0.0448137,0.089627385,0,LOW
72.0,115.64063451810826,42.19307672114219,5.0,0.0,19.25,10.465460313061378,5.0,0,0,0.037872689606655574,0,0.06534735,0.13069469,0,LOW
50.0,139.36566222971112,19.17261789438089,9.0,3.0,66.14,49.08233006115209,5.0,1,1,-0.03673566072112133,1,0.9981659,0.003668189,0,MEDIUM
42.0,180.84557657647863,12.133165585871144,3.0,2.0,42.26,31.933378645929,7.0,0,1,-0.013733141756640421,0,0.1060507,0.2121014,0,MEDIUM
5.0,62.61643817063073,40.220944336987394,1.0,0.0,36.36,29.21908057841436,3.0,0,0,0.10659671520281161,0,0.0038797762,0.007759571,0,LOW
1.0,48.75400650534725,63.5871456922483,2.0,0.0,59.27,13.07958158453445,4.0,0,0,0.04818372768395485,0,0.0038508044,0.0077016354,0,LOW
1.0,68.94135656693626,42.23446770344618,0.0,2.0,20.64,28.89657042082223,4.0,0,0,0.091766884188694,0,0.0007254691,0.0014509559,0,LOW
45.0,31.097883330449008,76.56847616923433,3.0,0.0,12.38,-0.9047625779188282,3.0,1,0,0.03204614018541718,1,0.89946485,0.20107031,0,LOW
56.0,99.8029767726557,0.3126496237392226,2.0,3.0,32.6,25.91215155584106,3.0,1,0,0.022620820210624504,1,0.8641933,0.27161336,0,LOW
52.0,138.46937633930492,29.7704695163588,7.0,0.0,77.95,44.7440287472321,5.0,1,0,0.0207434077370775,1,0.9934668,0.013066411,0,LOW
44.0,80.39543341380858,18.027663205583075,0.0,2.0,15.79,48.41189163977811,2.0,0,0,0.10893035643474575,0,0.0550079,0.11001581,0,LOW
72.0,70.85194120456107,84.51015206938274,3.0,0.0,0.21,20.260844559922976,2.0,0,0,0.029115168556981152,0,0.07309785,0.14619571,0,LOW
8.0,95.40686571091068,47.75982500583128,1.0,0.0,9.78,48.74203372411561,4.0,0,0,0.08782021120853423,0,0.0027964846,0.0055929422,0,LOW
54.0,83.17536263125032,23.157073329240863,9.0,0.0,45.31,6.075555730733292,5.0,1,1,-0.0017386439679731858,1,0.996872,0.0062559843,0,MEDIUM
41.0,123.69856265486106,21.18089884913301,6.0,1.0,54.18,45.23376271973888,4.0,1,0,0.08274930996709251,1,0.99546,0.009080052,0,LOW
72.0,99.24821097099252,57.04220609799025,2.0,1.0,13.78,24.0448072990169,4.0,0,0,0.11089522049534051,0,0.012019026,0.024038076,0,LOW
42.0,75.8264861462032,57.05231267547288,2.0,0.0,45.61,14.082227546033776,3.0,0,0,0.10441032034034164,0,0.28724515,0.5744903,0,LOW
20.0,145.67433310316858,14.048334155118534,0.0,1.0,49.9,14.098237033243272,6.0,0,0,0.012542825656264744,0,0.00074465387,0.0014892817,0,LOW
5.0,45.8035884424221,27.95299385229422,6.0,0.0,51.68,15.691705704361052,3.0,0,0,0.047993373645915716,0,0.13183852,0.263677,0,LOW
22.0,40.78740119922034,37.03294458537075,8.0,0.0,53.49,3.3705793939889794,4.0,1,0,0.002649033300044512,1,0.9790285,0.041942954,0,LOW
23.0,66.73395976525586,21.950961571413757,6.0,0.0,0.0,20.465363796223876,3.0,0,0,0.025439633111253968,1,0.5867648,0.8264704,1,MEDIUM
35.0,127.49267985691051,31.825261376379054,2.0,2.0,34.58,-2.8387350344632694,6.0,0,0,0.02317387483803257,0,0.00464403,0.009288073,0,LOW
71.0,110.4718089013147,27.09627385893578,4.0,0.0,83.78,11.07561577674679,4.0,1,0,0.02480324421943103,1,0.998879,0.002241969,0,LOW
38.0,112.48424042440082,5.9570262935335485,7.0,0.0,30.04,27.691206506137227,5.0,1,0,0.030738703890560215,1,0.9910738,0.017852426,0,LOW
10.0,88.6726263387649,53.37878371521676,3.0,1.0,15.76,36.27349150050051,4.0,0,0,0.09702216408839714,0,0.086074404,0.17214882,0,LOW
72.0,131.0793504674922,56.1943067747676,4.0,0.0,10.84,26.584172888102973,4.0,0,0,0.05582300064390899,0,0.011004645,0.022009313,0,LOW
69.0,128.9823264089338,5.126993232991596,6.0,1.0,38.51,21.350841892107866,4.0,1,0,0.03266188567874695,1,0.90839255,0.1832149,0,LOW
71.0,91.31403990323666,34.58639066705781,2.0,3.0,16.54,29.54311717987555,3.0,1,0,0.060596836128153864,1,0.6088129,0.78237414,1,MEDIUM
19.0,62.27558867429531,42.39272396820276,0.0,2.0,40.74,31.566772516799187,3.0,0,0,0.1317614135484001,0,0.005925682,0.01185137,0,LOW
13.0,79.17248647564581,29.73536547276741,1.0,1.0,69.98,38.992146848989535,3.0,0,0,0.10853243059749945,0,0.03887392,0.07774782,0,LOW
52.0,123.45010936255764,35.70785210539134,0.0,1.0,25.18,60.26826795209299,2.0,0,0,0.10875929370465431,0,0.0058696666,0.011739314,0,LOW
55.0,103.67129867995608,39.34514061551756,2.0,1.0,77.71,9.05181969017648,4.0,1,0,0.07914038928769634,1,0.9740434,0.051913142,0,LOW
66.0,106.3138841912445,45.39359537893961,2.0,0.0,21.43,26.116448157967238,4.0,0,0,0.11154702180570714,0,0.06457561,0.12915123,0,LOW
40.0,176.16286311528114,16.354618671137718,1.0,0.0,34.02,39.7457879542316,5.0,0,0,0.043263432966795135,0,0.040886786,0.08177358,0,LOW
37.0,34.28730611030774,52.30068734336075,1.0,2.0,73.08,-2.4486172412011724,1.0,0,0,0.0015530426565356636,1,0.78692347,0.42615306,0,LOW
45.0,94.09559527085516,32.12335660620308,7.0,1.0,72.69,32.35930915676238,4.0,1,0,0.0802092482201277,1,0.9986754,0.002649188,0,LOW
56.0,51.722975411974616,53.47204287066472,4.0,1.0,38.45,20.806814459800123,3.0,1,0,0.11315409816617594,1,0.9752356,0.049528837,0,LOW
63.0,120.0642976570113,48.74326726542294,1.0,0.0,100.0,2.028939166930684,4.0,1,1,-0.0038483357822147735,1,0.99466443,0.010671139,0,MEDIUM
45.0,99.37481943646831,24.33816724836684,5.0,1.0,45.1,15.197653031105023,5.0,1,0,0.07969948614561823,1,0.9845909,0.030818224,0,LOW
50.0,98.1705916611107,47.92698410466348,0.0,0.0,35.21,13.61528814601222,3.0,0,0,0.10686081034053235,0,0.02474521,0.049490392,0,LOW
49.0,109.1129736137634,53.3043533959148,0.0,1.0,27.42,61.76810082929337,2.0,0,0,0.1188821387071392,0,0.0059537664,0.011907518,0,LOW
72.0,139.9319197160449,35.24595643858926,5.0,0.0,20.98,38.41823221820732,5.0,0,0,0.040531477700343266,0,0.05698688,0.11397374,0,LOW
36.0,145.52392287692325,28.92108021210874,0.0,1.0,37.05,50.2883432856187,4.0,0,0,0.10665604157586989,0,0.0037899502,0.0075799227,0,LOW
13.0,62.15734908704764,42.31015032481487,2.0,0.0,19.41,26.415624756801183,3.0,0,0,0.10489716421196166,0,0.010303183,0.020606339,0,LOW
43.0,139.50796693871126,45.484917619231005,0.0,1.0,24.38,24.716738807888994,4.0,0,0,0.10378941335270248,0,0.003498704,0.0069974065,0,LOW
66.0,102.54633170297656,52.56097594548652,1.0,2.0,23.23,35.25732576141919,4.0,0,0,0.12264450169047597,0,0.01428918,0.028578341,0,LOW
31.0,113.199018652466,23.338859106894866,2.0,2.0,63.69,27.873999908892724,4.0,0,0,0.08500966742241156,1,0.9599385,0.08012295,0,LOW
25.0,84.66765804274212,18.11376861446889,4.0,3.0,0.0,25.982389494569645,3.0,0,0,0.020186951285672605,1,0.5746989,0.85060215,1,MEDIUM
72.0,112.65374637390862,18.726905052127037,12.0,0.0,67.23,7.331063668818574,6.0,1,1,-0.05696561175303194,1,0.9963779,0.0072442293,0,MEDIUM
23.0,89.86857556813236,12.43250133856446,2.0,2.0,0.0,28.611878038423256,4.0,0,0,0.06493184401459617,0,0.045543846,0.0910877,0,LOW
17.0,26.971316903812536,28.64598813382575,4.0,2.0,38.13,18.538429544231096,2.0,0,0,0.06719043599828917,0,0.16258034,0.32516068,0,LOW
49.0,46.44838154802665,49.51364847031199,8.0,0.0,41.19,46.006519773160605,2.0,1,0,0.0409354659400647,1,0.9769295,0.04614103,0,LOW
58.0,122.05801337552344,21.73537402817491,6.0,0.0,79.1,47.26479308072848,4.0,1,0,0.040947624251172154,1,0.99714017,0.0057196617,0,LOW
62.0,115.49042271325284,28.25481170992424,1.0,0.0,25.35,77.63721371712215,1.0,0,0,0.03909337122802248,0,0.10548196,0.2109639,0,LOW
13.0,63.86724169283721,34.66456179925262,2.0,2.0,39.73,33.30248678819494,3.0,0,0,0.11762086994963539,0,0.08232373,0.16464746,0,LOW
2.0,92.02458193394376,22.225230434638306,4.0,2.0,12.44,20.24473273514761,5.0,0,0,0.029528667036113232,0,0.032882545,0.06576508,0,LOW
49.0,41.06949245555992,39.01063827909,6.0,3.0,64.63,-6.980413575744443,4.0,1,1,-0.005305869615945813,1,0.9965809,0.0068382025,0,MEDIUM
72.0,87.09141234908336,51.020625887262,1.0,1.0,11.55,53.35840402538522,1.0,0,0,0.07774560713370549,0,0.3732672,0.7465344,1,MEDIUM
72.0,101.35642712104408,62.2036425324067,3.0,1.0,18.13,21.231037042680125,4.0,0,0,0.10293308965180153,0,0.0024044916,0.0048089623,0,LOW
72.0,122.89659077259158,65.36805015133456,6.0,2.0,0.0,47.147572175649486,3.0,0,0,0.017242590829534388,0,0.047780816,0.09556162,0,LOW
29.0,75.30966007386229,22.453858589303422,2.0,1.0,0.0,31.474423375394966,3.0,0,0,0.09958477627379936,0,0.35287493,0.70574987,1,MEDIUM
72.0,71.12148584354105,79.11849794812998,0.0,0.0,5.31,38.930080369695645,2.0,0,0,0.0684055285012451,0,0.04313615,0.0862723,0,LOW
37.0,34.36749606971854,42.245582369788266,9.0,1.0,61.46,3.4339584563085808,4.0,1,1,-0.00676338464066395,1,0.9961743,0.0076514482,0,MEDIUM
66.0,110.31889452794482,43.379921191778834,3.0,1.0,32.46,49.44741287954318,2.0,0,0,0.09665376133145265,0,0.33153325,0.6630665,1,MEDIUM
28.0,101.16938718032436,27.06124415398426,2.0,1.0,16.93,39.14651616960208,3.0,0,0,0.12154638976894344,0,0.1307956,0.2615912,0,LOW
1.0,55.004353536083535,12.131953152438223,5.0,1.0,33.14,9.326265768548565,3.0,0,0,0.0389879981605189,0,0.09286684,0.18573368,0,LOW
19.0,120.02761809488686,29.333643147076167,2.0,1.0,50.58,4.38866192407149,6.0,0,0,0.039009508336543264,0,0.003928902,0.0078577995,0,LOW
72.0,100.85702392002204,59.94841473527373,4.0,2.0,21.64,21.79368368563761,4.0,0,0,0.08844240760440153,0,0.008438239,0.01687646,0,LOW
49.0,140.16175019277324,23.56842084162228,8.0,2.0,100.0,52.722271396707285,5.0,1,1,-0.025165491844568955,1,0.9982911,0.0034178495,0,MEDIUM
25.0,54.01090301406499,31.02187591703884,2.0,0.0,19.62,32.62311875412303,2.0,0,0,0.11319610478720937,0,0.039183903,0.07836783,0,LOW
15.0,103.6124824360337,28.011838828700043,1.0,2.0,14.1,26.46175464047285,4.0,0,0,0.08507733622658104,0,0.0124232825,0.024846554,0,LOW
29.0,73.60343161219443,37.77802156134455,4.0,1.0,13.01,45.80790276661372,3.0,1,0,0.11902280928367165,1,0.9402103,0.119579434,0,LOW
21.0,52.90962524684588,20.284088998615672,3.0,2.0,39.84,23.009172006427296,3.0,0,0,0.10646340073594107,0,0.25838053,0.51676106,0,LOW
16.0,35.19763908276113,24.429754918919546,3.0,0.0,71.97,13.785851064107984,1.0,0,0,0.013874387297385438,0,0.011912305,0.023824632,0,LOW
26.0,126.19092804164757,3.411526947737122,8.0,0.0,34.74,64.42472660720779,4.0,1,1,-0.0026543246919595864,1,0.990921,0.018157959,0,MEDIUM
31.0,88.42970172488626,20.06553481828128,0.0,2.0,11.08,44.34442727878566,2.0,0,0,0.09799024706127613,0,0.0059567187,0.011913419,0,LOW
11.0,37.436907147438525,45.232683202460485,1.0,1.0,31.68,3.782490457066768,3.0,0,0,0.08670589882655583,0,0.0054374724,0.010874927,0,LOW
72.0,108.17552726757395,52.54840497267114,4.0,1.0,17.67,7.7089006324636,5.0,0,0,0.05666340570752315,0,0.011760445,0.023520887,0,LOW
50.0,116.91772602877847,44.80183140159442,1.0,1.0,29.67,24.881423026848893,5.0,0,0,0.12472114893018693,0,0.0121470215,0.024294019,0,LOW
72.0,42.31447412820579,70.32473094419998,4.0,1.0,43.93,19.90748929449009,1.0,1,0,0.05168555355062887,1,0.96607745,0.067845106,0,LOW
72.0,127.38434838926116,47.397432755173824,1.0,2.0,3.98,86.5743306786965,2.0,0,0,0.021781401227100372,0,0.3103748,0.6207496,1,MEDIUM
21.0,112.2400829197367,42.05706867488647,1.0,1.0,53.96,35.02179224992614,4.0,0,0,0.12119147403612807,0,0.017040493,0.034080982,0,LOW
52.0,120.96001728434376,45.01854472644923,3.0,1.0,37.44,32.60878494690297,4.0,0,0,0.12355775115303108,0,0.025377873,0.05075574,0,LOW
14.0,98.53260854143063,33.466172118699525,0.0,3.0,18.89,26.897284519835157,4.0,0,0,0.06358410862907765,0,0.0022898372,0.0045796633,0,LOW
38.0,82.00342378634656,46.01256854101244,4.0,0.0,81.21,10.299293375936134,4.0,1,0,0.04428922518205103,1,0.9932462,0.013507605,0,LOW
50.0,93.81586055888636,30.962581476024138,0.0,0.0,16.38,54.5721674460174,2.0,0,0,0.11270903506486951,0,0.030217165,0.06043434,0,LOW
24.0,157.04309235165766,7.148136314189695,6.0,0.0,46.69,69.11205667294288,5.0,1,1,-0.023082559993403473,1,0.889746,0.22050798,0,MEDIUM
39.0,112.86205355390014,0.0,3.0,2.0,9.33,48.54382508263768,4.0,1,0,0.047957673565851344,1,0.9372606,0.12547874,0,LOW
72.0,148.47364262484805,29.082660846782836,7.0,1.0,100.0,22.2601932462808,6.0,1,1,-0.039005937004123914,1,0.988257,0.023486018,0,MEDIUM
12.0,48.34617300514425,28.958602929171256,5.0,2.0,0.0,7.062444479118359,4.0,0,0,0.02196007515763443,0,0.043498144,0.08699632,0,LOW
29.0,36.21313919120314,47.24689011610615,2.0,0.0,79.83,-1.6163539117028591,2.0,1,0,0.014116507093450248,1,0.6625472,0.67490566,1,MEDIUM
56.0,117.86925738268752,33.98198585461786,4.0,0.0,30.39,65.52744084796407,3.0,0,0,0.08117591321693307,1,0.65362257,0.69275486,1,MEDIUM
1.0,38.1410430991765,44.14785429688647,4.0,3.0,44.85,4.276105567119554,4.0,0,0,0.004175970399235007,0,0.044520464,0.089040935,0,LOW
11.0,80.57426586048187,44.62187259469315,2.0,3.0,15.07,22.06315652197605,4.0,0,0,0.05715194959977332,0,0.003622379,0.0072447658,0,LOW
26.0,163.02389662017455,3.627199489512869,2.0,1.0,60.94,16.011900940771845,6.0,0,1,-0.019363559565346522,0,0.01703753,0.03407508,0,MEDIUM
56.0,93.62914617004049,61.83365753930977,4.0,3.0,36.21,44.938395666903794,3.0,0,0,0.06765529915150648,0,0.35223854,0.7044771,1,MEDIUM
1.0,60.56655702279452,37.04161398755328,2.0,0.0,63.66,13.450575533984708,4.0,0,0,0.0570098667386415,0,0.0065045287,0.013009071,0,LOW
15.0,42.56193185117262,16.2447301304084,1.0,1.0,48.99,15.989374006017671,2.0,0,0,0.08699915766487892,0,0.009636378,0.019272745,0,LOW
65.0,99.3058660754284,40.07724499985503,0.0,0.0,90.01,-2.92044806604282,4.0,1,0,0.0031239872077305497,1,0.9981331,0.0037337542,0,LOW
37.0,142.00262492459902,16.51145819480539,8.0,1.0,70.87,68.79132292853951,5.0,1,0,0.0032046868802168005,1,0.9949876,0.010024786,0,LOW
8.0,61.885306672815375,47.42557282131666,0.0,2.0,44.55,34.62281531324714,3.0,0,0,0.11444190790178943,0,0.0016787554,0.0033575296,0,LOW
49.0,97.01544121676886,16.530683524904273,5.0,2.0,31.87,20.015024822439663,4.0,1,0,0.07690413739199375,1,0.98401225,0.031975508,0,LOW
13.0,77.37227145245271,0.0,2.0,0.0,26.39,42.49414103511428,3.0,0,0,0.06878367763991539,0,0.020919591,0.041839182,0,LOW
72.0,69.28740470347246,50.08258341430064,5.0,1.0,40.09,35.23512637453126,2.0,1,0,0.09073170589323293,1,0.9831928,0.033614397,0,LOW
72.0,29.228522115639112,65.3124297474302,1.0,4.0,40.82,16.69896599228308,1.0,1,1,-0.021154458241081864,1,0.9281167,0.14376664,0,MEDIUM
14.0,74.02252491565356,1.787088729472715,2.0,1.0,30.86,29.99729086372321,3.0,0,0,0.08243992935069439,0,0.016373962,0.032747924,0,LOW
21.0,151.53389018342125,15.897209148305164,2.0,2.0,66.85,11.33911045358972,7.0,0,1,-0.03490062067324706,0,0.0082961675,0.016592324,0,MEDIUM
10.0,56.19959071295288,22.11162707077892,6.0,1.0,28.12,27.81022458163669,3.0,0,0,0.0712321718618183,0,0.34281856,0.6856371,1,MEDIUM
42.0,32.843056697010454,21.309534269135845,0.0,1.0,40.62,42.7336401773007,1.0,0,0,0.11554743139568735,0,0.008668529,0.017337084,0,LOW
32.0,153.05297789090187,29.40702799891221,2.0,1.0,34.35,44.70839267427292,5.0,0,0,0.07731454973307539,0,0.018072141,0.036144257,0,LOW
72.0,61.870429186895166,65.07793070191828,1.0,2.0,20.56,40.60604957929016,2.0,0,0,0.1028724308055029,0,0.26102182,0.52204365,0,LOW
42.0,121.55009765966226,41.49262448472728,1.0,1.0,34.57,47.93026710895842,3.0,0,0,0.13054199039053294,0,0.021895686,0.043791354,0,LOW
45.0,144.37174310601705,19.66415222015568,0.0,2.0,4.6,71.21541138786333,3.0,0,0,0.05002807714007074,0,0.033225216,0.06645042,0,LOW
59.0,120.76359262042278,34.01081701747129,4.0,1.0,49.71,29.829142244143974,4.0,0,0,0.10157250048662786,1,0.7658407,0.46831858,0,LOW
72.0,91.44867284857268,55.04526069460415,1.0,0.0,22.2,31.0633300306721,3.0,0,0,0.11421467245070799,0,0.080284625,0.16056925,0,LOW
42.0,136.97522142681353,35.93631158135079,1.0,0.0,97.01,59.25533974535757,4.0,1,0,0.027452974765055704,1,0.993038,0.013924003,0,LOW
49.0,47.01207558518411,42.83401324233645,8.0,3.0,64.63,-8.239290774263269,4.0,1,1,-0.033209853275612766,1,0.99793786,0.004124284,0,MEDIUM
41.0,138.88968017298208,37.86226218386719,1.0,3.0,29.7,46.17060169840566,5.0,0,0,0.06346731234331571,0,0.008644942,0.017289877,0,LOW
61.0,109.518458664282,11.725193317219844,6.0,1.0,40.17,21.70694482008794,4.0,1,0,0.06500394970965295,1,0.9910095,0.017981052,0,LOW
29.0,96.09861454512829,19.038068694654417,3.0,2.0,16.28,42.33278536791427,3.0,0,0,0.09499254367048193,1,0.8922853,0.21542943,0,LOW
65.0,88.51473022003319,32.18976326153601,3.0,1.0,13.36,81.49483894418894,2.0,1,0,0.06519277431036796,1,0.96140647,0.07718706,0,LOW
72.0,109.30272759396348,63.382622849003845,5.0,2.0,16.54,20.8706851584204,3.0,0,0,0.059645224038883504,0,0.012660234,0.02532047,0,LOW
1.0,81.02999175167554,32.402579929994275,1.0,0.0,37.34,26.035528182135536,4.0,0,0,0.08891340196926734,0,0.0039744666,0.007948935,0,LOW
33.0,44.70119192922721,52.03841387495509,7.0,2.0,34.3,48.38777020247095,3.0,1,0,0.06588580538353567,1,0.9830571,0.033885837,0,LOW
71.0,112.60800441227354,5.425113646718907,9.0,1.0,33.54,29.305980186160998,4.0,1,1,-0.00382492626927311,1,0.978281,0.043437958,0,MEDIUM
20.0,68.275763668674,24.774610696594117,1.0,0.0,58.26,34.71430312621912,2.0,0,0,0.09825402941476757,0,0.01305619,0.026112378,0,LOW
39.0,55.68911284826199,14.200224176960392,2.0,1.0,18.59,39.39509079086052,1.0,0,0,0.0980070933792222,0,0.12991512,0.25983024,0,LOW
22.0,34.552494207651144,24.63792468934545,0.0,1.0,50.3,41.51120531538701,2.0,0,0,0.12984280603697218,0,0.0010643369,0.0021286607,0,LOW
23.0,45.88538477596176,27.944758642929205,0.0,1.0,39.95,38.52726703215978,2.0,0,0,0.14475425430485145,0,0.0015611694,0.0031223297,0,LOW
1.0,95.5706955769251,27.566247743324453,4.0,2.0,36.71,16.178130857637214,6.0,0,0,0.022294484375036783,0,0.030555991,0.061111987,0,LOW
72.0,85.6079308090369,70.51874542212491,8.0,1.0,13.89,10.020826157942324,4.0,0,0,0.01721719850464365,0,0.148048,0.29609597,0,LOW
64.0,153.1760347561828,41.73563587412789,0.0,2.0,1.38,57.00334979741608,4.0,0,0,0.03904477684324359,0,0.033023637,0.06604725,0,LOW
7.0,58.95602639567269,30.69606956436516,3.0,0.0,13.54,29.11173039906443,4.0,0,0,0.08768435838756705,0,0.0054843803,0.010968745,0,LOW
65.0,66.52918606096576,58.32632642241562,1.0,1.0,31.79,21.4817771185975,2.0,0,0,0.12252167381181989,0,0.1453813,0.2907626,0,LOW
55.0,147.67686488694403,10.433892279031282,8.0,0.0,91.89,54.7145920444191,4.0,1,1,-0.038875413540443216,1,0.99861085,0.0027782917,0,MEDIUM
57.0,112.03972995818675,54.553536908227365,3.0,0.0,0.0,1.7864126949190364,5.0,0,0,0.013005890970578693,0,0.044820346,0.08964068,0,LOW
66.0,108.6715764515554,30.73211890726138,4.0,2.0,48.83,12.702671146532143,5.0,1,0,0.06302364863611132,1,0.88350296,0.23299408,0,LOW
35.0,85.21873352650562,49.85903777655399,2.0,2.0,0.0,63.64323479161923,3.0,1,0,0.0993448513843408,1,0.90829396,0.18341208,0,LOW
51.0,111.70765422157947,40.33255232150962,2.0,2.0,76.62,33.54555003215563,4.0,1,0,0.09515447365381091,1,0.9875086,0.02498281,0,LOW
71.0,124.31519853145728,7.503746701647162,7.0,1.0,54.24,40.28333041672475,4.0,1,0,0.030137279476911027,1,0.9988669,0.0022661686,0,LOW
72.0,78.61862033393854,86.4472882325642,4.0,1.0,0.26,22.371045816647268,3.0,0,0,0.05242454570256072,0,0.11684553,0.2336911,0,LOW
72.0,116.27094053404788,48.22460547076928,1.0,0.0,21.78,14.835872544822193,4.0,0,0,0.08263319539438718,0,0.012940867,0.025881708,0,LOW
33.0,47.39130269920878,58.21759620626834,7.0,2.0,34.3,39.86004719171197,3.0,1,0,0.06435214544663553,1,0.9881607,0.023678541,0,LOW
56.0,108.9136195758403,42.35622530765336,10.0,1.0,93.39,24.28768205009884,5.0,1,1,-0.023826550009126035,1,0.9985267,0.0029466152,0,MEDIUM
46.0,68.86613532528762,58.97386798983671,2.0,2.0,36.14,41.52567146955873,2.0,0,0,0.12358635200249968,0,0.44885692,0.89771384,1,MEDIUM
57.0,85.68641328483784,76.10986410352294,1.0,3.0,37.76,51.97471453667252,2.0,0,0,0.052455959176777034,0,0.018881658,0.037763298,0,LOW
15.0,83.72288764889542,14.84800745913883,2.0,2.0,31.47,29.434922926214327,3.0,0,0,0.09448471372079931,0,0.042909976,0.08581996,0,LOW
57.0,115.09780247396556,11.547517326972937,11.0,1.0,51.06,25.83136887535054,5.0,1,0,0.00033439709388538574,1,0.9975357,0.004928589,0,LOW
33.0,95.38659837923984,8.770299082995491,3.0,1.0,0.0,46.42153273906607,3.0,0,0,0.07997178727992682,1,0.8692385,0.261523,0,LOW
39.0,81.42098368744081,60.49247660356569,2.0,0.0,46.13,-1.1349689928311069,4.0,0,0,0.06378180933826255,0,0.027670102,0.05534023,0,LOW
54.0,74.32419999769418,57.47894830564312,1.0,2.0,30.03,4.819848176436196,3.0,0,0,0.08919918557717216,0,0.048899632,0.09779924,0,LOW
1.0,37.30451098697782,30.688031748396615,4.0,0.0,46.48,-2.583291234501841,5.0,0,0,0.0031739484205290935,0,0.065860964,0.13172191,0,LOW
9.0,39.52430377491029,51.48735768023254,5.0,2.0,59.16,-13.682002374123412,4.0,1,0,0.009801097500815814,1,0.5001332,0.99973357,1,MEDIUM
30.0,46.06993886519061,31.17102219211875,1.0,1.0,12.55,27.20265067461368,2.0,0,0,0.11985822807664887,0,0.017646588,0.035293162,0,LOW
34.0,119.53812393464572,42.42240351947061,2.0,0.0,39.29,21.149174744560927,5.0,0,0,0.09979089886274445,0,0.008222559,0.0164451,0,LOW
36.0,49.56164411084618,10.470309265812311,1.0,2.0,41.86,38.87881961787579,1.0,0,0,0.08321349392635835,0,0.060375746,0.1207515,0,LOW
58.0,121.66251698931336,37.533007868177485,5.0,0.0,25.2,33.63098619500409,5.0,0,0,0.07244592822572277,0,0.22722377,0.4544475,0,LOW
10.0,24.82390094100133,34.22798918367896,4.0,1.0,20.99,-0.8767567318736091,3.0,0,0,0.04567693669183415,0,0.023424247,0.046848476,0,LOW
70.0,79.9794759871337,50.62691915476912,4.0,2.0,35.86,5.415101548234118,4.0,0,0,0.07222838621109612,1,0.5391589,0.92168224,1,MEDIUM
17.0,25.464781251336408,0.514466789857,5.0,3.0,30.4,14.35172302572192,2.0,0,1,-0.017218944671301917,0,0.046813592,0.093627214,0,MEDIUM
46.0,96.23156603928004,14.403174802020075,0.0,2.0,18.78,46.839885753767824,2.0,0,0,0.09782068202850708,0,0.080467075,0.16093415,0,LOW
35.0,35.40804701560571,19.33755062216327,1.0,0.0,63.86,36.92000756963788,1.0,0,0,0.07317177905154337,0,0.04053779,0.08107555,0,LOW
1.0,57.091306479205954,21.65593145000859,3.0,1.0,42.21,7.09126149302309,4.0,0,0,0.05788166501785186,0,0.027445655,0.05489129,0,LOW
1.0,44.27712219182514,4.039032026325538,4.0,3.0,26.76,11.9307427345525,3.0,0,1,-0.007803181491206845,0,0.023608433,0.047216892,0,MEDIUM
66.0,116.0146329308072,25.378123679610063,8.0,3.0,46.48,8.747360543734052,5.0,1,1,-0.02275126680217132,1,0.9387461,0.12250781,0,MEDIUM
56.0,99.2751495460672,40.31466099955436,5.0,1.0,39.88,-10.560875635813352,6.0,0,0,0.03182007063025927,0,0.1521771,0.3043542,0,LOW
70.0,55.92543137644934,77.51384198043526,1.0,1.0,11.99,59.25183087054481,1.0,1,0,0.06910900921750857,0,0.22689436,0.45378876,0,LOW
36.0,109.20591003296656,18.637192720816252,5.0,1.0,2.12,51.577580236312485,4.0,1,0,0.07369700804725438,1,0.99236053,0.015278935,0,LOW
72.0,135.37852465989027,20.500403016885816,8.0,2.0,75.83,40.721248807183976,5.0,1,1,-0.006002842965621147,1,0.9971679,0.0056642294,0,MEDIUM
72.0,86.61595648277148,60.36287110926968,4.0,2.0,16.54,35.96518711938745,3.0,0,0,0.09497824839436564,0,0.28051013,0.56102026,0,LOW
31.0,85.85925553172771,23.18138509205699,0.0,2.0,11.08,52.89565996499721,2.0,0,0,0.10042588415465137,0,0.005131491,0.010262966,0,LOW
28.0,109.54958476393512,36.15029338442719,2.0,0.0,18.25,51.51681577157681,3.0,0,0,0.10010340210443869,0,0.10160929,0.20321858,0,LOW
25.0,78.49704353354363,26.060788133734125,2.0,1.0,20.38,54.07305799977115,3.0,0,0,0.1352947146841743,0,0.4605629,0.9211258,1,MEDIUM
49.0,125.69433705337408,41.80732638319043,3.0,1.0,26.63,6.769918120900794,5.0,0,0,0.08225608696604525,0,0.021225294,0.042450607,0,LOW
1.0,33.93852034083852,38.18931660524426,2.0,1.0,25.6,0.9161080114142202,4.0,0,0,0.05320691339062855,0,0.004786321,0.009572625,0,LOW
46.0,83.90096124259095,31.97961174320161,1.0,1.0,15.14,51.108882548358096,2.0,0,0,0.12890372342238937,0,0.1851006,0.37020123,0,LOW
72.0,69.4189862943094,31.102672134477054,3.0,0.0,93.8,-10.012003731263828,3.0,1,1,-0.005963768877217168,1,0.9992605,0.0014790297,0,MEDIUM
63.0,146.9122728755558,24.606640612857777,7.0,0.0,83.11,27.453685681313583,5.0,1,1,-0.011951218546511266,1,0.9964768,0.007046342,0,MEDIUM
27.0,37.55401164988638,24.15225852921739,2.0,0.0,22.89,24.385176493111214,2.0,0,0,0.1025565033858239,0,0.0354958,0.070991576,0,LOW
63.0,148.65992932857617,35.23160288699913,2.0,1.0,28.47,40.89653226988792,5.0,0,0,0.07594575803622322,0,0.006581171,0.013162315,0,LOW
21.0,65.88296769865586,3.682169692789604,6.0,1.0,17.11,44.051906507951024,2.0,0,0,0.04804527835934891,1,0.5125654,0.97486925,1,MEDIUM
43.0,143.62474005449292,0.5015544600093508,9.0,1.0,6.93,34.08267406470172,5.0,1,1,-0.03304161249325632,1,0.80994326,0.38011348,0,MEDIUM
66.0,137.06868149692204,45.36167092586058,6.0,2.0,27.61,38.15033896673231,5.0,0,0,0.05371196866323169,0,0.052722592,0.105445206,0,LOW
72.0,87.76788209134023,67.40038167426643,2.0,1.0,10.63,29.090191546988883,3.0,0,0,0.1075587711180076,0,0.0490061,0.09801221,0,LOW
24.0,20.42658428549538,77.14594430022768,5.0,2.0,23.19,46.15673876391522,2.0,1,0,0.039313750138320835,1,0.98606956,0.02786088,0,LOW
54.0,108.90780502559136,47.95143801617935,2.0,0.0,24.73,6.457079036174619,4.0,0,0,0.08279940033129102,0,0.050021864,0.100043714,0,LOW
54.0,53.207014137226594,52.77355973195195,10.0,1.0,60.33,14.47138987178375,3.0,1,0,0.013235536424118788,1,0.9960478,0.00790441,0,LOW
23.0,96.93164970889706,5.610371084411845,1.0,1.0,40.78,51.61947357897037,3.0,0,0,0.10205178274110571,0,0.20301571,0.40603143,0,LOW
10.0,54.7989902460502,21.012646162713576,2.0,0.0,29.09,16.911692686704626,3.0,0,0,0.09028857036571514,0,0.013767691,0.027535379,0,LOW
34.0,120.46951268574011,30.48742222556158,1.0,1.0,34.13,34.454341828398974,5.0,0,0,0.11848409846834879,0,0.022122985,0.04424596,0,LOW
21.0,78.09671288991065,24.719162782394413,0.0,2.0,20.81,34.80345735818399,3.0,0,0,0.12075485153895804,0,0.012101691,0.02420336,0,LOW
31.0,66.51149866723594,34.9404275032579,10.0,1.0,27.37,48.22501577330529,4.0,1,0,0.02000823129995777,1,0.9897608,0.020478368,0,LOW
72.0,119.73799023139796,55.12379201915971,1.0,1.0,15.16,45.60110360513243,3.0,0,0,0.10130175515801282,0,0.01186604,0.023732066,0,LOW
31.0,86.34663737563638,44.05721205047878,1.0,2.0,40.37,61.773617993518016,2.0,0,0,0.1119729758381322,0,0.13934933,0.27869868,0,LOW
32.0,71.23669633843997,33.34954962407819,1.0,2.0,0.0,39.45893831847008,3.0,0,0,0.10976363203178735,0,0.04278543,0.08557087,0,LOW
1.0,33.99029061515266,14.532305295749511,6.0,1.0,34.8,-8.754089094441195,3.0,0,0,0.0003376930593039784,0,0.119772814,0.23954564,0,LOW
14.0,79.4959078485293,12.944753284561004,2.0,1.0,43.0,39.15681388959307,3.0,0,0,0.1045785852772031,0,0.14411986,0.28823972,0,LOW
43.0,65.54224560165014,47.24320840204874,5.0,1.0,25.56,28.516957543188084,3.0,1,0,0.11886715931335173,1,0.99023134,0.01953733,0,LOW
44.0,112.21385627469591,22.95230111813842,5.0,0.0,74.45,40.92280028297161,5.0,1,0,0.05681923947948753,1,0.9991375,0.0017249584,0,LOW
40.0,82.56471222112343,26.62976975428742,1.0,2.0,20.71,52.48803965661897,2.0,0,0,0.11674503726709012,0,0.14900564,0.2980113,0,LOW
50.0,143.90879448205965,10.035696357306753,8.0,2.0,33.57,54.595823202942256,5.0,1,0,0.007001860711535635,1,0.88257194,0.23485613,0,LOW
46.0,73.17054797569594,63.64028054967451,0.0,1.0,43.87,36.02198860724521,2.0,0,0,0.13304940016217687,0,0.0034180246,0.0068360567,0,LOW
34.0,85.35943736583637,25.810462043493988,1.0,1.0,30.65,48.67331507821439,2.0,0,0,0.13369236472106533,0,0.045719393,0.09143877,0,LOW
52.0,122.75126173865787,40.16988581506633,3.0,0.0,27.78,47.61398771984291,3.0,0,0,0.09756810653300324,0,0.17983864,0.3596773,0,LOW
36.0,92.135470970906,47.56683240651767,2.0,1.0,45.87,20.975472887178185,4.0,0,0,0.13356762910116,0,0.23751798,0.47503597,0,LOW
17.0,34.18078703672968,0.6234839202053476,7.0,3.0,30.4,24.35918145322721,2.0,0,1,-0.03103858724562425,0,0.18591933,0.3718387,0,MEDIUM
15.0,86.47013660387768,23.792200462981462,4.0,1.0,58.6,44.903055832811766,3.0,0,0,0.0914101172010845,1,0.8995352,0.20092964,0,LOW
10.0,58.35244412642562,43.70482937828942,4.0,1.0,0.0,22.979781386694462,4.0,0,0,0.07460776864851748,0,0.014898908,0.029797792,0,LOW
29.0,51.75003573144652,39.4493829669906,3.0,0.0,79.83,4.31967879910362,2.0,1,0,0.02497194658718238,1,0.8317998,0.3364004,0,LOW
17.0,63.85535534935696,26.775783563170336,11.0,2.0,42.32,3.5739136517680734,5.0,1,1,-0.037433103805753154,1,0.9807555,0.038488984,0,MEDIUM
40.0,126.11253455366445,41.520890419370666,3.0,1.0,34.4,38.22559932723844,5.0,0,0,0.11625496932501267,0,0.022204174,0.04440832,0,LOW
72.0,31.27169646314061,81.28876472771799,1.0,0.0,22.65,43.3838572777497,1.0,0,0,0.060660271518828635,1,0.6077397,0.7845206,1,MEDIUM
27.0,102.68338072941184,51.86807873476537,4.0,1.0,28.85,1.522896251804573,6.0,0,0,0.02800970628404198,0,0.020383231,0.040766478,0,LOW
58.0,145.84374233390386,26.561246462855294,1.0,1.0,28.56,39.41879988883413,4.0,0,0,0.08985636309727901,0,0.036128234,0.072256446,0,LOW
23.0,105.76907455070815,34.732183918293934,1.0,2.0,43.68,29.457628137290627,4.0,0,0,0.11567186891566289,0,0.0407339,0.08146781,0,LOW
15.0,63.79405580002573,11.416920332660894,3.0,1.0,1.59,20.65874306563802,3.0,0,0,0.060013165775803345,0,0.016186645,0.03237331,0,LOW
64.0,107.20712626667488,49.16838143057416,2.0,1.0,21.45,13.025721315695696,4.0,0,0,0.10863838797863368,0,0.04384155,0.08768308,0,LOW
3.0,49.941598280987286,8.60175485036323,3.0,0.0,60.61,13.320238741662184,3.0,0,0,0.02833225763331415,0,0.010848494,0.021696985,0,LOW
69.0,99.7914223171302,16.680229779292862,11.0,2.0,56.36,15.94505681172545,3.0,1,1,-0.01672713582745311,1,0.9984805,0.0030390024,0,MEDIUM
59.0,104.64991734746263,41.76606950574282,0.0,2.0,33.4,22.3944490848758,3.0,0,0,0.11195327826851159,0,0.020297676,0.040595353,0,LOW
72.0,83.91933456887634,64.72531318344016,0.0,2.0,5.16,36.36332494842573,2.0,0,0,0.07280877201244834,0,0.15185103,0.30370206,0,LOW
10.0,102.90518339701129,14.85177695897797,1.0,2.0,3.9,29.748787129929703,4.0,0,0,0.054618231656329286,0,0.004318502,0.008637011,0,LOW
69.0,74.044647286876,70.39796742518207,1.0,1.0,17.75,37.822714779495,2.0,0,0,0.11467400823362933,0,0.04341557,0.08683115,0,LOW
27.0,96.59084803770683,0.0,2.0,2.0,43.9,43.51330282333252,2.0,0,0,0.05618948090114606,0,0.2754358,0.5508716,0,LOW
67.0,68.06873696211105,63.7041877139181,2.0,1.0,31.34,14.917759651516022,2.0,0,0,0.10028039994978916,0,0.21769781,0.4353956,0,LOW
4.0,124.15353102516272,22.42292648524426,3.0,3.0,71.41,66.85288069286364,3.0,0,1,-0.011500004818078557,1,0.7408534,0.51829314,0,MEDIUM
72.0,121.94629574274931,47.021785934812726,0.0,0.0,95.51,-15.700325546352444,5.0,1,1,-0.037924016425381124,1,0.9972607,0.0054786205,0,MEDIUM
43.0,68.61130892050322,17.38125046145573,2.0,2.0,20.55,43.214362966445584,1.0,0,0,0.08421991635853521,0,0.3493431,0.6986862,1,MEDIUM
72.0,137.19814741109224,30.98724223785569,4.0,1.0,15.18,14.49089368581458,5.0,0,0,0.04672647153303755,0,0.043742582,0.087485194,0,LOW
27.0,52.73489252599565,23.08335365333901,1.0,0.0,22.89,33.91824378110055,2.0,0,0,0.11801133054365393,0,0.0067072045,0.013414383,0,LOW
53.0,99.86357200222972,39.65872185615309,1.0,1.0,37.12,32.847510704183186,2.0,0,0,0.12372729061908844,0,0.058702976,0.11740595,0,LOW
1.0,24.589580465754224,50.72172994818093,3.0,0.0,50.95,-2.5149161987209787,3.0,0,0,0.022420248157378087,0,0.044628624,0.08925724,0,LOW
72.0,58.316095691264685,82.84554068361717,1.0,0.0,11.26,36.17334655934712,1.0,0,0,0.048712217107163225,0,0.03445454,0.06890905,0,LOW
16.0,92.07130774748356,11.85922549773044,3.0,1.0,36.49,49.47785915236877,3.0,0,0,0.10069361233689783,0,0.4382663,0.8765326,1,MEDIUM
6.0,61.91878646055578,25.73779722216508,4.0,1.0,16.02,11.869405020563658,4.0,0,0,0.06446653737395858,0,0.046249975,0.09249997,0,LOW
47.0,76.00349049187449,45.64019668470529,3.0,0.0,0.0,34.69599103448757,2.0,0,0,0.07804257965328304,1,0.8589559,0.28208816,0,LOW
56.0,108.07701477013046,41.55137215929896,6.0,1.0,39.88,-10.030299359122566,6.0,0,0,0.022322670056082683,0,0.110036455,0.22007293,0,LOW
51.0,183.3426748702869,32.891580788232496,0.0,1.0,0.85,64.29320977268151,5.0,0,0,0.03512826503783706,0,0.0086834775,0.017366946,0,LOW
1.0,66.82313479314605,21.76015858684353,5.0,2.0,11.71,5.890180857060495,5.0,0,0,0.0014786360748778593,0,0.059506774,0.11901355,0,LOW
18.0,122.09338554453537,53.73655299079043,0.0,2.0,4.84,41.49542590863846,4.0,0,0,0.0795777055290452,0,0.0008083385,0.0016166568,0,LOW
1.0,29.81373265255884,27.458578022976635,8.0,0.0,5.32,2.9095030703979274,4.0,0,1,-0.03830585477320558,0,0.039769996,0.079540014,0,MEDIUM
47.0,174.8240279417052,18.830337373149757,0.0,2.0,20.61,52.88714334156044,6.0,0,0,0.026800540163341546,0,0.018654047,0.037308097,0,LOW
21.0,60.62196562420309,12.028122588665914,4.0,2.0,33.73,27.31241327703192,2.0,0,0,0.0735672178534445,0,0.39458564,0.7891713,1,MEDIUM
62.0,96.23636495370296,55.320248911271726,3.0,0.0,21.54,37.01459234770435,3.0,0,0,0.10707344683291631,0,0.23503645,0.47007287,0,LOW
41.0,96.7333742031166,41.73347534097694,0.0,1.0,30.16,81.67520996758013,2.0,0,0,0.10481580637992693,0,0.008117323,0.016234636,0,LOW
19.0,95.70190008759091,27.003215577866467,2.0,1.0,33.35,37.6446036458594,3.0,0,0,0.12705212259617948,0,0.05581551,0.111631036,0,LOW
71.0,127.29089754095764,0.0,8.0,1.0,49.06,32.00211113917606,5.0,1,1,-0.0014719832663196986,1,0.9913071,0.01738584,0,MEDIUM
63.0,137.5164898853991,38.42550077061949,5.0,1.0,28.92,38.26891676161961,5.0,0,0,0.0755780831816335,0,0.108038165,0.21607631,0,LOW
55.0,88.82120516248028,11.970312994165656,2.0,3.0,24.36,67.04220483461728,1.0,0,0,0.015936576313752338,1,0.7742267,0.45154655,0,LOW
72.0,86.55915956403258,72.29280646396997,0.0,1.0,4.41,54.55811705279541,1.0,0,0,0.06318020035977534,0,0.17957778,0.35915554,0,LOW
43.0,132.87135999388667,34.45379184657209,2.0,0.0,37.93,68.34466274038355,3.0,0,0,0.09050001604508318,0,0.285035,0.57007,0,LOW
72.0,69.93428435276763,69.1396411556791,5.0,1.0,0.26,6.921639236056578,3.0,0,0,0.04031259906101181,1,0.7135107,0.5729786,0,LOW
72.0,76.57781338096055,32.910797993910045,10.0,1.0,60.5,-6.021472028191662,4.0,1,1,-0.02062017519437187,1,0.9982151,0.0035698414,0,MEDIUM
72.0,116.59953550931712,51.84640573805348,4.0,1.0,21.73,28.214402295895365,4.0,0,0,0.1001861440683609,0,0.026139975,0.05227995,0,LOW
17.0,52.188381439717965,30.15824563159821,9.0,2.0,42.32,-2.9694955345501057,5.0,1,1,-0.04086773458919135,1,0.9733632,0.05327356,0,MEDIUM
7.0,50.87916565787276,27.557782482988458,3.0,0.0,34.63,20.5319262344083,3.0,0,0,0.09680942823241956,0,0.017149642,0.034299254,0,LOW
48.0,107.19232458028488,21.190983023095384,10.0,2.0,49.79,5.718475509807427,6.0,1,1,-0.034563358904798336,1,0.9902608,0.01947844,0,MEDIUM
1.0,40.15460459371453,36.1525946657729,2.0,1.0,67.38,-9.796219646642191,5.0,0,0,0.014290021885310034,0,0.0068145827,0.0136291385,0,LOW
49.0,61.28549257773141,38.13896883269064,7.0,1.0,32.49,23.33628916164032,3.0,1,0,0.0847700646242075,1,0.9846497,0.030700564,0,LOW
56.0,154.78209316378698,38.22152822822094,3.0,0.0,25.11,55.48472186915772,4.0,0,0,0.05297456101607001,0,0.03140112,0.062802255,0,LOW
41.0,81.49815732148326,39.02214331958399,0.0,1.0,32.7,45.27804457610104,2.0,0,0,0.14658455690833333,0,0.0129765775,0.025953174,0,LOW
34.0,83.21122153358661,43.181839387764846,3.0,1.0,44.2,32.75655021499451,3.0,0,0,0.1333802317081914,1,0.94493455,0.110130906,0,LOW
19.0,73.62350712133774,3.5210648846611967,1.0,1.0,79.33,42.453622894982,2.0,0,0,0.061245351581402985,0,0.007287294,0.014574587,0,LOW
52.0,74.6935879253248,44.312382580679085,5.0,0.0,16.58,37.74626858346572,3.0,1,0,0.10049130951098262,1,0.9929282,0.014143586,0,LOW
48.0,98.08007992589744,54.94123868040545,2.0,1.0,17.28,8.891133149637152,5.0,0,0,0.09171055117703786,0,0.011224904,0.022449791,0,LOW
49.0,133.8305457367516,33.70944385879763,1.0,2.0,38.09,36.61842159598397,5.0,0,0,0.1042493147881125,0,0.020270135,0.040540278,0,LOW
45.0,133.09935056026012,41.22655367979626,1.0,0.0,43.75,61.90000757132911,3.0,0,0,0.09512640158989377,0,0.12654863,0.2530973,0,LOW
54.0,84.47908338667746,29.855827788275207,8.0,0.0,45.31,-2.1840630497627758,5.0,1,0,0.006330062805309455,1,0.9903482,0.01930356,0,LOW
44.0,84.95920999847236,25.29861850361926,10.0,2.0,43.45,12.676075058755933,5.0,1,1,-0.0024786286218744236,1,0.9972862,0.005427599,0,MEDIUM
21.0,85.29436576954221,31.46515859989008,2.0,2.0,0.0,35.70327615955887,4.0,0,0,0.09460955261040366,0,0.015829084,0.031658173,0,LOW
15.0,145.81152085677195,31.26417777827968,1.0,2.0,40.48,49.71310474360881,5.0,0,0,0.0672733300923154,0,0.0038952834,0.0077905655,0,LOW
72.0,93.90047346686696,73.88336923787895,4.0,1.0,28.6,41.78177598565416,2.0,0,0,0.08699415430903801,0,0.04499302,0.08998603,0,LOW
28.0,133.60732298229888,41.29076138888187,1.0,2.0,42.19,45.10414524219728,4.0,0,0,0.10695803147859545,0,0.0254738,0.050947607,0,LOW
37.0,42.59744342175492,56.1258028707912,10.0,1.0,61.46,7.433788893826259,4.0,1,1,-0.009994468300420167,1,0.99594635,0.008107305,0,MEDIUM
42.0,127.24468438884784,43.59702283677913,0.0,1.0,39.54,45.46302699502356,4.0,0,0,0.13642330793410623,0,0.0062337904,0.012467563,0,LOW
22.0,56.482132189834495,9.21956506876774,1.0,1.0,59.81,39.213364309343234,2.0,0,0,0.09819482014991965,0,0.006732402,0.013464808,0,LOW
15.0,59.65071648259549,13.689875591328706,2.0,1.0,48.99,30.500047093936832,2.0,0,0,0.09322606438197284,0,0.015645111,0.031290233,0,LOW
72.0,42.54875345506952,80.12176903681487,1.0,0.0,23.65,29.17094319064313,1.0,0,0,0.05917334128581303,0,0.24694602,0.49389207,0,LOW
72.0,142.06205695175032,58.536182000204136,6.0,0.0,7.45,39.4333455580073,5.0,0,0,0.00851205344638184,0,0.0057777944,0.011555612,0,LOW
1.0,25.86387789278691,14.714444620009903,5.0,2.0,36.91,-4.5054325416960985,4.0,0,1,-0.0021171120290660594,0,0.2034276,0.40685523,0,MEDIUM
40.0,84.23812376840061,37.28955036088864,2.0,1.0,58.47,9.672084805418514,3.0,0,0,0.09716013706851911,1,0.9210282,0.1579436,0,LOW
26.0,100.6200776946031,7.406224485426365,3.0,2.0,36.41,45.28474605560385,2.0,0,0,0.06081115100626083,0,0.44933105,0.8986621,1,MEDIUM
52.0,97.03718252587558,46.17738728686514,0.0,1.0,46.49,51.07635636701752,2.0,0,0,0.12918861293777306,0,0.008679272,0.017358541,0,LOW
10.0,44.041294577705735,15.114533978455071,7.0,2.0,25.28,3.4408936818222067,3.0,0,1,-0.0023929892154231913,0,0.3097739,0.6195478,1,HIGH
72.0,107.12969768241736,75.29747125406813,5.0,1.0,0.0,35.7924661496114,3.0,0,0,0.046070548737079386,0,0.09181061,0.18362123,0,LOW
54.0,48.176235973227264,80.63281122878841,0.0,1.0,41.05,21.05515751304248,1.0,0,0,0.07982250124937074,0,0.011102829,0.02220565,0,LOW
59.0,66.41533961386106,69.7846261958276,6.0,0.0,33.54,-9.101506883497423,5.0,0,0,0.010822088051691492,0,0.33349395,0.6669879,1,MEDIUM
59.0,147.7502801818752,39.127557103238274,5.0,0.0,100.0,49.05293150595999,4.0,1,1,-0.0019252372351236113,1,0.99015594,0.01968813,0,MEDIUM
23.0,140.46466781540127,33.62503377264203,2.0,2.0,55.1,71.64254831873197,4.0,0,0,0.06327566525642231,0,0.20963497,0.41926992,0,LOW
3.0,68.70823728095925,18.221334058337824,1.0,1.0,44.74,17.88743196803589,4.0,0,0,0.0803096247740589,0,0.012633517,0.025267005,0,LOW
50.0,60.52574984303155,15.227581261802667,2.0,2.0,38.83,50.62513254172971,1.0,0,0,0.08271572685113948,0,0.34366134,0.6873227,1,MEDIUM
63.0,114.99167123558952,40.39352231801186,2.0,0.0,100.0,7.175078667792977,4.0,1,0,0.006650593912551295,1,0.99472505,0.010549903,0,LOW
42.0,102.8839244125422,49.00489891851034,7.0,1.0,47.67,16.63808639859501,4.0,0,0,0.06743747778482395,1,0.6444444,0.7111112,1,MEDIUM
39.0,114.9069729081896,19.684423213083235,2.0,1.0,48.35,37.95238162396699,4.0,1,0,0.1176440348159381,1,0.94376874,0.11246252,0,LOW
71.0,42.49700827533745,65.39316675589836,3.0,3.0,32.07,24.329712371441502,1.0,1,0,0.018341857652229954,1,0.75610185,0.4877963,0,LOW
27.0,56.13303302907382,28.950338415138823,1.0,1.0,17.88,38.139330463514725,2.0,0,0,0.13384362105640701,0,0.0060673803,0.01213479,0,LOW
27.0,39.46738604226648,32.52503440888873,4.0,2.0,0.0,33.64246471205062,2.0,0,0,0.06531487581205075,0,0.19109507,0.3821901,0,LOW
21.0,92.07765209621608,15.223481108836143,0.0,1.0,38.05,45.92103485354796,3.0,0,0,0.13316844358188684,0,0.031135371,0.06227076,0,LOW
14.0,34.647737847616,61.919379794215935,0.0,1.0,14.13,31.931559212661973,2.0,1,0,0.09776622213661068,0,0.0124770785,0.02495414,0,LOW
7.0,47.75528928767824,7.457283176205474,5.0,1.0,48.02,15.604478882536029,3.0,0,0,0.044554918732779614,0,0.09361054,0.18722105,0,LOW
1.0,30.881528001532395,26.17533687145004,9.0,1.0,0.0,-4.857992727699132,5.0,0,1,-0.06809351339433456,0,0.02333305,0.046666086,0,MEDIUM
1.0,82.61974738076864,18.95361910143773,2.0,0.0,26.52,9.456277353881728,5.0,0,0,0.03237814465979583,0,0.009405057,0.018810093,0,LOW
25.0,88.4218686479946,31.584868217287,1.0,0.0,46.0,40.459488388147776,2.0,0,0,0.11098356340590987,0,0.030473271,0.060946524,0,LOW
53.0,86.89449120926568,43.65760950732103,2.0,1.0,39.06,30.29467770137273,3.0,0,0,0.14238608010875542,1,0.65201294,0.6959741,1,MEDIUM
6.0,53.852626422772445,13.632190294168076,0.0,1.0,94.08,29.45102421806586,2.0,0,0,0.027685267299568883,0,0.0017603457,0.0035206676,0,LOW
4.0,33.69163765939834,29.46194697764445,2.0,1.0,84.62,25.666223780554468,2.0,0,0,0.05651601888620439,0,0.0023630667,0.004726112,0,LOW
56.0,143.6531257974969,45.60754230186375,0.0,0.0,12.25,36.63006821328761,5.0,0,0,0.051997017723362404,0,0.0042399177,0.008479834,0,LOW
67.0,65.87736456031436,52.13684068290019,7.0,0.0,22.98,32.484160233687604,3.0,1,0,0.06428021209925228,1,0.99032915,0.019341707,0,LOW
45.0,26.50574663537225,60.203550454065926,4.0,1.0,41.13,40.94122230625577,1.0,1,0,0.08024462561162715,1,0.9704589,0.05908215,0,LOW
38.0,64.2775147475537,32.749434476800154,1.0,3.0,45.26,11.2165899115723,3.0,1,0,0.05646415984395314,1,0.7077505,0.584499,0,LOW
18.0,56.40898094518673,2.4207255096296056,1.0,0.0,32.29,34.223009394930145,2.0,0,0,0.08104444848869363,0,0.0031535116,0.006307006,0,LOW
31.0,77.62370511795777,15.05955897053836,1.0,4.0,23.09,47.06825575081644,2.0,0,0,0.022482695789248552,0,0.021092614,0.042185247,0,LOW
41.0,107.10087671783708,38.316532225514784,0.0,2.0,39.58,29.38974123023659,3.0,0,0,0.12364195090103641,0,0.020881051,0.041762114,0,LOW
1.0,40.13738045299586,19.395885237456387,4.0,1.0,39.53,-10.074723017915504,4.0,0,0,0.027671763891816803,0,0.2678766,0.5357532,0,LOW
27.0,36.53436588826984,28.587382456909825,1.0,0.0,22.89,28.299206559100448,2.0,0,0,0.11168756150066689,0,0.009269366,0.018538713,0,LOW
43.0,96.89093861752664,45.98358185988661,2.0,1.0,44.97,39.07867189981364,3.0,0,0,0.14067187797318675,0,0.47822806,0.9564561,1,MEDIUM
23.0,172.68381521546274,18.89582206847373,1.0,1.0,42.41,25.92902465699839,7.0,0,0,0.010107519977835988,0,0.0019946215,0.0039892197,0,LOW
31.0,52.34220194405613,14.532176830922827,2.0,0.0,30.2,52.87275049968464,2.0,0,0,0.10671208786246117,0,0.16525538,0.33051074,0,LOW
20.0,88.49880130170908,18.8490261716614,2.0,1.0,5.04,46.361260192238106,3.0,1,0,0.10510369963686145,0,0.018868081,0.037736177,0,LOW
3.0,25.287908634857093,26.043913047316742,6.0,2.0,11.11,-0.576315857109325,3.0,0,1,-0.02130840144801527,0,0.03134454,0.062689066,0,MEDIUM
57.0,106.1418230305094,28.01845853379391,4.0,1.0,12.41,64.10706785225894,1.0,0,0,0.043686705831900485,1,0.8756246,0.2487508,0,LOW
64.0,163.4685990983443,1.3023205050268425,7.0,1.0,38.84,36.64627205661844,5.0,1,1,-0.007594065221097734,1,0.7573219,0.4853562,0,MEDIUM
72.0,23.91442020694263,76.2876735599559,1.0,2.0,87.22,27.466636276766216,1.0,1,0,0.008518046840792826,1,0.9954997,0.009000659,0,LOW
58.0,126.90108417145372,36.67018890508566,2.0,1.0,27.49,13.078125433462631,5.0,0,0,0.08606010266735326,0,0.0153661,0.030732214,0,LOW
38.0,97.2164267841053,38.31719826134902,1.0,1.0,61.03,32.16228452117164,3.0,1,0,0.12741966599320803,1,0.8202675,0.359465,0,LOW
32.0,103.3825708058077,45.65036659398635,4.0,2.0,55.49,23.842037437102928,4.0,0,0,0.09046500479681135,1,0.7978703,0.40425944,0,LOW
53.0,125.68372809392378,12.747875857039624,7.0,2.0,25.02,50.888974755148574,4.0,1,0,0.046406159733290764,1,0.9899503,0.020099401,0,LOW
52.0,53.93567147713762,12.391642233890073,5.0,1.0,0.0,46.70527119479392,1.0,0,0,0.04114124199345659,1,0.64510244,0.7097951,1,MEDIUM
28.0,74.25335448872002,32.18072247313346,2.0,1.0,0.0,36.055033096087335,3.0,0,0,0.1148671849952761,0,0.045658465,0.09131694,0,LOW
62.0,104.11132272890192,33.09703921904571,3.0,2.0,37.06,11.0410794582531,4.0,0,0,0.08353626385365304,0,0.25307786,0.5061557,0,LOW
21.0,97.80335045936226,31.216441510322664,4.0,2.0,0.0,30.727154787393214,4.0,0,0,0.0638023623647494,0,0.28922954,0.5784591,0,LOW
13.0,38.41748007917144,13.307507494587808,2.0,3.0,57.15,18.533795916608263,2.0,0,0,0.022466530639799864,0,0.011881,0.023761988,0,LOW
41.0,102.19514124110977,52.79539194399659,2.0,2.0,36.31,82.11476021823297,2.0,0,0,0.07457853689171384,1,0.5054804,0.9890392,1,MEDIUM
72.0,135.23409371511102,52.570264247062745,3.0,2.0,8.89,43.88243509125366,3.0,0,0,0.05997753324876315,0,0.05645143,0.11290288,0,LOW
1.0,70.67298761684694,52.39261090925546,2.0,2.0,28.14,9.257970823750412,5.0,0,0,0.042322435651696244,0,0.010692134,0.02138424,0,LOW
28.0,59.45865489717693,44.81024853175662,6.0,2.0,31.35,39.12123036241867,3.0,1,0,0.0831801636610211,1,0.9453214,0.10935724,0,LOW
1.0,40.65654333041491,9.707661123782234,6.0,1.0,14.35,0.546470726245861,4.0,0,1,-0.012604008554408241,0,0.11690588,0.23381174,0,MEDIUM
71.0,131.89317978218904,7.977677686554939,9.0,1.0,54.24,29.68116123266043,4.0,1,1,-0.010492953431863739,1,0.9977163,0.0045673847,0,MEDIUM
22.0,125.61491745142038,28.113661145601405,1.0,0.0,9.46,49.71725064703601,4.0,0,0,0.07919269218605768,0,0.006219347,0.0124387145,0,LOW
55.0,43.89255225670705,39.84195567282031,4.0,2.0,44.38,28.868258980191936,2.0,1,0,0.09094211981432787,1,0.96120983,0.07758033,0,LOW
66.0,87.78182948033039,53.09857720887576,3.0,1.0,43.04,1.0341050025816385,4.0,0,0,0.082302655585334,0,0.13503498,0.27006996,0,LOW
16.0,39.0980293334644,44.19717713713492,1.0,0.0,49.49,20.39241022835999,2.0,0,0,0.08739363094509695,0,0.028187502,0.056375027,0,LOW
1.0,38.37430620060705,48.319171191339656,4.0,0.0,50.95,-4.785452204119785,3.0,0,0,0.02136366161049652,0,0.14042448,0.28084898,0,LOW
72.0,82.62095251376898,42.44074833855942,2.0,1.0,100.0,19.718561537156692,3.0,1,0,0.042759497017103354,1,0.99846077,0.0030784607,0,LOW
13.0,48.39331506942656,26.499097204627898,2.0,1.0,23.79,25.521934455284978,3.0,0,0,0.126665782185634,0,0.017089834,0.034179688,0,LOW
51.0,125.6278880628217,54.60764400678453,1.0,1.0,14.8,33.46355971359266,4.0,0,0,0.11194663347749967,0,0.007703086,0.015406191,0,LOW
27.0,41.93559199491506,8.651258134189385,0.0,1.0,65.35,21.69647457900259,1.0,0,0,0.05665486643500295,0,0.0036468012,0.007293582,0,LOW
43.0,118.34714091282576,41.63742577870673,1.0,1.0,24.38,35.799194421490384,4.0,0,0,0.1379755992261803,0,0.016590213,0.033180416,0,LOW
38.0,113.6408233370064,5.842818456948451,10.0,0.0,30.04,26.46423055901324,5.0,1,1,-0.006699836164486883,1,0.9881544,0.023691177,0,MEDIUM
1.0,38.01239372413704,21.46068488497133,6.0,0.0,28.33,-2.265850896130484,3.0,0,1,-0.007210435268874438,0,0.14178143,0.2835629,0,MEDIUM
37.0,133.69363192162712,26.85535358735254,1.0,0.0,41.49,24.342286050846827,5.0,0,0,0.08728716401929254,0,0.049146105,0.09829223,0,LOW
16.0,31.248614307848705,30.053710825941003,4.0,2.0,36.37,21.7044896270687,2.0,0,0,0.07524407808520839,0,0.15822054,0.31644106,0,LOW
44.0,93.57715225028876,0.3469225327974369,2.0,2.0,40.58,57.27940147262191,1.0,0,0,0.04547643594867268,1,0.78016305,0.4396739,0,LOW
22.0,58.06752095940602,20.290792513065448,5.0,1.0,1.49,24.70797772056701,3.0,0,0,0.07036239057463245,1,0.62875146,0.7424971,1,MEDIUM
61.0,102.79797658422837,23.79778485852446,6.0,1.0,82.16,34.14543889802486,4.0,1,0,0.060080784218206784,1,0.9994931,0.0010137558,0,LOW
20.0,63.22842142162193,14.21203058523313,0.0,0.0,34.25,32.9771363085691,2.0,0,0,0.11034518606512345,0,0.0038568235,0.0077136755,0,LOW
53.0,109.90858128879576,56.4142467617488,3.0,1.0,29.32,25.65060066929663,4.0,0,0,0.1256585446426186,0,0.016969418,0.033938825,0,LOW
49.0,120.7966820638236,3.647155771345683,5.0,2.0,30.17,37.90581692195517,4.0,1,0,0.05056358753975798,1,0.9798971,0.040205836,0,LOW
8.0,42.922308904356896,24.47221869464825,2.0,0.0,53.46,29.12333076111514,2.0,0,0,0.08315789654845762,0,0.005206549,0.01041311,0,LOW
1.0,49.35432385719974,22.89589003629072,3.0,1.0,42.21,14.30500897955414,4.0,0,0,0.073363905640206,0,0.020185437,0.04037088,0,LOW
15.0,115.721980382854,27.53935191925875,1.0,1.0,15.25,61.17034631193043,4.0,0,0,0.0943142991578842,0,0.077417776,0.15483558,0,LOW
41.0,89.83619166713335,38.58930610877339,0.0,0.0,53.48,5.663533938107122,4.0,0,0,0.07649589006043878,0,0.17686719,0.35373437,0,LOW
1.0,70.07476235594221,23.98637533941798,2.0,1.0,35.18,18.912802015648182,4.0,0,0,0.08654149730269184,0,0.016338082,0.03267616,0,LOW
44.0,58.01436441991213,52.26806300547669,10.0,1.0,51.06,46.06933029317461,2.0,1,0,0.017446184557036615,1,0.98190147,0.036197066,0,LOW
1.0,60.05019514464734,19.64428828357214,3.0,1.0,27.05,-1.2603807755300735,5.0,0,0,0.020786562798600805,0,0.029373202,0.058746397,0,LOW
61.0,101.43619147351886,24.892343073003182,7.0,3.0,88.13,20.43144581285929,3.0,1,1,-0.013528661192447222,1,0.9995214,0.0009572506,0,MEDIUM
37.0,44.19987163366992,17.574519616277875,2.0,2.0,4.02,31.73581273016715,2.0,0,0,0.08061942112040604,0,0.16892426,0.33784854,0,LOW
16.0,80.58998521734514,0.0,2.0,0.0,79.15,38.757623049670414,2.0,0,0,0.026907778843739405,0,0.0155235585,0.031047106,0,LOW
8.0,65.6255294021285,23.572254809829808,1.0,2.0,35.64,35.21330810482599,3.0,0,0,0.11052608603682679,0,0.034799784,0.06959957,0,LOW
53.0,78.16443640434454,28.13154641352676,4.0,1.0,43.39,60.03943069363714,1.0,0,0,0.07649202066601762,1,0.9760143,0.047971368,0,LOW
60.0,143.70090733348846,28.08844769702652,5.0,1.0,93.82,40.45018197837145,5.0,1,0,0.018203368836009926,1,0.9973003,0.0053993464,0,LOW
30.0,93.86643694608954,30.70120878381627,0.0,1.0,27.94,50.84826103317513,2.0,0,0,0.1357958450534304,0,0.0061327824,0.012265563,0,LOW
20.0,18.74790069501393,52.37679550754691,1.0,0.0,27.44,8.830690904643252,2.0,0,0,0.05954960339035614,0,0.038825035,0.07765007,0,LOW
51.0,137.19300444341135,8.719591134139705,6.0,3.0,39.51,60.04089745901181,5.0,1,1,-0.009020470519302104,1,0.9825402,0.03491962,0,MEDIUM
18.0,115.0819984669708,34.54893227090088,0.0,1.0,45.48,24.887947997906448,4.0,0,0,0.11112303745554347,0,0.0013289675,0.00265795,0,LOW
61.0,46.573039971021714,24.427804021714664,9.0,2.0,93.68,12.26577919957096,3.0,1,1,-0.0402480840124283,1,0.9994326,0.0011347532,0,MEDIUM
26.0,161.10505600585736,18.962989568172883,1.0,3.0,35.52,41.91530969003677,5.0,0,0,0.012928769067006907,0,0.0100155,0.020030975,0,LOW
51.0,65.69918845741209,21.22229745794587,0.0,1.0,29.2,49.78059946567976,1.0,0,0,0.1154877944718159,0,0.01770792,0.03541583,0,LOW
23.0,73.58040400946769,29.50972458653116,0.0,0.0,41.76,32.19744834545713,2.0,0,0,0.11506478976359813,0,0.0019158206,0.003831625,0,LOW
72.0,99.28492899909568,39.84512637475999,3.0,0.0,22.84,19.44471607736421,3.0,0,0,0.08766680463061882,0,0.19660458,0.39320916,0,LOW
32.0,96.40297624462168,34.12972039670922,10.0,0.0,14.09,22.1516082190846,5.0,1,1,-0.0006058562763151532,1,0.848806,0.30238795,0,MEDIUM
72.0,50.345176873712575,44.1504044077751,3.0,1.0,54.36,9.273079867338552,2.0,1,0,0.06411093507937055,1,0.9846198,0.030760407,0,LOW
15.0,83.36804059070357,27.96199196320867,0.0,1.0,58.6,43.01688310069476,3.0,0,0,0.12562016436266338,0,0.0043271137,0.008654237,0,LOW
1.0,66.04074339793752,18.797798477547484,0.0,2.0,89.58,33.898217809272055,3.0,0,0,0.03568360113525482,0,0.043295767,0.08659154,0,LOW
26.0,115.8607475571532,64.27704888629154,1.0,1.0,32.39,38.35642148970799,4.0,0,0,0.11908401397815982,0,0.0020938264,0.0041876435,0,LOW
51.0,116.98203716100156,47.96753180920011,0.0,1.0,14.8,37.87136048013996,4.0,0,0,0.12309957730111193,0,0.023854597,0.047709167,0,LOW
64.0,139.29861160176694,28.668403864968376,8.0,0.0,30.53,-17.688374187833496,7.0,0,1,-0.05534213423289858,0,0.04296367,0.08592737,0,MEDIUM
68.0,104.59715333226964,61.90118105197679,0.0,0.0,22.53,44.96499543650087,3.0,0,0,0.11584049192450924,0,0.0025826835,0.0051653385,0,LOW
38.0,143.58533317075705,16.33695269180986,0.0,0.0,0.0,57.20365549770696,3.0,0,0,0.04845917482404116,0,0.041074753,0.082149506,0,LOW
50.0,159.9841183355994,15.83466069637127,2.0,3.0,76.2,61.6050529612077,4.0,1,1,-0.022493675570173566,1,0.9885612,0.022877574,0,MEDIUM
52.0,75.45789824888539,45.55940893879639,5.0,0.0,16.58,41.53992629370968,3.0,1,0,0.10044742596580886,1,0.9932939,0.013412237,0,LOW
25.0,129.49647789486949,0.0,6.0,1.0,31.12,57.73436092575166,4.0,1,0,0.025420057225602588,1,0.9485711,0.10285783,0,LOW
12.0,42.782532949484974,26.277074512567467,1.0,1.0,47.08,24.290399728222305,2.0,0,0,0.1085531936132011,0,0.011338786,0.0226776,0,LOW
53.0,65.70031348541005,18.465410914552447,3.0,1.0,55.99,28.55212493072317,3.0,1,0,0.11464945380736802,1,0.99698585,0.0060282946,0,LOW
10.0,60.755401766528266,23.519235887895068,3.0,0.0,0.09,10.417147310703108,4.0,0,0,0.03892361607856176,0,0.0052448837,0.010489762,0,LOW
37.0,78.18947113914501,44.55609584395342,1.0,1.0,44.93,19.10807956218753,4.0,0,0,0.13482238941358748,0,0.18531173,0.37062347,0,LOW
72.0,62.2000817972109,65.61146831009756,5.0,0.0,24.22,-19.913049055134618,3.0,0,0,0.03043018876481951,1,0.59569705,0.8086059,1,MEDIUM
14.0,139.8339793127232,25.416869951513597,3.0,0.0,52.9,19.53477299412844,5.0,0,0,0.04049899933397383,0,0.015006231,0.030012488,0,LOW
67.0,65.44357400178595,48.120526188380914,4.0,0.0,22.98,44.66200350361084,3.0,1,0,0.10972161665482938,1,0.9908818,0.018236399,0,LOW
62.0,77.71309653800147,57.19943623313364,2.0,2.0,32.13,29.852124990310507,3.0,0,0,0.12905599846346988,0,0.18195935,0.36391866,0,LOW
6.0,162.43976915984857,12.295861656048915,0.0,1.0,57.57,40.06051780804093,6.0,0,0,0.0019204890569409772,0,0.0005157745,0.0010315776,0,LOW
44.0,148.82313351807682,25.085463600891813,0.0,2.0,23.49,16.57047119649559,5.0,0,0,0.04493550328756968,0,0.014244129,0.028488278,0,LOW
39.0,117.1128289012781,38.50136574127848,2.0,1.0,31.08,52.415164942821455,3.0,0,0,0.12779989721598606,0,0.23830886,0.4766177,0,LOW
16.0,81.31636473229904,19.00135805800223,3.0,1.0,20.78,37.69108305304377,3.0,0,0,0.10768216707379796,0,0.10680102,0.21360207,0,LOW
52.0,42.80200564920808,11.941804765298857,1.0,1.0,0.0,54.84057776629313,1.0,0,0,0.05884943543218479,0,0.028652815,0.057305634,0,LOW
19.0,115.0757137547487,33.84826362285071,1.0,1.0,54.64,35.53170383685992,4.0,0,0,0.11934933030926087,0,0.016998013,0.033996046,0,LOW
16.0,80.57918097285932,15.172786800185287,1.0,0.0,62.95,41.01300782372184,2.0,0,0,0.07118569436205946,0,0.011191811,0.02238363,0,LOW
43.0,73.42327585915473,19.29880668242229,2.0,1.0,45.81,56.66811980912581,1.0,0,0,0.09330136963415353,1,0.650934,0.69813204,1,MEDIUM
12.0,28.115285104701314,32.201049875099066,0.0,1.0,60.74,25.619875462318745,2.0,0,0,0.09661921991429034,0,0.0016872776,0.0033745766,0,LOW
72.0,112.482995805007,55.019692044784335,5.0,1.0,0.0,26.095648842249417,3.0,0,0,0.04730159025147662,0,0.15061036,0.30122072,0,LOW
36.0,24.26410486276964,63.869014003202174,8.0,2.0,54.29,13.1575684086303,3.0,1,0,0.007787503305219046,1,0.98642284,0.027154326,0,LOW
39.0,157.2322858394017,25.46790399577413,4.0,2.0,28.07,31.146231324527484,6.0,0,0,0.02731392265225252,0,0.010362771,0.020725548,0,LOW
25.0,35.78045549416759,26.65498656965083,2.0,3.0,11.24,19.392983083757656,2.0,0,0,0.03817354872877854,0,0.01753907,0.035078168,0,LOW
9.0,65.09596595440078,22.583192181810084,2.0,3.0,42.11,31.208685497762765,3.0,0,0,0.057095932035809094,0,0.028746132,0.057492256,0,LOW
15.0,75.47818914462933,18.319033831136924,1.0,2.0,31.47,38.73546690302629,3.0,0,0,0.11898801533800196,0,0.033979863,0.067959726,0,LOW
72.0,127.35972919221248,16.957531000444703,11.0,0.0,67.23,4.259233070939569,6.0,1,1,-0.06475404587140243,1,0.99328965,0.013420701,0,MEDIUM
71.0,148.86568855181235,27.27047011620462,1.0,1.0,92.03,27.8837843303314,4.0,1,0,0.020789863483806514,1,0.99661046,0.0067790747,0,LOW
60.0,142.24863594053963,25.611836587939173,2.0,1.0,93.82,35.42089243975669,5.0,1,0,0.021682907061490564,1,0.99467295,0.010654092,0,LOW
56.0,93.84027165069512,3.9789913310076392,9.0,2.0,30.97,30.317849480084888,4.0,1,0,0.0025361335965898846,1,0.993568,0.012863994,0,LOW
45.0,92.60647229601578,25.6299791965916,1.0,2.0,87.75,44.41708686811511,2.0,1,0,0.06837911618069681,1,0.99031854,0.019362926,0,LOW
1.0,49.0672734471802,41.93604832278479,3.0,1.0,39.9,14.047136652369709,4.0,0,0,0.08528169416785802,0,0.008154798,0.016309619,0,LOW
52.0,116.28055521960148,4.98777179202875,0.0,0.0,38.97,81.11224577837233,1.0,0,0,0.019037714593878374,0,0.03792045,0.07584089,0,LOW
64.0,111.67053198759749,44.13808144182097,1.0,1.0,21.45,15.597837778545273,4.0,0,0,0.11067884093106611,0,0.045185987,0.09037197,0,LOW
8.0,74.49017979778675,56.14103816221031,6.0,1.0,0.0,28.089422732503863,4.0,0,0,0.041174554886372006,0,0.29963052,0.59926105,0,LOW
46.0,161.30950682889278,21.46135835997887,3.0,2.0,36.97,19.46273276793772,6.0,0,0,0.022583229229172552,0,0.007067157,0.014134288,0,LOW
16.0,84.4072305103519,9.205773420093507,1.0,1.0,46.7,30.449869524979576,3.0,0,0,0.09536857619799277,0,0.096926495,0.19385302,0,LOW
20.0,93.67243301365104,17.78391270245776,7.0,2.0,25.27,41.9199150785787,4.0,1,0,0.05296055800695154,1,0.9852328,0.02953446,0,LOW
23.0,89.40881781110548,48.88408483733615,4.0,0.0,0.0,41.78917690380132,3.0,0,0,0.06645835894735802,0,0.36799583,0.73599166,1,MEDIUM
34.0,60.68367512904833,59.70835294227832,3.0,1.0,29.2,36.67889917990584,3.0,1,0,0.13661415941524835,1,0.86156553,0.27686894,0,LOW
6.0,157.9212018824064,11.35493875520239,1.0,1.0,57.57,47.36433685150436,6.0,0,0,0.0033450477726010286,0,0.0016451073,0.003290236,0,LOW
47.0,32.13224385379225,47.99096757433952,8.0,1.0,80.04,-2.049305937536157,3.0,1,1,-0.008846395297729459,1,0.9989517,0.002096653,0,MEDIUM
72.0,38.02768153388793,6.942417685203763,1.0,2.0,27.89,57.42488378292735,1.0,0,0,0.03400296794341651,0,0.23786964,0.47573924,0,LOW
64.0,56.696586305119645,39.520579550856304,8.0,0.0,59.48,-3.6517348989996448,4.0,1,1,-0.005375518937413726,1,0.99714077,0.0057184696,0,MEDIUM
5.0,77.10405568891656,55.582586180054754,4.0,3.0,26.64,36.89375094114805,4.0,0,0,0.04594418327487504,1,0.52213854,0.9557229,1,MEDIUM
68.0,121.35298727820036,17.57891691147268,5.0,2.0,60.38,23.713259420987583,5.0,1,0,0.03766551019896758,1,0.9957871,0.008425832,0,LOW
56.0,107.6758235759808,9.574767269792494,5.0,3.0,27.27,16.279833160300292,3.0,1,0,0.006998429917164373,1,0.9901406,0.019718766,0,LOW
61.0,104.80005673862952,39.2562420258763,5.0,1.0,0.0,49.27867141074161,3.0,1,0,0.0754651911492688,1,0.9681474,0.063705206,0,LOW
54.0,32.117995624949174,86.54953175660481,0.0,0.0,44.61,34.044962524800304,1.0,1,0,0.057662657669945605,0,0.06307896,0.12615794,0,LOW
55.0,60.53777588200744,16.206974986485786,2.0,2.0,11.35,47.65141862509498,1.0,0,0,0.06579892447477237,0,0.16002485,0.3200497,0,LOW
72.0,79.71462909264882,37.40179391445882,7.0,0.0,14.18,57.80173167278262,2.0,1,0,0.032068707511241024,1,0.98142713,0.037145734,0,LOW
61.0,107.77083262961855,13.343305630574337,7.0,1.0,40.17,19.33115276409444,4.0,1,0,0.05016839454419353,1,0.9937105,0.012578964,0,LOW
41.0,111.47886097037886,37.671226487740654,2.0,1.0,30.16,79.15980057676455,2.0,0,0,0.08975566425829201,0,0.48996842,0.97993684,1,MEDIUM
9.0,26.589744714681935,25.42257632215863,2.0,1.0,55.73,11.659686895947504,2.0,0,0,0.05989146667522094,0,0.0027917603,0.0055835247,0,LOW
53.0,86.57100785121769,63.48750589959946,1.0,0.0,30.45,21.505464020237618,3.0,0,0,0.1216497872779318,0,0.00852323,0.017046452,0,LOW
23.0,53.30161296957496,44.94892598871631,2.0,2.0,23.11,35.63888386466964,3.0,0,0,0.1314083639055726,0,0.06348817,0.12697637,0,LOW
42.0,120.8141914791056,36.07202276922491,3.0,1.0,31.59,22.47381119146492,5.0,0,0,0.11174404254400289,0,0.0104998555,0.02099973,0,LOW
61.0,79.57252863350637,28.389780622363105,5.0,0.0,81.96,29.050412849980543,3.0,1,0,0.06269038976827007,1,0.9994912,0.0010175705,0,LOW
18.0,134.4487602504854,28.555166186050226,1.0,0.0,14.39,55.92783525341851,4.0,0,0,0.0653624773609438,0,0.012550775,0.025101542,0,LOW
72.0,114.91132339328831,20.253447957600244,10.0,1.0,89.74,20.41317414104016,4.0,1,1,-0.0343181417616466,1,0.9995964,0.0008071661,0,MEDIUM
46.0,106.07100475564764,39.83290160520883,1.0,2.0,30.64,15.286417868578493,4.0,0,0,0.10674164551558113,0,0.025708584,0.051417172,0,LOW
72.0,49.094980336740505,58.36765274292405,8.0,2.0,62.9,-1.3607216828396176,3.0,1,1,-0.020531956082298963,1,0.9959111,0.008177757,0,MEDIUM
72.0,118.66614953095694,58.69145085999888,6.0,1.0,18.91,19.45244266852908,4.0,0,0,0.0585436033815534,0,0.007231288,0.01446259,0,LOW
60.0,94.06365179908816,30.77820020914057,12.0,0.0,81.18,23.257029672660032,4.0,1,1,-0.01134391296833881,1,0.99912363,0.0017527342,0,MEDIUM
36.0,130.08491238895476,36.05509565485865,0.0,2.0,40.04,32.991584895824936,5.0,0,0,0.10092518342665813,0,0.0032216008,0.0064432025,0,LOW
40.0,64.66589217293281,38.81483222902235,9.0,1.0,42.5,2.988278498829688,5.0,1,0,0.003884447205243391,1,0.9898436,0.020312786,0,LOW
9.0,74.10657414254712,37.47404196007385,1.0,1.0,50.63,21.53183961574416,3.0,0,0,0.10868878194124476,0,0.0034833946,0.0069667697,0,LOW
51.0,85.45442081536575,66.21835341698534,1.0,1.0,28.87,49.74615454458492,2.0,0,0,0.12784935349835486,0,0.044251565,0.08850312,0,LOW
43.0,69.03111544383236,50.78763260363504,6.0,0.0,0.0,24.461106610830896,3.0,1,0,0.050094812884684425,1,0.98532236,0.029355288,0,LOW
24.0,72.74181405372894,9.344173198446878,3.0,1.0,12.4,31.417304339376223,3.0,0,0,0.09656203360650178,0,0.08007071,0.16014141,0,LOW
45.0,41.81835187860744,43.5626381522308,7.0,0.0,54.88,-2.401268614505348,4.0,1,0,0.01693358609879181,1,0.99423295,0.011534095,0,LOW
38.0,46.65931314220993,22.92782684716788,0.0,0.0,39.01,33.70843744333274,1.0,0,0,0.10490495502712038,0,0.0074274093,0.014854789,0,LOW
52.0,98.78897385609407,41.1894556177528,2.0,1.0,46.49,48.93491156905738,2.0,0,0,0.11901484452072442,0,0.42838755,0.8567751,1,MEDIUM
60.0,96.51757804195428,62.57664950828489,2.0,1.0,30.7,77.05770440380944,2.0,0,0,0.09151183389412026,0,0.2905654,0.5811308,0,LOW
56.0,57.1627509008774,63.59873026634017,4.0,2.0,7.31,52.5911202549569,2.0,1,0,0.07061737742221474,1,0.9938997,0.012200594,0,LOW
72.0,64.82261010025923,68.77495597480461,1.0,0.0,11.26,41.21512338275195,1.0,0,0,0.06318054288425379,0,0.3192295,0.638459,1,MEDIUM
67.0,134.5224109986963,49.56211617875017,4.0,0.0,22.57,56.3523401081516,4.0,0,0,0.07369447312546895,0,0.14183238,0.28366476,0,LOW
39.0,66.09108349699498,59.24596128638931,1.0,0.0,42.2,22.110210447618737,2.0,0,0,0.10254549539007823,0,0.1599858,0.31997156,0,LOW
1.0,47.03806758318258,30.06332356162535,5.0,0.0,22.2,19.66783718532777,4.0,0,0,0.055880182060667805,0,0.023655059,0.047310114,0,LOW
1.0,41.31873468306317,3.630929263007296,3.0,1.0,21.47,2.697037069503125,4.0,0,0,0.019225665743374143,0,0.024275148,0.048550308,0,LOW
57.0,36.84041704683887,58.33774342742422,6.0,0.0,27.39,21.2338939476824,3.0,1,0,0.06656608962776606,1,0.986485,0.027029991,0,LOW
24.0,78.87348693548883,20.88346702425392,8.0,2.0,31.07,47.39160983444705,4.0,1,0,0.04343244500573207,1,0.9841629,0.031674147,0,LOW
59.0,54.97905502041127,42.0608079925475,6.0,1.0,32.96,44.55917759596558,2.0,1,0,0.08803360288829815,1,0.9699121,0.060175776,0,LOW
72.0,41.15468616850984,86.88577080228767,2.0,1.0,18.52,-13.615484083223151,2.0,1,0,0.034997379916806626,0,0.073349826,0.14669967,0,LOW
54.0,33.74358267078277,64.31040868043904,5.0,2.0,34.96,47.9369072629474,1.0,1,0,0.05841873080964466,1,0.9927066,0.014586806,0,LOW
42.0,76.92796612157,34.0901173226338,7.0,2.0,32.14,55.07175772454633,3.0,1,0,0.07891686101223927,1,0.9835835,0.03283298,0,LOW
7.0,88.35478664127959,0.0,2.0,0.0,48.61,29.43042880152367,3.0,0,0,0.046981042492730274,0,0.012359052,0.024718106,0,LOW
65.0,155.1489737941793,40.85369601371421,5.0,2.0,27.1,38.731153598119306,5.0,0,0,0.03912942766093541,0,0.04401866,0.08803731,0,LOW
38.0,68.23338849911417,34.27216300259651,8.0,1.0,48.25,40.75934638064638,4.0,1,0,0.07052657171061288,1,0.9979734,0.004053235,0,LOW
72.0,104.41184445786824,0.417905025478419,7.0,0.0,63.38,25.100941128641026,4.0,1,0,0.004861837499490318,1,0.99914396,0.0017120838,0,LOW
36.0,124.86637681488078,37.63068953117593,2.0,2.0,40.04,35.18261048101253,5.0,0,0,0.10870065090026093,0,0.031283785,0.06256759,0,LOW
15.0,59.92138075540424,40.122904086016845,1.0,0.0,0.0,2.3030383610035248,4.0,0,0,0.04391370880843082,0,0.004145909,0.008291841,0,LOW
23.0,49.492791457261895,18.466618681575607,4.0,2.0,0.0,15.65615953320038,3.0,0,0,0.04402472094155385,0,0.20478325,0.40956652,0,LOW
31.0,99.14864742422674,30.00330915403294,0.0,2.0,40.37,61.07486346495693,2.0,0,0,0.11660291523130134,0,0.0054850928,0.010970175,0,LOW
30.0,133.86087148489574,30.728616955788947,2.0,2.0,36.38,28.14117732475381,5.0,0,0,0.08664541868440107,0,0.04148889,0.08297777,0,LOW
11.0,32.48726070012148,19.991081762155385,5.0,1.0,21.98,17.482623923739315,3.0,0,0,0.07130892026456842,0,0.07563735,0.15127468,0,LOW
69.0,153.23093555362362,32.01350356498868,6.0,1.0,12.82,15.783125610510416,6.0,0,1,-0.002906193997891937,0,0.006426051,0.012852073,0,MEDIUM
36.0,59.6170842722112,13.163734919890327,1.0,2.0,41.86,43.68110558328884,1.0,0,0,0.08946093351015383,0,0.062538035,0.12507606,0,LOW
21.0,25.27372838289027,58.32700669854447,0.0,2.0,38.93,22.22374731365676,2.0,0,0,0.090027979260414,0,0.0099848285,0.019969642,0,LOW
72.0,26.400491403431563,46.78849275008744,3.0,0.0,63.22,28.9191215541774,1.0,1,0,0.03801796555511172,1,0.97825086,0.043498278,0,LOW
41.0,113.93733366644344,26.996565190913504,4.0,1.0,74.31,34.65937385979275,4.0,1,0,0.09528040889142353,1,0.99843985,0.0031203032,0,LOW
67.0,67.91427005788628,40.1525921372057,6.0,3.0,56.27,52.2943473987841,2.0,1,0,0.018716739501945967,1,0.99271303,0.014573932,0,LOW
21.0,152.86103187700346,18.77057779450096,2.0,2.0,66.85,16.374802582569686,7.0,0,1,-0.02091345770382147,0,0.008377101,0.01675421,0,MEDIUM
2.0,96.4209431172595,17.97120057178546,3.0,2.0,12.44,18.03600433824605,5.0,0,0,0.028185563524366075,0,0.016959572,0.033919156,0,LOW
18.0,45.8198113330668,32.82634525473291,8.0,3.0,70.01,18.970846864761302,3.0,1,1,-0.011474260803426173,1,0.8975709,0.20485818,0,MEDIUM
72.0,85.61556892124909,65.98100803765008,3.0,1.0,10.63,30.080533582753773,3.0,0,0,0.10367527917451608,0,0.11186462,0.22372925,0,LOW
46.0,138.22985949627864,5.243252651941639,1.0,1.0,8.51,79.50344795397235,3.0,0,0,0.03550397853912435,0,0.31493488,0.62986976,1,MEDIUM
32.0,78.89799708071978,32.51985518534976,8.0,0.0,14.09,14.589589943372845,5.0,1,0,0.015003733797089747,1,0.9689396,0.062120795,0,LOW
3.0,49.55813418919635,6.79591358813517,3.0,0.0,53.55,10.02699394778694,3.0,0,0,0.02571179172326321,0,0.0156067,0.031213403,0,LOW
54.0,96.17922850228696,69.68593271021281,6.0,1.0,27.72,18.499757139273825,5.0,0,0,0.06879399313484136,0,0.0627387,0.12547743,0,LOW
6.0,39.34703160182536,16.844389105153635,4.0,1.0,52.07,14.768001733437732,2.0,0,0,0.05067536783618565,0,0.02322848,0.046456933,0,LOW
67.0,112.12992360299064,61.999971943992456,2.0,1.0,12.33,70.57268998089212,3.0,0,0,0.09401474546025568,0,0.081067674,0.16213536,0,LOW
64.0,87.88409243745153,25.29036143785882,6.0,0.0,54.51,35.149987739593804,3.0,1,0,0.0766841786036761,1,0.9986008,0.002798438,0,LOW
72.0,47.7687717774287,56.3355943182943,5.0,0.0,46.48,26.01152615507518,2.0,1,0,0.06067147612689461,1,0.9899541,0.020091772,0,LOW
40.0,89.09918152707638,35.887144000175624,3.0,1.0,58.47,22.35284079928402,3.0,0,0,0.1166617545016187,1,0.95320606,0.093587875,0,LOW
3.0,51.33104472893513,36.16283951017447,3.0,0.0,51.31,25.4307909021069,3.0,0,0,0.08975066533296983,0,0.020160083,0.040320158,0,LOW
18.0,26.163262838483305,34.51685041021808,3.0,2.0,34.28,15.467777292810393,2.0,0,0,0.0758584660344116,0,0.0134326145,0.026865244,0,LOW
26.0,31.03507300329782,2.465458104541448,4.0,1.0,61.5,29.85682570475354,1.0,0,0,0.02735469402945867,0,0.26044,0.52088,0,LOW
53.0,135.02119856830623,34.786213271409046,3.0,0.0,39.75,10.349207245207673,5.0,0,0,0.06283521796328406,0,0.021009162,0.042018294,0,LOW
60.0,130.2064290144198,20.373380241916877,7.0,3.0,0.0,45.8102811008898,5.0,1,1,-0.021843014662032312,1,0.973267,0.053465962,0,MEDIUM
11.0,96.88998568096892,25.820736166729663,7.0,0.0,6.71,29.85045040120444,5.0,1,0,0.014800486239374688,1,0.53229004,0.9354199,1,MEDIUM
4.0,56.27143198283535,27.0433329365362,4.0,1.0,28.74,10.78493598084123,3.0,0,0,0.07122105490654368,0,0.061125968,0.12225193,0,LOW
72.0,54.45496027163795,52.70859830098592,6.0,0.0,45.01,17.1964655194876,3.0,1,0,0.056919410151459515,1,0.98898774,0.022024512,0,LOW
28.0,101.40856338165364,42.33888685308175,1.0,0.0,44.76,21.72914270677155,5.0,0,0,0.10502882670682984,0,0.011070025,0.022140026,0,LOW
59.0,65.15239225832626,61.42005961421052,4.0,0.0,33.54,-12.293785020151429,5.0,0,0,0.04110287273853608,0,0.3380287,0.6760574,1,MEDIUM
14.0,34.75321384835003,16.5084178463726,1.0,2.0,72.12,26.799488341889564,2.0,0,0,0.06407279416925793,0,0.0051487815,0.010297537,0,LOW
57.0,72.16111278362901,70.13798483000117,1.0,3.0,37.76,58.737246140379085,2.0,0,0,0.0576128312016696,0,0.060093373,0.120186746,0,LOW
70.0,116.43033313526443,47.514953318905086,3.0,0.0,35.53,-1.5595906588631294,4.0,1,0,0.04784698554507938,0,0.01073736,0.021474719,0,LOW
2.0,35.05348098483229,39.50143082994758,7.0,0.0,11.01,18.213787616144707,4.0,0,0,0.013375672342776479,0,0.053507872,0.10701573,0,LOW
38.0,76.9729119330552,24.320496095589156,2.0,2.0,9.43,45.175471996398514,2.0,1,0,0.09821697320465639,0,0.3041551,0.6083102,1,MEDIUM
52.0,91.50802253987754,54.294930726056606,3.0,2.0,36.58,38.301663206354846,3.0,0,0,0.12663362757741103,0,0.31104407,0.62208813,1,MEDIUM
13.0,110.92000609597456,45.30806003733965,1.0,0.0,47.43,51.48321627575545,4.0,0,0,0.09570349799542105,0,0.010717888,0.021435797,0,LOW
39.0,54.45190236280364,49.165954758974586,1.0,3.0,30.34,41.98102260777068,2.0,0,0,0.07953750909393847,0,0.17837186,0.3567437,0,LOW
68.0,133.24799985695526,27.272868686516308,6.0,2.0,90.74,35.98951674394708,4.0,1,0,0.016636192555216422,1,0.9990803,0.0018393993,0,LOW
72.0,66.90717695361606,71.06705984766253,1.0,2.0,22.96,41.8984127743653,2.0,0,0,0.10452889025410622,0,0.050393246,0.10078651,0,LOW
45.0,94.4309243927183,57.33231670675092,3.0,3.0,39.59,17.921542771480233,4.0,0,0,0.06435809830338568,0,0.03136636,0.0627327,0,LOW
11.0,79.55934747506967,17.97331120419568,3.0,2.0,5.21,29.6714303036924,4.0,0,0,0.06758029583189507,0,0.013329073,0.026658118,0,LOW
72.0,83.20356166251293,51.53586448580959,5.0,1.0,31.16,8.028319702200141,3.0,0,0,0.07571715711962473,0,0.47629085,0.9525817,1,MEDIUM
48.0,125.50646680843504,34.35837529374928,0.0,0.0,28.59,39.74174767447335,4.0,0,0,0.11495273974208414,0,0.008257579,0.016515136,0,LOW
17.0,75.72518591342704,24.298652009911773,2.0,2.0,42.85,35.861084301112584,3.0,0,0,0.11330493062066771,0,0.22745605,0.45491207,0,LOW
71.0,34.317158214934075,64.01563868426122,3.0,3.0,32.07,27.447993343002224,1.0,1,0,0.019457731519414212,1,0.8197939,0.36041224,0,LOW
45.0,128.75608515238386,45.76521158389208,3.0,0.0,35.27,42.80091507044289,4.0,0,0,0.10591314223295312,0,0.036314636,0.07262927,0,LOW
1.0,27.64264961503089,18.350261002087738,4.0,1.0,50.51,-15.076843605013948,4.0,0,0,0.01914212523449277,0,0.06848783,0.13697565,0,LOW
21.0,80.00584834076753,28.045334785480865,5.0,2.0,0.0,27.76472387497625,4.0,0,0,0.054821830685467754,1,0.5798985,0.84020305,1,MEDIUM
24.0,81.27380691711379,32.136369078576095,2.0,0.0,51.45,52.17740134548546,2.0,0,0,0.0984102012397155,0,0.05657395,0.113147914,0,LOW
72.0,45.07403791699516,72.46607933963783,3.0,2.0,26.05,-0.9700042786675418,2.0,0,0,0.027421151331737725,1,0.61223394,0.7755321,1,MEDIUM
72.0,104.90483858970236,42.79557194554836,3.0,0.0,21.78,11.893304222574166,4.0,0,0,0.08057439562038515,0,0.07195233,0.14390469,0,LOW
1.0,25.194809743155705,20.21793447019963,3.0,1.0,61.54,-13.536962495999385,3.0,0,0,0.01781741906470624,0,0.014990719,0.029981434,0,LOW
1.0,55.76811982579771,13.62696471003289,4.0,1.0,59.65,16.994223432340853,3.0,0,0,0.04842303566768835,0,0.04617533,0.09235066,0,LOW
39.0,118.40618646050054,12.06946028682948,7.0,2.0,2.49,22.899080630818844,5.0,1,1,-0.007069287275975,1,0.94040173,0.119196534,0,MEDIUM
27.0,150.88066773555747,30.3167445853984,0.0,0.0,39.64,41.10309545224595,5.0,0,0,0.06924931535005957,0,0.00095891656,0.001917839,0,LOW
33.0,141.21064896313504,18.332115664956984,4.0,1.0,56.07,53.94024088119375,5.0,1,0,0.06298133680588319,1,0.947358,0.105283976,0,LOW
36.0,100.4401685083386,40.46056501961662,6.0,1.0,0.0,50.28057136285602,4.0,1,0,0.06976262250335497,1,0.9640016,0.07199681,0,LOW
54.0,98.68230636807176,46.95643580455271,5.0,3.0,24.76,4.939162601190754,5.0,0,0,0.026045251851651408,0,0.27406234,0.5481247,0,LOW
47.0,98.06065469927334,28.138504773376287,2.0,1.0,5.21,56.20074040087075,3.0,1,0,0.1150385007986447,1,0.85934484,0.28131032,0,LOW
11.0,43.55516819059245,34.38649417785395,2.0,1.0,37.63,30.568361683191903,3.0,0,0,0.12905593661204012,0,0.01432014,0.02864027,0,LOW
28.0,116.2661249147326,43.76639198163154,0.0,0.0,44.76,18.52319685960597,5.0,0,0,0.08580982943079057,0,0.0027411752,0.0054823756,0,LOW
23.0,54.33406237082829,42.77957930959647,2.0,2.0,23.11,29.86174039510208,3.0,0,0,0.12560311623965448,0,0.046131864,0.0922637,0,LOW
46.0,139.0846083255998,29.173908079871516,5.0,2.0,90.2,50.39217809745844,4.0,1,0,0.03808328109414205,1,0.99867815,0.0026437044,0,LOW
5.0,41.62350054768019,26.56630775210316,3.0,0.0,33.49,12.073299520150549,3.0,0,0,0.0802085817141856,0,0.012327999,0.024655998,0,LOW
50.0,105.56208255563752,28.37148021172344,6.0,1.0,64.25,20.096887819033128,4.0,1,0,0.08126153568788463,1,0.998536,0.0029280186,0,LOW
14.0,27.902984461551444,66.5284300864807,1.0,1.0,14.13,30.665712178964316,2.0,1,0,0.08541650125596972,0,0.09107466,0.18214929,0,LOW
53.0,90.27982666105186,18.73806231514616,9.0,0.0,64.3,38.51674110402568,4.0,1,0,0.02738925418747773,1,0.9996635,0.00067305565,0,LOW
8.0,36.97685000309986,13.668822195706618,1.0,0.0,70.91,10.88065516464492,2.0,0,0,0.028106290116097443,0,0.0020733934,0.0041468143,0,LOW
66.0,107.82251722677766,44.97309660945885,2.0,0.0,21.43,21.18188232899871,4.0,0,0,0.10883167410856387,0,0.053457472,0.10691494,0,LOW
69.0,108.52954293061372,23.294570334679054,5.0,0.0,82.72,23.184037044756035,4.0,1,0,0.03708884285676162,1,0.99954706,0.0009058714,0,LOW
72.0,121.72142843719492,18.02693138972161,11.0,0.0,67.23,2.469841544560282,6.0,1,1,-0.06638250249304767,1,0.9930316,0.013936758,0,MEDIUM
59.0,95.48507234094136,49.21817687541272,2.0,2.0,33.4,3.6197606412025287,3.0,0,0,0.08383779029711158,0,0.11932304,0.23864609,0,LOW
48.0,83.4046127925671,22.6949037855293,1.0,1.0,42.5,62.54561046197619,1.0,0,0,0.09785828307986999,0,0.24381404,0.4876281,0,LOW
38.0,26.354334708823323,59.56433933476744,4.0,1.0,22.75,17.593560889361115,2.0,1,0,0.08147448555588327,1,0.8540168,0.29196644,0,LOW
72.0,97.25771206765664,44.99594690500135,1.0,0.0,3.14,47.244985654012034,2.0,1,0,0.07214310554952663,0,0.41298237,0.82596475,1,MEDIUM
9.0,68.32332235577282,17.82019782537748,2.0,3.0,42.11,36.50598284066435,3.0,0,0,0.058131026099486505,0,0.045647245,0.09129447,0,LOW
72.0,40.79560109331684,61.031267929274456,3.0,1.0,43.93,16.44931971973433,1.0,1,0,0.05826645462471225,1,0.92757684,0.14484632,0,LOW
56.0,57.66058941125818,46.565045745961214,3.0,1.0,22.96,54.39953274619775,2.0,1,0,0.11773376285496495,1,0.96957886,0.060842276,0,LOW
72.0,33.373511572012,81.46619548621851,1.0,0.0,16.44,34.34839193923231,1.0,0,0,0.04894688840672101,1,0.50478613,0.99042773,1,MEDIUM
25.0,31.871055359690683,18.2525507110819,2.0,1.0,13.43,27.51156356133494,2.0,0,0,0.10378665870835019,0,0.0069135646,0.013827145,0,LOW
40.0,89.47913072938238,45.95626425100164,1.0,1.0,58.47,19.29549577208519,3.0,0,0,0.11665506529344494,1,0.63427895,0.7314421,1,MEDIUM
7.0,27.481588206873585,23.54304479200865,5.0,2.0,11.07,9.58620530405787,3.0,0,0,0.022664089469571436,0,0.007389547,0.014779091,0,LOW
72.0,86.76170054661779,63.79148047289719,2.0,1.0,0.0,79.09264309340033,1.0,0,0,0.03738771933759444,1,0.9589122,0.08217561,0,LOW
67.0,172.95490854037888,33.50663812443531,2.0,0.0,7.39,55.33345553711591,4.0,0,0,0.03040395321758682,0,0.028419873,0.056839764,0,LOW
14.0,47.44500395447373,13.323959466780352,4.0,0.0,14.23,8.481655365164489,3.0,0,0,0.0369859144843514,0,0.124769576,0.24953914,0,LOW
30.0,101.96146909507952,9.00475980016898,1.0,2.0,85.99,51.28617738346382,1.0,0,0,0.012023723975167044,0,0.4126101,0.8252202,1,MEDIUM
23.0,59.71643310412655,19.2303205539791,4.0,0.0,20.13,32.79468550441797,2.0,0,0,0.08719651874154549,0,0.36187273,0.72374547,1,MEDIUM
72.0,101.36777188425306,57.76724411013998,6.0,2.0,16.54,33.92377875418792,3.0,0,0,0.059890816363152466,0,0.11498157,0.22996312,0,LOW
19.0,174.96791861043098,27.82966412307412,0.0,2.0,45.23,33.572357452402755,6.0,0,0,0.026090675436705735,0,0.0004749165,0.0009498596,0,LOW
49.0,133.0715994347037,31.23035048496002,9.0,2.0,100.0,54.08975312235838,5.0,1,1,-0.029117212994771435,1,0.99903345,0.0019330978,0,MEDIUM
43.0,86.07379109327849,49.064261988113,1.0,1.0,26.27,-4.25265176124895,4.0,0,0,0.08957355958905949,0,0.14335579,0.28671157,0,LOW
16.0,34.86484180829363,45.601353442781296,2.0,0.0,49.49,25.583931550272247,2.0,0,0,0.08603893715708327,0,0.036065713,0.072131395,0,LOW
13.0,79.24213994455515,54.75218352735745,2.0,1.0,51.04,43.63135348906819,3.0,0,0,0.11050702080885755,0,0.06147603,0.122952044,0,LOW
46.0,87.69529847104045,53.81409397063952,1.0,0.0,39.65,3.487761311579945,4.0,0,0,0.08705379475851532,0,0.052745245,0.105490506,0,LOW
42.0,104.99494376644458,54.90942507930674,0.0,1.0,33.88,22.119586920887816,4.0,0,0,0.13392658762961546,0,0.0022980112,0.004595995,0,LOW
42.0,42.13402899093785,29.32250466829614,3.0,0.0,9.86,35.648028672891456,1.0,0,0,0.07311580282080332,0,0.443147,0.886294,1,MEDIUM
66.0,115.16448413767448,41.94970100567753,1.0,2.0,84.25,0.2034482133334165,4.0,1,0,0.01240861955230066,1,0.99470323,0.0105935335,0,LOW
65.0,98.08421227215896,61.63486885729103,2.0,0.0,22.47,68.03441678361102,2.0,0,0,0.087564258742868,0,0.32379895,0.6475979,1,MEDIUM
66.0,111.17771907443912,29.756773374015257,4.0,2.0,48.83,-4.645689831820425,5.0,1,0,0.025958844653104607,1,0.88738835,0.2252233,0,LOW
32.0,105.53850719322016,42.88265318092181,0.0,2.0,55.49,22.68444839808066,4.0,0,0,0.10508950765436387,0,0.011332679,0.022665381,0,LOW
72.0,128.5006188555077,6.0914278844658325,3.0,1.0,72.9,20.76994459741399,4.0,1,0,0.027000329135650647,1,0.9960926,0.007814765,0,LOW
40.0,130.4011878265431,45.66239678817926,2.0,2.0,36.24,37.74071189216529,4.0,0,0,0.11588553404221064,0,0.015681142,0.031362295,0,LOW
1.0,33.887949110360694,6.433141898419622,5.0,0.0,100.0,19.88843686085165,3.0,0,1,-0.024641181019903535,0,0.032074213,0.064148426,0,MEDIUM
45.0,126.09662952162157,41.03056244019104,1.0,0.0,35.27,48.40838860707235,4.0,0,0,0.11754586336394685,0,0.016121674,0.03224337,0,LOW
16.0,112.60660359778473,23.05314744773388,1.0,0.0,56.06,26.919178824958813,4.0,0,0,0.08094227946136079,0,0.0590241,0.11804819,0,LOW
72.0,138.43488137938422,46.412788264735305,5.0,0.0,0.28,41.83596320211423,4.0,0,0,0.02987040174482436,0,0.08481049,0.16962099,0,LOW
70.0,40.48978858710322,54.13011172102389,5.0,2.0,45.98,17.517716626997615,2.0,1,0,0.056516503526249595,1,0.9871542,0.025691628,0,LOW
32.0,69.84636476129023,17.0238216928839,0.0,1.0,33.73,48.38677442471816,2.0,0,0,0.14067067590460014,0,0.005479337,0.010958672,0,LOW
72.0,61.39194166199816,63.79991463931486,0.0,2.0,31.74,38.74169291436885,1.0,1,0,0.07882668177551466,0,0.07032556,0.1406511,0,LOW
56.0,114.49145536255428,25.403103148554084,12.0,1.0,52.42,26.547382396460403,5.0,1,0,0.014494214244686554,1,0.9931631,0.013673782,0,LOW
22.0,131.47883467415653,27.141364780532907,1.0,1.0,64.67,8.40691513205183,6.0,0,0,0.02372786538462701,0,0.0077708527,0.015541732,0,LOW
61.0,130.3417011307099,17.516608282060357,3.0,3.0,80.3,29.412242832861992,4.0,1,0,0.002649093437748329,1,0.9982326,0.0035347939,0,LOW
17.0,72.82123095056326,12.408945410341552,0.0,0.0,35.56,31.756157374155748,3.0,0,0,0.10973518198359189,0,0.024775766,0.049551547,0,LOW
72.0,117.05166746072462,49.61281524474591,4.0,2.0,21.64,19.372435721440475,4.0,0,0,0.07804222794066179,0,0.02087173,0.041743457,0,LOW
23.0,59.77248893370168,17.3586349489965,5.0,0.0,0.0,21.05543727961915,3.0,0,0,0.0409565825759195,0,0.4837835,0.967567,1,MEDIUM
72.0,127.42352420056405,51.03107022601343,3.0,2.0,8.89,37.78199294445419,3.0,0,0,0.06530144474300004,0,0.042197406,0.08439481,0,LOW
72.0,104.21414847153817,32.86268428713512,3.0,2.0,22.88,71.14253937176474,1.0,1,0,0.035760133494384005,1,0.7683481,0.4633038,0,LOW
25.0,32.36995552238371,40.50602878650944,3.0,1.0,67.0,32.633762111660154,1.0,0,0,0.07193376682347408,0,0.18057552,0.36115104,0,LOW
72.0,124.724877843938,40.36573998585731,3.0,0.0,0.28,40.40947833995187,4.0,0,0,0.06031029952686573,0,0.17311369,0.3462274,0,LOW
23.0,67.63080112683406,4.795273955340568,1.0,1.0,37.58,24.06672634463828,2.0,0,0,0.08733251721938179,0,0.012836499,0.025672972,0,LOW
18.0,43.66727177499388,10.027621588768246,1.0,1.0,50.27,25.1548785092814,2.0,0,0,0.0959280968942593,0,0.009651881,0.01930374,0,LOW
9.0,55.9987260598249,36.4433123215823,2.0,1.0,40.92,17.126175949645763,3.0,0,0,0.1091786972418774,0,0.008831355,0.017662704,0,LOW
68.0,123.15932632480848,44.01477438242531,3.0,1.0,33.57,23.33929697204168,4.0,0,0,0.10862470903468313,0,0.011175301,0.02235061,0,LOW
9.0,33.80804906157572,31.547580125521232,3.0,1.0,55.73,15.873823284078917,2.0,0,0,0.06984439522010938,0,0.0057975003,0.011595011,0,LOW
40.0,97.39036223919088,44.59030082935546,0.0,0.0,29.47,19.376916000959863,4.0,0,0,0.12019043619079611,0,0.022223262,0.044446528,0,LOW
50.0,89.26916716726325,43.10277541530172,1.0,0.0,42.75,9.524539189040226,3.0,0,0,0.09638705158431665,0,0.28890067,0.57780135,0,LOW
49.0,130.85340994341243,5.116516385402582,7.0,1.0,17.74,29.01131210485894,5.0,1,0,0.021395251128212278,1,0.95528775,0.08942449,0,LOW
53.0,166.2810565022228,29.083920043891425,3.0,2.0,27.45,32.653161194411915,6.0,0,0,0.02688651700339295,0,0.004920822,0.009841621,0,LOW
41.0,146.45316334635638,19.411817430889425,3.0,1.0,47.42,34.836084497190114,4.0,1,0,0.0699683047940825,0,0.497763,0.995526,1,MEDIUM
41.0,100.56940947891108,8.713881054783258,6.0,0.0,27.85,43.25363055782577,4.0,1,0,0.06448653568346457,1,0.9972825,0.00543499,0,LOW
57.0,158.3897058238374,16.884482160065957,8.0,0.0,90.93,58.069259326707694,5.0,1,1,-0.051606157706847844,1,0.99811965,0.0037606955,0,MEDIUM
57.0,98.23580977831617,47.382875293078776,1.0,2.0,24.93,66.77854469657737,2.0,0,0,0.1027853963701319,0,0.30445406,0.6089081,1,MEDIUM
51.0,101.33813316653018,30.13192390142669,3.0,1.0,47.4,13.123828958439733,5.0,1,0,0.09693462878447434,1,0.6225132,0.75497365,1,MEDIUM
1.0,35.85216608034288,1.7545153711995758,8.0,2.0,47.79,-6.032041158626121,4.0,0,1,-0.06147094002230047,0,0.23421639,0.46843278,0,MEDIUM
36.0,89.95560137332207,30.85481199159909,1.0,1.0,46.15,11.806522588145668,4.0,1,0,0.11021661636472341,0,0.49671328,0.99342656,1,MEDIUM
32.0,102.91448339253893,38.42772799083992,2.0,1.0,40.46,21.26162191783869,4.0,0,0,0.12551152773484425,0,0.08377521,0.16755044,0,LOW
55.0,86.81533068404897,56.35075995668544,1.0,2.0,34.81,23.297307296215656,3.0,0,0,0.12410429558967229,0,0.045609113,0.09121823,0,LOW
1.0,68.4582498281235,25.861085877459907,2.0,1.0,49.37,16.272816950824414,4.0,0,0,0.0780260601084985,0,0.014107258,0.028214514,0,LOW
1.0,79.82247037004035,32.23503322877923,1.0,2.0,67.19,28.885897427163727,4.0,0,0,0.07050714411950593,0,0.0041598612,0.0083197355,0,LOW
67.0,128.04464596336905,46.25631471733468,3.0,1.0,15.91,30.505783862949468,4.0,0,0,0.09987052452780204,0,0.015862525,0.03172505,0,LOW
46.0,142.59730424244668,31.424484132191413,1.0,1.0,41.15,65.50373971325342,4.0,0,0,0.10459004997101501,0,0.04157823,0.08315647,0,LOW
45.0,139.61327318125,35.41054857836092,4.0,1.0,37.56,24.234881162839883,6.0,0,0,0.06735298953194435,0,0.007330779,0.0146615505,0,LOW
49.0,126.37279291673082,27.42370610370753,7.0,2.0,0.0,68.17698312891584,4.0,1,0,0.020823736817295546,1,0.9667618,0.066476345,0,LOW
42.0,102.4375177678873,52.73081283339725,0.0,2.0,38.37,41.29483152332846,3.0,0,0,0.135328192961304,0,0.0041013975,0.008202791,0,LOW
1.0,41.682259337850894,4.215704936419937,4.0,3.0,26.76,1.2710102631386953,3.0,0,1,-0.032589730661491734,0,0.14421704,0.2884341,0,MEDIUM
34.0,139.55356724608194,17.938088913141133,0.0,1.0,24.23,50.36137561019605,3.0,0,0,0.10174099978881468,0,0.029746922,0.05949384,0,LOW
57.0,162.2779452234658,29.238626698288435,2.0,2.0,22.65,49.27889213669174,5.0,0,0,0.04778631358882912,0,0.041599695,0.08319938,0,LOW
37.0,67.32137090073142,28.796481008941814,2.0,0.0,57.95,45.12090390122216,1.0,0,0,0.08513736480851686,1,0.6017447,0.7965106,1,MEDIUM
1.0,94.71707546969716,5.47524904595375,2.0,3.0,62.64,26.54385239001207,4.0,0,1,-0.006466990331976397,0,0.034500547,0.06900108,0,MEDIUM
58.0,101.15114478702635,33.76706735666151,5.0,2.0,95.32,30.808881424040777,4.0,1,0,0.05123911705224793,1,0.99907804,0.0018439293,0,LOW
55.0,133.7565777973744,51.50519481602668,1.0,2.0,24.11,62.98671383729265,3.0,0,0,0.0969057508025365,0,0.041124854,0.0822497,0,LOW
2.0,21.50776525990137,25.357217276727265,5.0,1.0,13.52,1.701571840632428,3.0,0,0,0.013952065844040518,0,0.045269165,0.09053832,0,LOW
24.0,82.96364346556493,30.18339905984996,7.0,2.0,30.02,55.17689049709912,3.0,1,0,0.06426485094708484,1,0.96842873,0.06314254,0,LOW
66.0,125.13301477476824,18.521580231436243,9.0,3.0,46.48,9.16522598599034,5.0,1,1,-0.051309290868918,1,0.95715773,0.08568454,0,MEDIUM
19.0,86.59165199240668,30.56959245719899,1.0,2.0,19.42,24.191313008731157,3.0,0,0,0.10762376527510742,0,0.013273331,0.026546657,0,LOW
31.0,88.40278497305543,57.52012691051785,1.0,1.0,42.84,-2.663716368079028,5.0,0,0,0.06521702179106426,0,0.010754509,0.021508992,0,LOW
52.0,58.35857606319839,53.39525956689295,4.0,2.0,19.53,42.23106655519717,2.0,1,0,0.09802181012639488,1,0.98072135,0.03855729,0,LOW
2.0,50.03500271278561,5.085478833130088,3.0,1.0,63.08,17.582845260065405,3.0,0,0,0.03755317636606592,0,0.010382678,0.020765364,0,LOW
1.0,41.03166119048473,16.474891902836017,4.0,1.0,61.54,-3.643759881961546,3.0,0,0,0.010155099167728387,0,0.17587283,0.35174567,0,LOW
72.0,28.862669031673327,74.3191978244905,4.0,2.0,54.57,11.237388438006723,1.0,1,0,0.006216040822046409,1,0.9834245,0.03315103,0,LOW
72.0,119.02496383324328,48.41777665414608,5.0,2.0,4.7,9.508445725121476,5.0,0,0,0.02126379710734827,0,0.030852783,0.06170559,0,LOW
28.0,64.23458200361534,4.653390435000106,4.0,0.0,81.54,41.26343916126004,1.0,0,0,0.01046230326678077,1,0.8572624,0.28547525,0,LOW
72.0,120.5065139454635,0.3369198033334508,6.0,0.0,63.38,31.754556310151884,4.0,1,0,0.005625333682975353,1,0.99823415,0.0035316944,0,LOW
72.0,101.92372690909308,27.544680459311515,4.0,1.0,77.44,10.134878248383528,4.0,1,0,0.05562681170975414,1,0.9961545,0.0076910257,0,LOW
7.0,40.773750260624894,8.610538993757453,6.0,1.0,48.02,15.422415040008136,3.0,0,0,0.03604823813303071,0,0.12862957,0.25725913,0,LOW
29.0,78.31512132551856,25.70025548358082,2.0,0.0,7.68,51.84934269342968,3.0,0,0,0.10542071434709815,1,0.6481088,0.70378244,1,MEDIUM
72.0,75.2168558404841,56.055663918802594,0.0,1.0,4.41,54.96979079209363,1.0,0,0,0.07002402874263164,0,0.43573806,0.8714761,1,MEDIUM
37.0,88.03481184859156,10.290084647344536,1.0,1.0,0.0,49.81128378835465,2.0,0,0,0.08527024162375313,0,0.07148801,0.14297605,0,LOW
47.0,163.95095176399695,39.75763703162939,0.0,0.0,21.94,58.052804882789005,5.0,0,0,0.047265799756555205,0,0.0029130937,0.005826175,0,LOW
33.0,101.47177506074136,18.95214262989764,8.0,3.0,36.87,34.748576705969136,4.0,1,0,0.011372530327667385,1,0.997422,0.00515604,0,LOW
55.0,94.20879818086932,24.286232175650987,1.0,2.0,15.24,56.82471502914273,1.0,0,0,0.07136128377160805,0,0.07066035,0.1413207,0,LOW
44.0,110.0632954831664,15.392670964229223,6.0,0.0,43.96,22.94382899135405,4.0,1,0,0.057085284715251094,1,0.9959786,0.008042812,0,LOW
64.0,76.38459976378017,56.00769016104746,3.0,2.0,25.55,21.525039390238422,3.0,1,0,0.11413471794087798,1,0.673019,0.653962,1,MEDIUM
52.0,104.53960860853148,32.788253812160455,8.0,0.0,0.0,40.55830693289984,4.0,1,0,0.022234357077614564,1,0.9785398,0.04292035,0,LOW
56.0,104.1495565991628,24.9757332078248,10.0,1.0,52.42,25.92417933928982,5.0,1,0,0.015955829285992817,1,0.9948272,0.010345578,0,LOW
45.0,88.95574744551901,16.329565183920376,3.0,0.0,27.88,14.53305698712817,4.0,1,0,0.08412626018745584,1,0.9461525,0.10769498,0,LOW
19.0,36.43886718549717,15.242688814440552,1.0,1.0,30.93,-1.6642211637276851,2.0,0,0,0.05279136103228799,0,0.0047036153,0.009407222,0,LOW
57.0,103.01679662511631,55.84403711803086,1.0,2.0,24.93,67.4883336658742,2.0,0,0,0.09730550141888022,0,0.15384585,0.3076917,0,LOW
69.0,37.67605062375192,74.09802879957812,7.0,2.0,56.9,4.069091095641955,2.0,1,1,-0.005999497053386094,1,0.9747276,0.050544858,0,MEDIUM
1.0,46.43511019502259,25.165354483952022,2.0,2.0,18.37,5.876649583098873,4.0,0,0,0.051794133544466825,0,0.005067316,0.010134637,0,LOW
12.0,30.44654028901192,29.925561168949937,3.0,2.0,16.76,12.125378950862103,3.0,0,0,0.06492656481847447,0,0.0072366954,0.014473379,0,LOW
1.0,59.6064966945933,16.26986268499823,6.0,0.0,40.34,-16.68418022312759,6.0,0,1,-0.03835814397344861,0,0.14869711,0.29739422,0,MEDIUM
29.0,130.28350215246385,31.48813629201985,0.0,1.0,0.0,45.918557067880485,4.0,0,0,0.08980113505808357,0,0.0077966577,0.01559329,0,LOW
58.0,146.96421334892275,30.36105426251079,3.0,0.0,95.35,39.00840472489994,5.0,1,0,8.883536209047804e-05,1,0.99355525,0.012889504,0,LOW
9.0,48.73285006724731,26.723277865916565,4.0,0.0,0.22,6.573977760178721,3.0,0,0,0.025466955163608862,0,0.008560714,0.017121434,0,LOW
11.0,51.209791985386296,31.02204945447413,1.0,2.0,4.2,13.922422169981516,3.0,0,0,0.06653200128863462,0,0.0015581532,0.0031163096,0,LOW
1.0,64.2732749785132,40.78893698473474,1.0,0.0,63.66,19.345486991252574,4.0,0,0,0.06803228688551699,0,0.005437013,0.010874033,0,LOW
66.0,106.43207452851274,51.12732606877927,1.0,2.0,40.37,48.30713808049076,3.0,0,0,0.11852380589977907,0,0.03687309,0.073746204,0,LOW
17.0,36.619548245780656,26.30062118723725,2.0,2.0,46.52,18.488999390316707,2.0,0,0,0.08310610718840045,0,0.019143295,0.038286567,0,LOW
69.0,41.02803062286109,70.23865631605939,9.0,2.0,56.9,8.232417573775319,2.0,1,1,-0.026035607217521628,1,0.9849076,0.030184746,0,MEDIUM
45.0,18.42893777299536,7.98297019745045,0.0,2.0,32.69,28.82471596584665,1.0,0,0,0.05239674469629807,0,0.045634754,0.09126949,0,LOW
4.0,137.07675774515366,19.58946545028937,0.0,1.0,61.77,46.69431045954951,5.0,0,0,0.05128304095311964,0,0.0020731161,0.0041462183,0,LOW
72.0,45.827212951627736,51.18564669051453,4.0,0.0,38.19,16.43233625762683,3.0,1,0,0.08151369999255126,1,0.95832056,0.083358884,0,LOW
44.0,56.1706113281121,50.88087341243899,7.0,2.0,37.07,47.716259885659454,2.0,1,0,0.061799694391816706,1,0.954601,0.09079802,0,LOW
39.0,98.47785622133966,16.34481733146162,1.0,0.0,7.97,43.76102253926952,2.0,0,0,0.08404610337779117,0,0.11464069,0.22928137,0,LOW
52.0,153.96530482105655,19.875529294121385,9.0,2.0,76.72,41.61383904746128,5.0,1,1,-0.026741512821904956,1,0.9840677,0.031864643,0,MEDIUM
65.0,91.94128449143084,53.8444758608804,2.0,0.0,21.99,32.35376284913451,3.0,0,0,0.11659941188835093,0,0.2675428,0.5350856,0,LOW
43.0,146.12381072003132,0.7478852360566713,7.0,1.0,6.93,34.342821431138894,5.0,1,1,-0.010980486480961837,1,0.7884196,0.4231608,0,MEDIUM
72.0,94.34313341763558,56.58935656536232,0.0,0.0,29.1,45.36625201762732,2.0,0,0,0.10213386419522136,0,0.037606563,0.075213134,0,LOW
72.0,56.631318047541725,71.3632074620461,3.0,0.0,17.49,-1.661136483825743,3.0,0,0,0.0441944844033767,0,0.2441292,0.48825836,0,LOW
21.0,86.84343563277618,23.957932091596067,1.0,0.0,32.99,25.099929732919687,3.0,0,0,0.10925428268108728,0,0.031297285,0.06259459,0,LOW
52.0,34.88905642799849,50.22944763623857,3.0,0.0,61.18,34.779984235239695,1.0,1,0,0.06075700218041774,1,0.9622895,0.075420976,0,LOW
2.0,32.41173884505311,27.606827723932152,7.0,1.0,30.2,18.21281385134713,3.0,0,0,0.04298153644346325,0,0.1526071,0.30521417,0,LOW
72.0,84.01002056973695,40.40383260058959,5.0,1.0,55.05,23.998101089511053,2.0,1,0,0.07188152688753535,1,0.99159896,0.016802073,0,LOW
28.0,38.197065472356535,27.09842777195408,3.0,0.0,0.0,16.371969613051238,2.0,0,0,0.05580194514947101,0,0.018482301,0.036964595,0,LOW
23.0,118.30475922379932,33.370143701802235,1.0,2.0,43.68,26.185118438447613,4.0,0,0,0.10480031761411018,0,0.019135918,0.038271844,0,LOW
51.0,99.36072791555137,39.02171536325513,3.0,1.0,47.4,10.24965121336531,5.0,1,0,0.09642723264582548,0,0.1100994,0.22019881,0,LOW
36.0,75.94863231925686,40.0337029999568,1.0,0.0,20.86,38.1054673560366,2.0,0,0,0.12386721396827632,0,0.08309053,0.16618109,0,LOW
50.0,94.8650674768661,21.21893259213198,11.0,2.0,60.72,39.726259415173104,4.0,1,0,0.02628775466250044,1,0.9994849,0.0010302067,0,LOW
8.0,24.9451329979562,21.196394060457266,7.0,0.0,3.37,12.81782342142193,3.0,0,1,-0.006596913172123964,0,0.01915734,0.0383147,0,MEDIUM
55.0,90.69775626990486,23.130017319436213,10.0,0.0,35.66,7.345381226281766,5.0,1,1,-0.010049831315742774,1,0.9869457,0.026108623,0,MEDIUM
45.0,50.25290361881733,75.37600109020065,1.0,1.0,0.0,79.48115449849308,1.0,1,0,0.03756996487730524,1,0.96479577,0.07040846,0,LOW
64.0,74.69180739639035,34.503892173656226,4.0,1.0,49.74,13.470598751190517,3.0,1,0,0.09323720648374906,1,0.98761,0.024780035,0,LOW
64.0,71.77607037207625,60.8740777878509,3.0,2.0,25.55,22.012733605404552,3.0,1,0,0.11324768439867627,0,0.2806578,0.5613156,0,LOW
72.0,44.46554501646507,67.94948079413761,1.0,1.0,43.93,14.132032697281652,1.0,1,0,0.06365851359844543,1,0.6058497,0.78830063,1,MEDIUM
12.0,40.58163522968204,22.81620414375917,2.0,1.0,47.08,12.460229527113365,2.0,0,0,0.07782135930957723,0,0.0110867685,0.022173524,0,LOW
1.0,48.809381136743696,31.78487833171826,4.0,0.0,47.89,-4.361925675508711,5.0,0,0,0.00759250446636206,0,0.06783659,0.13567317,0,LOW
31.0,78.61283995699046,15.290879595495648,1.0,0.0,30.2,40.46951539848936,2.0,0,0,0.10760482493415557,0,0.020036956,0.04007393,0,LOW
51.0,177.21094575221974,30.414991275565136,0.0,1.0,0.85,71.21773104927642,5.0,0,0,0.027070452928457334,0,0.012652178,0.025304377,0,LOW
34.0,81.94899248497782,37.02597354118017,2.0,2.0,44.11,51.22752905615828,2.0,0,0,0.11605811867440874,1,0.5736086,0.85278285,1,MEDIUM
15.0,61.85160626269943,30.736619516549364,2.0,1.0,16.21,12.028411321053332,3.0,0,0,0.09400619995640946,0,0.016998563,0.03399712,0,LOW
32.0,58.15875905497893,18.87131772398606,1.0,1.0,33.73,44.68866676257127,2.0,0,0,0.13848879081807564,0,0.019181412,0.0383628,0,LOW
29.0,134.94967439224266,21.65606842749681,2.0,2.0,20.21,58.861256622715175,4.0,0,0,0.07825422592442305,0,0.37063062,0.74126124,1,MEDIUM
23.0,50.37778485957101,26.93348682290773,1.0,1.0,39.95,37.04607548353647,2.0,0,0,0.13645545671783987,0,0.013022047,0.02604407,0,LOW
55.0,123.47608371791269,51.90001216218558,1.0,1.0,21.55,54.34748559079554,2.0,0,0,0.10403180492862213,0,0.022804044,0.045608103,0,LOW
25.0,32.2340975764843,44.60335977413835,9.0,1.0,70.98,-1.8042795717950924,4.0,1,1,-0.025809212472032272,1,0.991059,0.01788199,0,MEDIUM
33.0,95.98778479474512,20.10926189370458,8.0,3.0,36.87,53.43436552980046,4.0,1,0,0.012338018502969228,1,0.99845207,0.0030958652,0,LOW
18.0,122.29320691569237,33.65767462452836,0.0,0.0,14.39,56.07539599874981,4.0,0,0,0.08342635870757198,0,0.0012950858,0.0025901794,0,LOW
36.0,86.02514463781262,29.153380825311515,2.0,1.0,46.15,11.868760214812548,4.0,1,0,0.10885818941213588,1,0.8740983,0.2518034,0,LOW
55.0,105.87430536537546,50.21076733986504,0.0,1.0,37.45,26.07401501246276,3.0,0,0,0.12867899626240453,0,0.0038009644,0.007601917,0,LOW
62.0,134.15431196058793,5.480665555809513,9.0,1.0,24.88,76.21514974639663,3.0,1,1,-0.024666335969068198,1,0.9873532,0.025293589,0,MEDIUM
20.0,42.680572246213536,22.26610912969205,2.0,1.0,90.59,19.43774822084436,1.0,0,0,0.024417735832668264,0,0.024357768,0.04871553,0,LOW
9.0,22.960803905789906,55.2120174779782,6.0,2.0,59.16,-16.00320351804862,4.0,1,1,-0.015311950929050577,0,0.37532774,0.7506555,1,HIGH
65.0,97.63658717000118,57.300001590038846,1.0,2.0,27.54,51.93411925763116,2.0,0,0,0.1034793069434764,0,0.058273904,0.11654782,0,LOW
45.0,42.40231465098064,74.82734941591976,8.0,2.0,82.6,-7.765585800697856,2.0,1,1,-0.05500723230605187,1,0.9925453,0.014909387,0,MEDIUM
72.0,31.412830293687406,70.04832100430349,2.0,0.0,22.65,41.847729609351816,1.0,0,0,0.06497317066163211,1,0.91515785,0.16968429,0,LOW
1.0,82.44624448147108,38.93983245944973,2.0,1.0,20.92,27.02207044033577,5.0,0,0,0.08026362397928216,0,0.001958574,0.0039171576,0,LOW
72.0,99.71820005078288,48.99600879712775,5.0,1.0,21.73,19.324850541484903,4.0,0,0,0.09017836450627781,0,0.11885418,0.23770833,0,LOW
22.0,53.998655059108046,20.279280561762487,2.0,0.0,57.42,28.817556328704168,2.0,0,0,0.08978265427420024,0,0.033621307,0.06724262,0,LOW
67.0,123.81946909933244,57.70002737788632,1.0,1.0,12.33,57.30047420849216,3.0,0,0,0.09462405377025151,0,0.012373805,0.02474761,0,LOW
33.0,78.39576647506453,0.0,2.0,1.0,54.93,55.66401002707916,1.0,0,0,0.05157731571159985,0,0.45387232,0.90774465,1,MEDIUM
